image_file,caption
"Close up of a white scented candle floating mid air surrounded by tiny flowers and leaves, blue sky background, product shot_9.png","Close up of a white scented candle floating mid air surrounded by tiny flowers and leaves, blue sky background, product shot"
"Close up of a blue perfume bottle with a black cap floating mid air with tiny flowers and leaves, blue sky background, product shot_2.png","Close up of a blue perfume bottle with a black cap floating mid air with tiny flowers and leaves, blue sky background, product shot"
"Close up of a pink perfume bottle with a black cap floating mid air surrounded by tiny flowers and leaves, blue sky background, product shot_4.png","Close up of a pink perfume bottle with a black cap floating mid air surrounded by tiny flowers and leaves, blue sky background, product shot"
"Close up of a blue perfume bottle with a black cap floating mid air with tiny flowers and leaves, blue sky background, product shot_3.png","Close up of a blue perfume bottle with a black cap floating mid air with tiny flowers and leaves, blue sky background, product shot"
"Close up of a white scented candle floating mid air surrounded by tiny flowers and leaves, blue sky background, product shot_12.png","Close up of a white scented candle floating mid air surrounded by tiny flowers and leaves, blue sky background, product shot"
"Close up of a pink perfume bottle with a black cap floating mid air surrounded by tiny flowers and leaves, blue sky background, product shot_7.png","Close up of a pink perfume bottle with a black cap floating mid air surrounded by tiny flowers and leaves, blue sky background, product shot"
"Close up of a white scented candle floating mid air surrounded by tiny flowers and leaves, blue sky background, product shot_10.png","Close up of a white scented candle floating mid air surrounded by tiny flowers and leaves, blue sky background, product shot"
"Close up of a blue perfume bottle with a black cap floating mid air with tiny flowers and leaves, blue sky background, product shot_1.png","Close up of a blue perfume bottle with a black cap floating mid air with tiny flowers and leaves, blue sky background, product shot"
"Close up of a pink perfume bottle with a black cap floating mid air surrounded by tiny flowers and leaves, blue sky background, product shot_5.png","Close up of a pink perfume bottle with a black cap floating mid air surrounded by tiny flowers and leaves, blue sky background, product shot"
"Close up of a red purse floating mid air, branches with leaves and tiny lavender flowers on the sides, aesthetically placed, blue sky background, product shot_8.png","Close up of a red purse floating mid air, branches with leaves and tiny lavender flowers on the sides, aesthetically placed, blue sky background, product shot"
"Close up of a white scented candle floating mid air surrounded by tiny flowers and leaves, blue sky background, product shot_11.png","Close up of a white scented candle floating mid air surrounded by tiny flowers and leaves, blue sky background, product shot"
"Close up of a pink perfume bottle with a black cap floating mid air surrounded by tiny flowers and leaves, blue sky background, product shot_6.png","Close up of a pink perfume bottle with a black cap floating mid air surrounded by tiny flowers and leaves, blue sky background, product shot"
