image_file,caption
"A glass bottle with black cap on patch of mossy rock, with river in the background, tiny white flowers, blue sky in background_1.png","A glass bottle with black cap on patch of mossy rock, with river in the background, tiny white flowers, blue sky in background"
"A yellow backpack on a patch of mossy rock, with river in the background, tiny white flowers, blue sky in background_6.png","A yellow backpack on a patch of mossy rock, with river in the background, tiny white flowers, blue sky in background"
"A black shampoo bottle on patch of mossy rock, with river in the background, tiny white flowers, blue sky in background_4.png","A black shampoo bottle on patch of mossy rock, with river in the background, tiny white flowers, blue sky in background"
"A red backpack on a patch of mossy rock, with river in the background, tiny white flowers_1.png","A red backpack on a patch of mossy rock, with river in the background, tiny white flowers"
"A black shampoo bottle on patch of mossy rock, with river in the background, tiny white flowers, blue sky in background_2.png","A black shampoo bottle on patch of mossy rock, with river in the background, tiny white flowers, blue sky in background"
"A black shampoo bottle on patch of mossy rock, with river in the background, tiny white flowers, blue sky in background_3.png","A black shampoo bottle on patch of mossy rock, with river in the background, tiny white flowers, blue sky in background"
"A glass bottle with black cap on patch of mossy rock, with river in the background, tiny white flowers, blue sky in background_2.png","A glass bottle with black cap on patch of mossy rock, with river in the background, tiny white flowers, blue sky in background"
"A yellow backpack on a patch of mossy rock, with river in the background, tiny white flowers, blue sky in background_5.png","A yellow backpack on a patch of mossy rock, with river in the background, tiny white flowers, blue sky in background"
"A yellow backpack on a patch of mossy rock, with river in the background, tiny white flowers, blue sky in background_1.png","A yellow backpack on a patch of mossy rock, with river in the background, tiny white flowers, blue sky in background"
