image_file,caption
A serum bottle in a hand on a beige background_2.png,A serum bottle in a hand on a beige background
A serum bottle in a hand on a beige background_3.png,A serum bottle in a hand on a beige background
"A serum bottle in a hand, on a white cloth background_2.png","A serum bottle in a hand, on a white cloth background"
"A serum bottle in a hand, on a brown cloth background_3.png","A serum bottle in a hand, on a brown cloth background"
A serum bottle in a hand on a black background_1.png,A serum bottle in a hand on a black background
"A serum bottle in a hand, on a brown cloth background_4.png","A serum bottle in a hand, on a brown cloth background"
"A serum bottle in a hand, on a brown cloth background_1.png","A serum bottle in a hand, on a brown cloth background"
A serum bottle in a hand on a beige background_1.png,A serum bottle in a hand on a beige background
"A serum bottle in a hand, on a white cloth background_3.png","A serum bottle in a hand, on a white cloth background"
"A serum bottle in a hand, on a brown cloth background_2.png","A serum bottle in a hand, on a brown cloth background"
"A serum bottle in a hand, on a white cloth background_1.png","A serum bottle in a hand, on a white cloth background"
