image_file,caption
"closeup, a yellow sunscreen tube on a well defined miniature swing in focus, hanging front top on a miniature beach with seas shell, small plant and blue ocean and sky in background_8.png","closeup, a yellow sunscreen tube on a well defined miniature swing in focus, hanging front top on a miniature beach with seas shell, small plant and blue ocean and sky in background"
"closeup, a red perfume bottle on a well defined miniature swing in focus, hanging front top on a miniature beach with seas shell, small plant and blue ocean and sky in background_3.png","closeup, a red perfume bottle on a well defined miniature swing in focus, hanging front top on a miniature beach with seas shell, small plant and blue ocean and sky in background"
"closeup, a yellow sunscreen tube on a well defined miniature swing in focus, hanging front top on a miniature beach with seas shell, small plant and blue ocean and sky in background_6.png","closeup, a yellow sunscreen tube on a well defined miniature swing in focus, hanging front top on a miniature beach with seas shell, small plant and blue ocean and sky in background"
"closeup, a black shampoo bottle on a well defined miniature swing in focus, hanging front top on a miniature beach with seas shell, small plant and blue ocean and sky in background_0.png","closeup, a black shampoo bottle on a well defined miniature swing in focus, hanging front top on a miniature beach with seas shell, small plant and blue ocean and sky in background"
"closeup, a black shampoo bottle on a well defined miniature swing in focus, hanging front top on a miniature beach with seas shell, small plant and blue ocean and sky in background_2.png","closeup, a black shampoo bottle on a well defined miniature swing in focus, hanging front top on a miniature beach with seas shell, small plant and blue ocean and sky in background"
"closeup, a red perfume bottle on a well defined miniature swing in focus, hanging front top on a miniature beach with seas shell, small plant and blue ocean and sky in background_4.png","closeup, a red perfume bottle on a well defined miniature swing in focus, hanging front top on a miniature beach with seas shell, small plant and blue ocean and sky in background"
"closeup, a yellow sunscreen tube on a well defined miniature swing in focus, hanging front top on a miniature beach with seas shell, small plant and blue ocean and sky in background_7.png","closeup, a yellow sunscreen tube on a well defined miniature swing in focus, hanging front top on a miniature beach with seas shell, small plant and blue ocean and sky in background"
"closeup, a black shampoo bottle on a well defined miniature swing in focus, hanging front top on a miniature beach with seas shell, small plant and blue ocean and sky in background_1.png","closeup, a black shampoo bottle on a well defined miniature swing in focus, hanging front top on a miniature beach with seas shell, small plant and blue ocean and sky in background"
"closeup, a red perfume bottle on a well defined miniature swing in focus, hanging front top on a miniature beach with seas shell, small plant and blue ocean and sky in background_5.png","closeup, a red perfume bottle on a well defined miniature swing in focus, hanging front top on a miniature beach with seas shell, small plant and blue ocean and sky in background"
