image_file,caption
"product photoshoot of stylish chair beside a half visible bed, brown padded wall in background, focus on product, 4k, minimal_0.png","product photoshoot of stylish chair beside a half visible bed, brown padded wall in background, focus on product, 4k, minimal"
"product photoshoot of stylish chair beside a half visible bed, brown padded wall in background, focus on product, 4k, minimal_1.png","product photoshoot of stylish chair beside a half visible bed, brown padded wall in background, focus on product, 4k, minimal"
"product photoshoot of stylish gaming chair beside a half visible white bed, brown padded wall in background, focus on product, 4k, minimal_2.png","product photoshoot of stylish gaming chair beside a half visible white bed, brown padded wall in background, focus on product, 4k, minimal"
"product photoshoot of stylish gaming chair beside a half visible white bed, brown padded wall in background, focus on product, 4k, minimal_3.png","product photoshoot of stylish gaming chair beside a half visible white bed, brown padded wall in background, focus on product, 4k, minimal"
"product photoshoot of stylish gaming chair beside a half visible white bed, brown padded wall in background, focus on product, 4k, minimal_4.png","product photoshoot of stylish gaming chair beside a half visible white bed, brown padded wall in background, focus on product, 4k, minimal"
"product photoshoot of stylish small sofa beside a half visible white bed, brown padded wall in background, focus on product, 4k, minimal_5.png","product photoshoot of stylish small sofa beside a half visible white bed, brown padded wall in background, focus on product, 4k, minimal"
"product photoshoot of stylish small sofa beside a half visible white bed, brown padded wall in background, focus on product, 4k, minimal_6.png","product photoshoot of stylish small sofa beside a half visible white bed, brown padded wall in background, focus on product, 4k, minimal"
"product photoshoot of stylish small sofa beside a half visible white bed, brown padded wall in background, focus on product, 4k, minimal_7.png","product photoshoot of stylish small sofa beside a half visible white bed, brown padded wall in background, focus on product, 4k, minimal"
"product photoshoot of stylish tiny table beside a half visible white bed, brown padded wall in background, focus on product, 4k, minimal_8.png","product photoshoot of stylish tiny table beside a half visible white bed, brown padded wall in background, focus on product, 4k, minimal"
