image_file,caption
"A product lying on a wooden table, black background, food photography_2.png","A product lying on a wooden table, black background, food photography"
"high angle view, A perfume bottle lying on a wooden table, black background, food photography_3.png","high angle view, A perfume bottle lying on a wooden table, black background, food photography"
"A basket of fries lying on a wooden table, black background, food photography_1.png","A basket of fries lying on a wooden table, black background, food photography"
"A brown serum bottle lying on a wooden table, black background, food photography_3.png","A brown serum bottle lying on a wooden table, black background, food photography"
"A basket of fries lying on a wooden table, black background, food photography_3.png","A basket of fries lying on a wooden table, black background, food photography"
"A blueberry shake glass lying on a wooden table, black background, food photography_1.png","A blueberry shake glass lying on a wooden table, black background, food photography"
"high angle view, A perfume bottle lying on a wooden table, black background, food photography_2.png","high angle view, A perfume bottle lying on a wooden table, black background, food photography"
"A brown serum bottle lying on a wooden table, black background, food photography_1.png","A brown serum bottle lying on a wooden table, black background, food photography"
"A blueberry shake glass lying on a wooden table, black background, food photography_2.png","A blueberry shake glass lying on a wooden table, black background, food photography"
"A product lying on a wooden table, black background, food photography_1.png","A product lying on a wooden table, black background, food photography"
"high angle view, A perfume bottle lying on a wooden table, black background, food photography_4.png","high angle view, A perfume bottle lying on a wooden table, black background, food photography"
"A product lying on a wooden table, black background, food photography_3.png","A product lying on a wooden table, black background, food photography"
"A basket of fries lying on a wooden table, black background, food photography_2.png","A basket of fries lying on a wooden table, black background, food photography"
"high angle view, A perfume bottle lying on a wooden table, black background, food photography_1.png","high angle view, A perfume bottle lying on a wooden table, black background, food photography"
"A brown serum bottle lying on a wooden table, black background, food photography_2.png","A brown serum bottle lying on a wooden table, black background, food photography"
