image_file,caption
"closeup of a black shampoo bottle next to a white roled towel on a black table in front of a white tiled wall, half wall covered by white curtain_0.png","closeup of a black shampoo bottle next to a white roled towel on a black table in front of a white tiled wall, half wall covered by white curtain"
"closeup of a brown serum bottle and a pot of plant on a white tray, next to a stack of think towels, white background_5.png","closeup of a brown serum bottle and a pot of plant on a white tray, next to a stack of think towels, white background"
"closeup of a brown serum bottle and a pot of plant on a white tray, next to a stack of think towels, white background_4.png","closeup of a brown serum bottle and a pot of plant on a white tray, next to a stack of think towels, white background"
"closeup of a yellow skincare tube and a pot of plant on a white tray, next to a stack of think towels, white background_10.png","closeup of a yellow skincare tube and a pot of plant on a white tray, next to a stack of think towels, white background"
"closeup of a blue lotion bottle and a pot of plant on a white tray, next to a stack of think towels, white background_3.png","closeup of a blue lotion bottle and a pot of plant on a white tray, next to a stack of think towels, white background"
"closeup of a brown shampoo bottle and a pot of plant on a white tray, next to a stack of think towels, white background_9.png","closeup of a brown shampoo bottle and a pot of plant on a white tray, next to a stack of think towels, white background"
"closeup of a black shampoo bottle next to a white roled towel on a black table in front of a white tiled wall, half wall covered by white curtain_1.png","closeup of a black shampoo bottle next to a white roled towel on a black table in front of a white tiled wall, half wall covered by white curtain"
"closeup of a yellow skincare tube and a pot of plant on a white tray, next to a stack of think towels, white background_12.png","closeup of a yellow skincare tube and a pot of plant on a white tray, next to a stack of think towels, white background"
"closeup of a blue lotion bottle and a pot of plant on a white tray, next to a stack of think towels, white background_2.png","closeup of a blue lotion bottle and a pot of plant on a white tray, next to a stack of think towels, white background"
"closeup of a brown shampoo bottle and a pot of plant on a white tray, next to a stack of think towels, white background_7.png","closeup of a brown shampoo bottle and a pot of plant on a white tray, next to a stack of think towels, white background"
"closeup of a brown serum bottle and a pot of plant on a white tray, next to a stack of think towels, white background_6.png","closeup of a brown serum bottle and a pot of plant on a white tray, next to a stack of think towels, white background"
"closeup of a yellow skincare tube and a pot of plant on a white tray, next to a stack of think towels, white background_11.png","closeup of a yellow skincare tube and a pot of plant on a white tray, next to a stack of think towels, white background"
"closeup of a brown shampoo bottle and a pot of plant on a white tray, next to a stack of think towels, white background_8.png","closeup of a brown shampoo bottle and a pot of plant on a white tray, next to a stack of think towels, white background"
