image_file,caption
aseem007_A_perfume_bottle_kept_in_the_middle_of_the_mountains_w_a3a1ddb4-990b-44b7-a9f7-b922440ab989.png,aseem007 A perfume bottle kept in the middle of the mountains w
"A wine bottle kept in the middle of the mountains with pebbles and stones, product shoot_7.png","A wine bottle kept in the middle of the mountains with pebbles and stones, product shoot"
"A wine bottle kept in the middle of the mountains with pebbles and stones, product shoot_6.png","A wine bottle kept in the middle of the mountains with pebbles and stones, product shoot"
"A coke can kept in the middle of the mountains with pebbles and stones, product shoot_4.png","A coke can kept in the middle of the mountains with pebbles and stones, product shoot"
"A coke can kept in the middle of the mountains with pebbles and stones, product shoot_1.png","A coke can kept in the middle of the mountains with pebbles and stones, product shoot"
"A coke can kept in the middle of the mountains with pebbles and stones, product shoot_3.png","A coke can kept in the middle of the mountains with pebbles and stones, product shoot"
"A coke can kept in the middle of the mountains with pebbles and stones, product shoot_2.png","A coke can kept in the middle of the mountains with pebbles and stones, product shoot"
"A serum bottle kept in the middle of the mountains with pebbles and stones, product shoot_4.png","A serum bottle kept in the middle of the mountains with pebbles and stones, product shoot"
"A wine bottle kept in the middle of the mountains with pebbles and stones, product shoot_8.png","A wine bottle kept in the middle of the mountains with pebbles and stones, product shoot"
"A perfume bottle kept in the middle of the mountains with pebbles and stones, product shoot_9.png","A perfume bottle kept in the middle of the mountains with pebbles and stones, product shoot"
"A serum bottle kept in the middle of the mountains with pebbles and stones, product shoot_2.png","A serum bottle kept in the middle of the mountains with pebbles and stones, product shoot"
"A perfume bottle kept in the middle of the mountains with pebbles and stones, product shoot_11.png","A perfume bottle kept in the middle of the mountains with pebbles and stones, product shoot"
"A perfume bottle kept in the middle of the mountains with pebbles and stones, product shoot_10.png","A perfume bottle kept in the middle of the mountains with pebbles and stones, product shoot"
