image_file,caption
pink perfume bottle standing on a white platform with blue curtains in background_4.png,pink perfume bottle standing on a white platform with blue curtains in background
pink perfume bottle standing on a white platform with blue curtains in background_1.png,pink perfume bottle standing on a white platform with blue curtains in background
water bottle standing on a white platform with blue curtains in background_1.png,water bottle standing on a white platform with blue curtains in background
water bottle standing on a white platform with blue curtains in background_4.png,water bottle standing on a white platform with blue curtains in background
pink perfume bottle standing on a white platform with blue curtains in background_3.png,pink perfume bottle standing on a white platform with blue curtains in background
blue coffee mug standing on a white platform with blue curtains in background_3.png,blue coffee mug standing on a white platform with blue curtains in background
blue coffee mug standing on a white platform with blue curtains in background_2.png,blue coffee mug standing on a white platform with blue curtains in background
pink perfume bottle standing on a white platform with blue curtains in background_2.png,pink perfume bottle standing on a white platform with blue curtains in background
water bottle standing on a white platform with blue curtains in background_3.png,water bottle standing on a white platform with blue curtains in background
blue coffee mug standing on a white platform with blue curtains in background_4.png,blue coffee mug standing on a white platform with blue curtains in background
water bottle standing on a white platform with blue curtains in background_2.png,water bottle standing on a white platform with blue curtains in background
blue coffee mug standing on a white platform with blue curtains in background_1.png,blue coffee mug standing on a white platform with blue curtains in background
