image_file,caption
"a black wine bottle standing on a circular glass platform on serene blue water, a glowing blue circle arch in background, blue purple gradient background, minimal_3.png","a black wine bottle standing on a circular glass platform on serene blue water, a glowing blue circle arch in background, blue purple gradient background, minimal"
"a black wine bottle standing on a circular glass platform on serene blue water, a glowing blue circle arch in background, blue purple gradient background, minimal_2.png","a black wine bottle standing on a circular glass platform on serene blue water, a glowing blue circle arch in background, blue purple gradient background, minimal"
"a black wine bottle standing on a circular glass platform on serene blue water, a glowing blue circle arch in background, blue purple gradient background, minimal_5.png","a black wine bottle standing on a circular glass platform on serene blue water, a glowing blue circle arch in background, blue purple gradient background, minimal"
"a black wine bottle standing on a circular glass platform on serene blue water, a glowing blue circle arch in background, blue purple gradient background, minimal_4.png","a black wine bottle standing on a circular glass platform on serene blue water, a glowing blue circle arch in background, blue purple gradient background, minimal"
"a orange energy drunk can standing on a circular glass platform on serene blue water, a bright glowing blue circle arch in background, blue purple gradient background, minimal_7.png","a orange energy drunk can standing on a circular glass platform on serene blue water, a bright glowing blue circle arch in background, blue purple gradient background, minimal"
"a orange energy drunk can standing on a circular glass platform on serene blue water, a bright glowing blue circle arch in background, blue purple gradient background, minimal_6.png","a orange energy drunk can standing on a circular glass platform on serene blue water, a bright glowing blue circle arch in background, blue purple gradient background, minimal"
"closeup, a serum bottle standing on a circular glass platform on serene blue water, a glowing blue circle arch in background, blue purple gradient background, minimal_9.png","closeup, a serum bottle standing on a circular glass platform on serene blue water, a glowing blue circle arch in background, blue purple gradient background, minimal"
"closeup, a solid blue perfume bottle standing on a circular glass platform on serene blue water, a glowing blue circle arch in background, blue purple gradient background, minimal_10.png","closeup, a solid blue perfume bottle standing on a circular glass platform on serene blue water, a glowing blue circle arch in background, blue purple gradient background, minimal"
"closeup, a solid blue perfume bottle standing on a circular glass platform on serene blue water, a glowing blue circle arch in background, blue purple gradient background, minimal_11.png","closeup, a solid blue perfume bottle standing on a circular glass platform on serene blue water, a glowing blue circle arch in background, blue purple gradient background, minimal"
"a black perfume bottle standing on a circular glass platform on serene blue water, a glowing blue circle arch in background, blue purple gradient background, minimal_1.png","a black perfume bottle standing on a circular glass platform on serene blue water, a glowing blue circle arch in background, blue purple gradient background, minimal"
"a black perfume bottle standing on a circular glass platform on serene blue water, a glowing blue circle arch in background, blue purple gradient background, minimal_0.png","a black perfume bottle standing on a circular glass platform on serene blue water, a glowing blue circle arch in background, blue purple gradient background, minimal"
"a orange energy drunk can standing on a circular glass platform on serene blue water, a bright glowing blue circle arch in background, blue purple gradient background, minimal_8.png","a orange energy drunk can standing on a circular glass platform on serene blue water, a bright glowing blue circle arch in background, blue purple gradient background, minimal"
