image_file,caption
"product photoshoot of gold and diamond bracelet on a green large banana leaf on brown smooth surface, minimal, close up shot_0.png","product photoshoot of gold and diamond bracelet on a green large banana leaf on brown smooth surface, minimal, close up shot"
"product photoshoot of gold and diamond bracelet on a green large banana leaf on brown smooth surface, minimal, close up shot_1.png","product photoshoot of gold and diamond bracelet on a green large banana leaf on brown smooth surface, minimal, close up shot"
"product photoshoot of gold and diamond bracelet on a green large banana leaf on brown smooth surface, minimal, close up shot_2.png","product photoshoot of gold and diamond bracelet on a green large banana leaf on brown smooth surface, minimal, close up shot"
"product photoshoot of gold and diamond neck jewellery on a green large banana leaf on brown smooth surface, minimal, close up shot_3.png","product photoshoot of gold and diamond neck jewellery on a green large banana leaf on brown smooth surface, minimal, close up shot"
"product photoshoot of gold and diamond necklace on a green large banana leaf on brown smooth surface, minimal, close up shot_4.png","product photoshoot of gold and diamond necklace on a green large banana leaf on brown smooth surface, minimal, close up shot"
"product photoshoot of gold and diamond necklace on a green large banana leaf on brown smooth surface, minimal, close up shot_5.png","product photoshoot of gold and diamond necklace on a green large banana leaf on brown smooth surface, minimal, close up shot"
"product photoshoot of gold and diamond necklace on a green large banana leaf on brown smooth surface, minimal, close up shot_6.png","product photoshoot of gold and diamond necklace on a green large banana leaf on brown smooth surface, minimal, close up shot"
"product photoshoot of jewellery on a green banana leaf on brown smooth surface, minimal, close up shot_7.png","product photoshoot of jewellery on a green banana leaf on brown smooth surface, minimal, close up shot"
"product photoshoot of jewellery on a green banana leaf on brown smooth surface, minimal, close up shot_8.png","product photoshoot of jewellery on a green banana leaf on brown smooth surface, minimal, close up shot"
