image_file,caption
"A blue wine bottle is standing in front of a white arch opening. The opening is filled with flowers inside, shaped with the arch_0.png","A blue wine bottle is standing in front of a white arch opening. The opening is filled with flowers inside, shaped with the arch"
"A wine bottle is standing in front of a white arch opening. The opening is filled with flowers inside, shaped with the arch_8.png","A wine bottle is standing in front of a white arch opening. The opening is filled with flowers inside, shaped with the arch"
A wine bottle is standing in front of a white arch opening. The opening is filled with roses inside_9.png,A wine bottle is standing in front of a white arch opening. The opening is filled with roses inside
"A blue wine bottle is standing in front of a white arch opening. The opening is filled with flowers inside, shaped with the arch_2.png","A blue wine bottle is standing in front of a white arch opening. The opening is filled with flowers inside, shaped with the arch"
A yellow purse is standing in front of a white arch opening. The opening is filled with flowers inside_11.png,A yellow purse is standing in front of a white arch opening. The opening is filled with flowers inside
"A square dark blue pefume bottle is standing in front of a white arch opening. The opening is filled with flowers inside, shaped with the arch_1.png","A square dark blue pefume bottle is standing in front of a white arch opening. The opening is filled with flowers inside, shaped with the arch"
A wine bottle is standing in front of a white arch opening. The opening is filled with flowers inside_6.png,A wine bottle is standing in front of a white arch opening. The opening is filled with flowers inside
A pink serum bottle in front of a pink arch filled with roses_4.png,A pink serum bottle in front of a pink arch filled with roses
A pink serum bottle in front of a pink arch filled with roses_5.png,A pink serum bottle in front of a pink arch filled with roses
A yellow purse is standing in front of a white arch opening. The opening is filled with flowers inside_10.png,A yellow purse is standing in front of a white arch opening. The opening is filled with flowers inside
"A wine bottle is standing in front of a white arch opening. The opening is filled with flowers inside, shaped with the arch_7.png","A wine bottle is standing in front of a white arch opening. The opening is filled with flowers inside, shaped with the arch"
"A square dark blue pefume bottle is standing in front of a white arch opening. The opening is filled with flowers inside, shaped with the arch_12.png","A square dark blue pefume bottle is standing in front of a white arch opening. The opening is filled with flowers inside, shaped with the arch"
"A square dark blue pefume bottle is standing in front of a white arch opening. The opening is filled with flowers inside, shaped with the arch_13.png","A square dark blue pefume bottle is standing in front of a white arch opening. The opening is filled with flowers inside, shaped with the arch"
A brown serum bottle in front of a pink arch filled with orchids_3.png,A brown serum bottle in front of a pink arch filled with orchids
"A blue wine bottle is standing in front of a white arch opening. The opening is filled with flowers inside, shaped with the arch_1.png","A blue wine bottle is standing in front of a white arch opening. The opening is filled with flowers inside, shaped with the arch"
