image_file,caption
"product photoshoot of a wine bottle on a rocky platform with ancient greek sculptures around it in an ancient setting, with studio setting_9.png","product photoshoot of a wine bottle on a rocky platform with ancient greek sculptures around it in an ancient setting, with studio setting"
"product photoshoot of a skincare tube on a rocky platform with ancient greek sculptures around it in an ancient setting, with studio setting_6.png","product photoshoot of a skincare tube on a rocky platform with ancient greek sculptures around it in an ancient setting, with studio setting"
"product photoshoot of a skincare tube on a rocky platform with ancient greek sculptures around it in an ancient setting, with studio setting_5.png","product photoshoot of a skincare tube on a rocky platform with ancient greek sculptures around it in an ancient setting, with studio setting"
"product photoshoot of a blue perfume bottle on a rocky platform with ancient greek sculptures around it in an ancient setting, with studio setting_1.png","product photoshoot of a blue perfume bottle on a rocky platform with ancient greek sculptures around it in an ancient setting, with studio setting"
"product photoshoot of a wine bottle on a rocky platform with ancient greek sculptures around it in an ancient setting, with studio setting_7.png","product photoshoot of a wine bottle on a rocky platform with ancient greek sculptures around it in an ancient setting, with studio setting"
"product photoshoot of a powder bottle on a rocky platform with ancient greek sculptures around it in an ancient setting, with studio setting_4.png","product photoshoot of a powder bottle on a rocky platform with ancient greek sculptures around it in an ancient setting, with studio setting"
"product photoshoot of a brown serum bottle on a rocky platform with ancient greek sculptures around it in an ancient setting, with studio setting_3.png","product photoshoot of a brown serum bottle on a rocky platform with ancient greek sculptures around it in an ancient setting, with studio setting"
"product photoshoot of a wine bottle on a rocky platform with ancient greek sculptures around it in an ancient setting, with studio setting_8.png","product photoshoot of a wine bottle on a rocky platform with ancient greek sculptures around it in an ancient setting, with studio setting"
"product photoshoot of a blue perfume bottle on a rocky platform with ancient greek sculptures around it in an ancient setting, with studio setting_2.png","product photoshoot of a blue perfume bottle on a rocky platform with ancient greek sculptures around it in an ancient setting, with studio setting"
"product photoshoot of a blue perfume bottle on a rocky platform with ancient greek sculptures around it in an ancient setting, with studio setting_0.png","product photoshoot of a blue perfume bottle on a rocky platform with ancient greek sculptures around it in an ancient setting, with studio setting"
