image_file,caption
"close up of a lemon juice bottle on a coaster on a white counter, next to two lemon slices, a yellow satin cloth in background, minimal_1.png","close up of a lemon juice bottle on a coaster on a white counter, next to two lemon slices, a yellow satin cloth in background, minimal"
"close up of a glass of orange juice on a coaster on a white counter, next to two orange slices, a green satin cloth in background, minimal_1.png","close up of a glass of orange juice on a coaster on a white counter, next to two orange slices, a green satin cloth in background, minimal"
"close up of a mango juice bottle on a coaster on a white counter, next to mango slices, a yellow satin cloth in background_1.png","close up of a mango juice bottle on a coaster on a white counter, next to mango slices, a yellow satin cloth in background"
"close up of a glass of mint mojito on a coaster on a white counter, next to some mint leaves, a green satin cloth in background, minimal_2.png","close up of a glass of mint mojito on a coaster on a white counter, next to some mint leaves, a green satin cloth in background, minimal"
"close up of a glass of mint mojito on a coaster on a white counter, next to some mint leaves, a green satin cloth in background, minimal_1.png","close up of a glass of mint mojito on a coaster on a white counter, next to some mint leaves, a green satin cloth in background, minimal"
"close up of a glass of mint mojito on a coaster on a white counter, next to some mint leaves, a green satin cloth in background, minimal_3.png","close up of a glass of mint mojito on a coaster on a white counter, next to some mint leaves, a green satin cloth in background, minimal"
"close up of a lemon juice bottle on a coaster on a white counter, next to two lemon slices, a yellow satin cloth in background, minimal_2.png","close up of a lemon juice bottle on a coaster on a white counter, next to two lemon slices, a yellow satin cloth in background, minimal"
"close up of a glass of lemon mojito on a coaster on a white counter, surrounded by mint leaves, a green satin cloth in background_1.png","close up of a glass of lemon mojito on a coaster on a white counter, surrounded by mint leaves, a green satin cloth in background"
"close up of a glass of lemon mojito on a coaster on a white counter, surrounded by mint leaves, a green satin cloth in background_2.png","close up of a glass of lemon mojito on a coaster on a white counter, surrounded by mint leaves, a green satin cloth in background"
"close up of a mango juice bottle on a coaster on a white counter, next to mango slices, a yellow satin cloth in background_2.png","close up of a mango juice bottle on a coaster on a white counter, next to mango slices, a yellow satin cloth in background"
"close up of a glass of orange juice on a coaster on a white counter, next to two orange slices, a green satin cloth in background, minimal_2.png","close up of a glass of orange juice on a coaster on a white counter, next to two orange slices, a green satin cloth in background, minimal"
