image_file,caption
"a brown serum bottle next to some ice cubes against a plain yellow background, product shoot_5.png","a brown serum bottle next to some ice cubes against a plain yellow background, product shoot"
"a beer bottle next to some ice cubes against a plain yellow background, product shoot_1.png","a beer bottle next to some ice cubes against a plain yellow background, product shoot"
"a brown serum bottle next to some ice cubes against a plain yellow background, product shoot_4.png","a brown serum bottle next to some ice cubes against a plain yellow background, product shoot"
"a coca cola can next to some ice cubes against a plain red background, product shoot_7.png","a coca cola can next to some ice cubes against a plain red background, product shoot"
"a coca cola can next to some ice cubes against a plain red background, product shoot_8.png","a coca cola can next to some ice cubes against a plain red background, product shoot"
"a blue facewash tube next to some ice cubes against a plain red background, product shoot_3.png","a blue facewash tube next to some ice cubes against a plain red background, product shoot"
"a beer bottle next to some ice cubes against a plain yellow background, product shoot_0.png","a beer bottle next to some ice cubes against a plain yellow background, product shoot"
"a brown serum bottle next to some ice cubes against a plain yellow background, product shoot_6.png","a brown serum bottle next to some ice cubes against a plain yellow background, product shoot"
"a yellow facewash tube next to some ice cubes against a plain blue background, product shoot_12.png","a yellow facewash tube next to some ice cubes against a plain blue background, product shoot"
"a steel water bottle next to some ice cubes against a plain blue background, product shoot_10.png","a steel water bottle next to some ice cubes against a plain blue background, product shoot"
"a yellow coke can next to some ice cubes against a plain blue background, product shoot_11.png","a yellow coke can next to some ice cubes against a plain blue background, product shoot"
"a steel water bottle next to some ice cubes against a plain blue background, product shoot_9.png","a steel water bottle next to some ice cubes against a plain blue background, product shoot"
"a blue facewash tube next to some ice cubes against a plain red background, product shoot_2.png","a blue facewash tube next to some ice cubes against a plain red background, product shoot"
