image_file,caption
"close up of a brown serum bottle with white label standing on a white surface, with brown ribbons in background_1.png","close up of a brown serum bottle with white label standing on a white surface, with brown ribbons in background"
"close up of a brown serum bottle with white label standing on a white surface, with brown ribbons in background_0.png","close up of a brown serum bottle with white label standing on a white surface, with brown ribbons in background"
"close up of a brown serum bottle with white label standing on a white surface, with brown ribbons in background_2.png","close up of a brown serum bottle with white label standing on a white surface, with brown ribbons in background"
"close up of a pink can standing on a white surface, with pink ribbons in background_4.png","close up of a pink can standing on a white surface, with pink ribbons in background"
"close up of a yellow purse standing on a beige surface, with yellow ribbons in background_9.png","close up of a yellow purse standing on a beige surface, with yellow ribbons in background"
close up of a wine bottle standing on a white background with purple ribbons behind it in background_5.png,close up of a wine bottle standing on a white background with purple ribbons behind it in background
"close up of a pink can standing on a white surface, with pink ribbons in background_3.png","close up of a pink can standing on a white surface, with pink ribbons in background"
"close up of a wine bottle standing on a white background, purple ribbons in background, with shadows_8.png","close up of a wine bottle standing on a white background, purple ribbons in background, with shadows"
close up of a wine bottle standing on a white background with purple ribbons behind it _6.png,close up of a wine bottle standing on a white background with purple ribbons behind it 
"close up of a yellow purse standing on a beige surface, with yellow ribbons in background_10.png","close up of a yellow purse standing on a beige surface, with yellow ribbons in background"
"close up, A wine bottle standing on a white surface, a single purple ribbon in background, white background with shadows_11.png","close up, A wine bottle standing on a white surface, a single purple ribbon in background, white background with shadows"
"close up, A wine bottle standing on a white surface, a single purple ribbon in background, white background with shadows_13.png","close up, A wine bottle standing on a white surface, a single purple ribbon in background, white background with shadows"
"close up of a wine bottle standing on a white background, purple ribbons in background, with shadows_7.png","close up of a wine bottle standing on a white background, purple ribbons in background, with shadows"
"close up, A wine bottle standing on a white surface, a single purple ribbon in background, white background with shadows_12.png","close up, A wine bottle standing on a white surface, a single purple ribbon in background, white background with shadows"
