image_file,caption
"closeup of a holi color packet placed on a empty road with holi colors, centrally placed_3.png","closeup of a holi color packet placed on a empty road with holi colors, centrally placed"
"closeup of a sunglass placed on a empty road with holi colors, centrally placed_8.png","closeup of a sunglass placed on a empty road with holi colors, centrally placed"
"closeup of a blue water bottle placed on a empty road with holi colors, centrally placed_1.png","closeup of a blue water bottle placed on a empty road with holi colors, centrally placed"
"closeup of a blue water bottle placed on a empty road with holi colors, centrally placed_2.png","closeup of a blue water bottle placed on a empty road with holi colors, centrally placed"
"closeup of a sunglass placed on a empty road with holi colors, centrally placed_7.png","closeup of a sunglass placed on a empty road with holi colors, centrally placed"
"closeup of a wine bottle placed on a empty road with holi colors, centrally placed_10.png","closeup of a wine bottle placed on a empty road with holi colors, centrally placed"
"closeup of a blue water bottle placed on a empty road with holi colors, centrally placed_0.png","closeup of a blue water bottle placed on a empty road with holi colors, centrally placed"
"closeup of a wine bottle placed on a empty road with holi colors, centrally placed_9.png","closeup of a wine bottle placed on a empty road with holi colors, centrally placed"
"closeup of a holi color packet placed on a empty road with holi colors, centrally placed_4.png","closeup of a holi color packet placed on a empty road with holi colors, centrally placed"
"closeup of a sunglass placed on a empty road with holi colors, centrally placed_6.png","closeup of a sunglass placed on a empty road with holi colors, centrally placed"
"closeup of a wine bottle placed on a empty road with holi colors, centrally placed_11.png","closeup of a wine bottle placed on a empty road with holi colors, centrally placed"
"closeup of a sunglass placed on a empty road with holi colors, centrally placed_5.png","closeup of a sunglass placed on a empty road with holi colors, centrally placed"
