image_file,caption
"closeup of a brown serum bottle on sand, a miniature beach chair, a miniature palm tree and blue sky in background_5.png","closeup of a brown serum bottle on sand, a miniature beach chair, a miniature palm tree and blue sky in background"
"closeup of a blue shampoo bottle on sand, a miniature beach chair, a miniature palm tree and blue sky in background_3.png","closeup of a blue shampoo bottle on sand, a miniature beach chair, a miniature palm tree and blue sky in background"
"closeup of a brown serum bottle on sand, a miniature beach chair, a miniature palm tree and blue sky in background_7.png","closeup of a brown serum bottle on sand, a miniature beach chair, a miniature palm tree and blue sky in background"
"closeup of a blue shampoo bottle on sand, a miniature beach chair, a miniature palm tree and blue sky in background_4.png","closeup of a blue shampoo bottle on sand, a miniature beach chair, a miniature palm tree and blue sky in background"
"closeup of a wine bottle on sand, a miniature beach chair, a miniature palm tree and blue sky in background_11.png","closeup of a wine bottle on sand, a miniature beach chair, a miniature palm tree and blue sky in background"
"closeup of a white skincare tube on sand, a miniature beach chair, a miniature palm tree and blue sky in background_9.png","closeup of a white skincare tube on sand, a miniature beach chair, a miniature palm tree and blue sky in background"
"closeup of a white skincare tube on sand, a miniature beach chair, a miniature palm tree and blue sky in background_10.png","closeup of a white skincare tube on sand, a miniature beach chair, a miniature palm tree and blue sky in background"
"closeup of a white skincare tube on sand, a miniature beach chair, a miniature palm tree and blue sky in background_8.png","closeup of a white skincare tube on sand, a miniature beach chair, a miniature palm tree and blue sky in background"
"closeup of a black backpack on sand, a miniature beach chair, a miniature palm tree and blue sky in background_1.png","closeup of a black backpack on sand, a miniature beach chair, a miniature palm tree and blue sky in background"
"A white skincare tube on a miniature beach, a beach chair, a palm tree and blue sky in background_0.png","A white skincare tube on a miniature beach, a beach chair, a palm tree and blue sky in background"
"closeup of a brown serum bottle on sand, a miniature beach chair, a miniature palm tree and blue sky in background_6.png","closeup of a brown serum bottle on sand, a miniature beach chair, a miniature palm tree and blue sky in background"
"closeup of a black backpack on sand, a miniature beach chair, a miniature palm tree and blue sky in background_2.png","closeup of a black backpack on sand, a miniature beach chair, a miniature palm tree and blue sky in background"
