image_file,caption
"wine bottle placed on water surface with white background and iridescent lighting and some pink flowers hanging out of frame from the top, defocussed in the background,_10.png","wine bottle placed on water surface with white background and iridescent lighting and some pink flowers hanging out of frame from the top, defocussed in the background,"
"brown serum bottle placed on water surface with white background and iridescent lighting and some pink flowers hanging out of frame from the top, defocussed in the background,_4.png","brown serum bottle placed on water surface with white background and iridescent lighting and some pink flowers hanging out of frame from the top, defocussed in the background,"
"wine bottle placed on water surface with black background and iridescent lighting and some pink flowers hanging out of frame from the top, defocussed in the background,_7.png","wine bottle placed on water surface with black background and iridescent lighting and some pink flowers hanging out of frame from the top, defocussed in the background,"
"brown serum bottle placed on water surface with white background and iridescent lighting and some pink flowers hanging out of frame from the top, defocussed in the background,_3.png","brown serum bottle placed on water surface with white background and iridescent lighting and some pink flowers hanging out of frame from the top, defocussed in the background,"
"wine bottle placed on water surface with black background and iridescent lighting and some pink flowers hanging out of frame from the top, defocussed in the background,_9.png","wine bottle placed on water surface with black background and iridescent lighting and some pink flowers hanging out of frame from the top, defocussed in the background,"
"wine bottle placed on water surface with black background and iridescent lighting and some pink flowers hanging out of frame from the top, defocussed in the background,_8.png","wine bottle placed on water surface with black background and iridescent lighting and some pink flowers hanging out of frame from the top, defocussed in the background,"
"blue perfume bottle placed on water surface with dark blue background and iridescent lighting and some pink flowers hanging out of frame from the top, defocussed in the background,_1.png","blue perfume bottle placed on water surface with dark blue background and iridescent lighting and some pink flowers hanging out of frame from the top, defocussed in the background,"
"blue perfume bottle placed on water surface with dark blue background and iridescent lighting and some pink flowers hanging out of frame from the top, defocussed in the background,_0.png","blue perfume bottle placed on water surface with dark blue background and iridescent lighting and some pink flowers hanging out of frame from the top, defocussed in the background,"
"brown serum bottle placed on water surface with white background and iridescent lighting and some pink flowers hanging out of frame from the top, defocussed in the background,_5.png","brown serum bottle placed on water surface with white background and iridescent lighting and some pink flowers hanging out of frame from the top, defocussed in the background,"
"brown serum bottle placed on water surface with white background and iridescent lighting and some pink flowers hanging out of frame from the top, defocussed in the background,_6.png","brown serum bottle placed on water surface with white background and iridescent lighting and some pink flowers hanging out of frame from the top, defocussed in the background,"
"wine bottle placed on water surface with white background and iridescent lighting and some pink flowers hanging out of frame from the top, defocussed in the background,_11.png","wine bottle placed on water surface with white background and iridescent lighting and some pink flowers hanging out of frame from the top, defocussed in the background,"
"blue perfume bottle placed on water surface with dark blue background and iridescent lighting and some pink flowers hanging out of frame from the top, defocussed in the background,_2.png","blue perfume bottle placed on water surface with dark blue background and iridescent lighting and some pink flowers hanging out of frame from the top, defocussed in the background,"
