image_file,caption
"A brown serum bottle standing on a white sphere, gradient pink background_7.png","A brown serum bottle standing on a white sphere, gradient pink background"
"A white bottle balancing on a transparent sphere, beige textured background_3.png","A white bottle balancing on a transparent sphere, beige textured background"
"A brown serum bottle standing on a transparent sphere, gradient pink background_2.png","A brown serum bottle standing on a transparent sphere, gradient pink background"
"A brown serum bottle standing on a black sphere, black textured background_1.png","A brown serum bottle standing on a black sphere, black textured background"
"A pink facewash tube standing on a white sphere, gradient light yellow background_5.png","A pink facewash tube standing on a white sphere, gradient light yellow background"
"A green bottle standing on a beige sphere, beige textured background_8.png","A green bottle standing on a beige sphere, beige textured background"
"A brown serum bottle standing on a white sphere, gradient pink background_6.png","A brown serum bottle standing on a white sphere, gradient pink background"
"A serum bottle balancing on a translucent sphere, white background_4.png","A serum bottle balancing on a translucent sphere, white background"
