image_file,caption
"product photoshoot of brown serum bottle, blue ink clean mixing in dark background, insane details, minimal_0.png","product photoshoot of brown serum bottle, blue ink clean mixing in dark background, insane details, minimal"
"product photoshoot of pink skincare tube, blue ink clean mixing in dark background, insane details, minimal_2.png","product photoshoot of pink skincare tube, blue ink clean mixing in dark background, insane details, minimal"
"product photoshoot of red bottle with plain cap, blue ink clean mixing in dark background, insane details, minimal_6.png","product photoshoot of red bottle with plain cap, blue ink clean mixing in dark background, insane details, minimal"
"product photoshoot of brown serum bottle, blue ink clean mixing in dark background, insane details, minimal_1.png","product photoshoot of brown serum bottle, blue ink clean mixing in dark background, insane details, minimal"
"product photoshoot of powder bottle with plain cap, blue ink clean mixing in dark background, insane details, minimal_4.png","product photoshoot of powder bottle with plain cap, blue ink clean mixing in dark background, insane details, minimal"
"product photoshoot of pink skincare tube, blue ink clean mixing in dark background, insane details, minimal_3.png","product photoshoot of pink skincare tube, blue ink clean mixing in dark background, insane details, minimal"
"product photoshoot of red bottle with plain cap, blue ink clean mixing in dark background, insane details, minimal_5.png","product photoshoot of red bottle with plain cap, blue ink clean mixing in dark background, insane details, minimal"
"product photoshoot of wine bottle, blue ink clean mixing in dark background, insane details, minimal_7.png","product photoshoot of wine bottle, blue ink clean mixing in dark background, insane details, minimal"
"product photoshoot of wine bottle, blue ink clean mixing in dark background, insane details, minimal_8.png","product photoshoot of wine bottle, blue ink clean mixing in dark background, insane details, minimal"
