image_file,caption
"A high angled shot of serum bottle standing on a white counter, surrounded by roses on both sides, gradient blue to dark black background_5.png","A high angled shot of serum bottle standing on a white counter, surrounded by roses on both sides, gradient blue to dark black background"
"A high angled shot of perfume bottle standing on a white counter, surrounded by roses on both sides, gradient blue to dark black background_10.png","A high angled shot of perfume bottle standing on a white counter, surrounded by roses on both sides, gradient blue to dark black background"
"A high angle shot of red perfume bottle standing on a white counter, surrounded by roses on both sides, gradient blue to dark black background_6.png","A high angle shot of red perfume bottle standing on a white counter, surrounded by roses on both sides, gradient blue to dark black background"
"A red perfume bottle standing on a white counter, surrounded by roses on both sides, gradient blue to dark black background_12.png","A red perfume bottle standing on a white counter, surrounded by roses on both sides, gradient blue to dark black background"
"A high angled shot of serum bottle standing on a white counter, surrounded by roses on both sides, gradient blue to dark black background_4.png","A high angled shot of serum bottle standing on a white counter, surrounded by roses on both sides, gradient blue to dark black background"
"A high angled shot of serum bottle standing on a white counter, surrounded by roses on both sides, gradient blue to dark black background_2.png","A high angled shot of serum bottle standing on a white counter, surrounded by roses on both sides, gradient blue to dark black background"
"A serum bottle standing on a white counter, surrounded by roses on both sides, gradient blue to dark black background_1.png","A serum bottle standing on a white counter, surrounded by roses on both sides, gradient blue to dark black background"
"A high angle shot of red perfume bottle standing on a white counter, surrounded by roses on both sides, gradient blue to dark black background_7.png","A high angle shot of red perfume bottle standing on a white counter, surrounded by roses on both sides, gradient blue to dark black background"
"A high angle shot of red perfume bottle standing on a white counter, surrounded by roses on both sides, gradient blue to dark black background_8.png","A high angle shot of red perfume bottle standing on a white counter, surrounded by roses on both sides, gradient blue to dark black background"
"A high angled shot of serum bottle standing on a white counter, surrounded by roses on both sides, gradient blue to dark black background_3.png","A high angled shot of serum bottle standing on a white counter, surrounded by roses on both sides, gradient blue to dark black background"
"A high angled shot of perfume bottle standing on a white counter, surrounded by roses on both sides, gradient blue to dark black background_9.png","A high angled shot of perfume bottle standing on a white counter, surrounded by roses on both sides, gradient blue to dark black background"
"A high angled shot of perfume bottle standing on a white counter, surrounded by roses on both sides, gradient blue to dark black background_11.png","A high angled shot of perfume bottle standing on a white counter, surrounded by roses on both sides, gradient blue to dark black background"
