image_file,caption
"A rose gold perfume bottle standing in a dunes of desert, stuck in the sand_6.png","A rose gold perfume bottle standing in a dunes of desert, stuck in the sand"
"A wine bottle standing in a dunes of desert, stuck in the sand_11.png","A wine bottle standing in a dunes of desert, stuck in the sand"
"A golden perfume bottle standing in a dunes of desert, stuck in the sand_3.png","A golden perfume bottle standing in a dunes of desert, stuck in the sand"
"A rose gold perfume bottle standing in a dunes of desert, stuck in the sand_5.png","A rose gold perfume bottle standing in a dunes of desert, stuck in the sand"
"A blue water bottle standing in a dunes of desert, stuck in the sand_1.png","A blue water bottle standing in a dunes of desert, stuck in the sand"
"A stylish wrist watch standing in a dunes of desert, stuck in the sand_8.png","A stylish wrist watch standing in a dunes of desert, stuck in the sand"
"A wine bottle standing in a dunes of desert, stuck in the sand_12.png","A wine bottle standing in a dunes of desert, stuck in the sand"
"A stylish wrist watch standing in a dunes of desert, stuck in the sand_9.png","A stylish wrist watch standing in a dunes of desert, stuck in the sand"
"A wine bottle standing in a dunes of desert, stuck in the sand_10.png","A wine bottle standing in a dunes of desert, stuck in the sand"
"A golden perfume bottle standing in a dunes of desert, stuck in the sand_4.png","A golden perfume bottle standing in a dunes of desert, stuck in the sand"
"A stylish wrist watch standing in a dunes of desert, stuck in the sand_7.png","A stylish wrist watch standing in a dunes of desert, stuck in the sand"
"A blue water bottle standing in a dunes of desert, stuck in the sand_2.png","A blue water bottle standing in a dunes of desert, stuck in the sand"
"A blue water bottle standing in a dunes of desert, stuck in the sand_0.png","A blue water bottle standing in a dunes of desert, stuck in the sand"
"A wine bottle standing in a dunes of desert, stuck in the sand_13.png","A wine bottle standing in a dunes of desert, stuck in the sand"
