image_file,caption
"A pink bottle on a counter surronded by dreamy flowers, blue background_4.png","A pink bottle on a counter surronded by dreamy flowers, blue background"
"A serum bottle on a white counter surrounded by dreamy flowers, dark blue background_4.png","A serum bottle on a white counter surrounded by dreamy flowers, dark blue background"
"A serum bottle on a white counter surrounded by dreamy flowers, dark blue background_2.png","A serum bottle on a white counter surrounded by dreamy flowers, dark blue background"
"A green purse on a green counter surrounded by dreamy flowers, green background_1.png","A green purse on a green counter surrounded by dreamy flowers, green background"
"A yellow bottle on a counter surronded by dreamy flowers, blue background_1.png","A yellow bottle on a counter surronded by dreamy flowers, blue background"
"A pink bottle on a counter surronded by dreamy flowers, blue background_2.png","A pink bottle on a counter surronded by dreamy flowers, blue background"
"A pink bottle on a counter surronded by dreamy flowers, blue background_1.png","A pink bottle on a counter surronded by dreamy flowers, blue background"
"A serum bottle on a white counter surrounded by dreamy flowers, dark blue background_1.png","A serum bottle on a white counter surrounded by dreamy flowers, dark blue background"
"A green purse on a white counter surrounded by dreamy flowers, green background_3.png","A green purse on a white counter surrounded by dreamy flowers, green background"
"A green purse on a blue counter surrounded by dreamy flowers, blue background_2.png","A green purse on a blue counter surrounded by dreamy flowers, blue background"
"A yellow bottle on a counter surronded by dreamy flowers, blue background_2.png","A yellow bottle on a counter surronded by dreamy flowers, blue background"
"A serum bottle on a white counter surrounded by dreamy flowers, dark blue background_3.png","A serum bottle on a white counter surrounded by dreamy flowers, dark blue background"
"A pink bottle on a counter surronded by dreamy flowers, blue background_3.png","A pink bottle on a counter surronded by dreamy flowers, blue background"
