image_file,caption
"product photoshoot of a beanbag placed on a shiny floor, gray walls behind it, minimal_0.png","product photoshoot of a beanbag placed on a shiny floor, gray walls behind it, minimal"
"product photoshoot of a beanbag placed on a shiny floor, gray walls behind it, minimal_1.png","product photoshoot of a beanbag placed on a shiny floor, gray walls behind it, minimal"
"product photoshoot of a recliner placed on a shiny floor, gray walls behind it, minimal_2.png","product photoshoot of a recliner placed on a shiny floor, gray walls behind it, minimal"
"product photoshoot of a sofa placed on a shiny floor, gray walls behind it, minimal_3.png","product photoshoot of a sofa placed on a shiny floor, gray walls behind it, minimal"
"product photoshoot of a sofa placed on a shiny floor, gray walls behind it, minimal_4.png","product photoshoot of a sofa placed on a shiny floor, gray walls behind it, minimal"
"product photoshoot of a sofa placed on a shiny floor, gray walls behind it, minimal_5.png","product photoshoot of a sofa placed on a shiny floor, gray walls behind it, minimal"
"product photoshoot of a stylish chair placed on a shiny floor, gray walls behind it, minimal_6.png","product photoshoot of a stylish chair placed on a shiny floor, gray walls behind it, minimal"
"product photoshoot of a stylish chair placed on a shiny floor, gray walls behind it, minimal_7.png","product photoshoot of a stylish chair placed on a shiny floor, gray walls behind it, minimal"
"product photoshoot of a stylish chair placed on a shiny floor, gray walls behind it, minimal_8.png","product photoshoot of a stylish chair placed on a shiny floor, gray walls behind it, minimal"
"product photoshoot of a tiny table placed on a shiny floor, gray walls behind it, minimal_10.png","product photoshoot of a tiny table placed on a shiny floor, gray walls behind it, minimal"
"product photoshoot of a tiny table placed on a shiny floor, gray walls behind it, minimal_9.png","product photoshoot of a tiny table placed on a shiny floor, gray walls behind it, minimal"
