image_file,caption
"A brown colored serum bottle with golden cap in focus, product shoot, kept on white pedestal, the white platform is placed in the middle of the water, behind it is a portal door with aesthetic flowers_1.png","A brown colored serum bottle with golden cap in focus, product shoot, kept on white pedestal, the white platform is placed in the middle of the water, behind it is a portal door with aesthetic flowers"
"A brown colored serum bottle with golden cap in focus, product shoot, kept on white pedestal, the white platform is placed in the middle of the water, behind it is a portal door with aesthetic flowers_3.png","A brown colored serum bottle with golden cap in focus, product shoot, kept on white pedestal, the white platform is placed in the middle of the water, behind it is a portal door with aesthetic flowers"
"A brown colored serum bottle with golden cap in focus, product shoot, kept on white pedestal, the white platform is placed in the middle of the water, behind it is a portal door with aesthetic flowers_6.png","A brown colored serum bottle with golden cap in focus, product shoot, kept on white pedestal, the white platform is placed in the middle of the water, behind it is a portal door with aesthetic flowers"
"A brown colored serum bottle with golden cap in focus, product shoot, kept on white pedestal, the white platform is placed in the middle of the water, behind it is a portal door with aesthetic flowers_8.png","A brown colored serum bottle with golden cap in focus, product shoot, kept on white pedestal, the white platform is placed in the middle of the water, behind it is a portal door with aesthetic flowers"
"A brown colored serum bottle with golden cap in focus, kept on white pedestal, infront of an arch of  aesthetic flowers_4.png","A brown colored serum bottle with golden cap in focus, kept on white pedestal, infront of an arch of  aesthetic flowers"
"A brown colored serum bottle with golden cap in focus, product shoot, kept on white pedestal, the white platform is placed in the middle of the water, behind it is a portal door with aesthetic flowers_2.png","A brown colored serum bottle with golden cap in focus, product shoot, kept on white pedestal, the white platform is placed in the middle of the water, behind it is a portal door with aesthetic flowers"
"A brown colored serum bottle with golden cap in focus, product shoot, kept on white pedestal, the white platform is placed in the middle of the water, behind it is a portal door with aesthetic flowers_5.png","A brown colored serum bottle with golden cap in focus, product shoot, kept on white pedestal, the white platform is placed in the middle of the water, behind it is a portal door with aesthetic flowers"
"A brown colored shampoo bottle, product shoot, kept on white pedestal, the white platform is placed in the middle of the water, behind it is a portal door with aesthetic flowers_9.png","A brown colored shampoo bottle, product shoot, kept on white pedestal, the white platform is placed in the middle of the water, behind it is a portal door with aesthetic flowers"
"A brown colored serum bottle with golden cap in focus, product shoot, kept on white pedestal, the white platform is placed in the middle of the water, behind it is a portal door with aesthetic flowers_7.png","A brown colored serum bottle with golden cap in focus, product shoot, kept on white pedestal, the white platform is placed in the middle of the water, behind it is a portal door with aesthetic flowers"
