image_file,caption
A serum bottle lying on rose golden silk cloth with red rose petals_8.png,A serum bottle lying on rose golden silk cloth with red rose petals
"Closeup of A shampoo bottle lying on red silk cloth with white flower petals, product photography_12.png","Closeup of A shampoo bottle lying on red silk cloth with white flower petals, product photography"
A serum bottle lying on rose golden silk cloth with red rose petals_9.png,A serum bottle lying on rose golden silk cloth with red rose petals
"Closeup of A shampoo bottle lying on red silk cloth with white flower petals, product photography_10.png","Closeup of A shampoo bottle lying on red silk cloth with white flower petals, product photography"
"Closeup of A shampoo bottle lying on red silk cloth with white flower petals, product photography_11.png","Closeup of A shampoo bottle lying on red silk cloth with white flower petals, product photography"
A facewash tube placed on red satin cloth with red rose petals_4.png,A facewash tube placed on red satin cloth with red rose petals
"A designer wristwatch showcased on a gold satin cloth, with some flower petals, inviting look, product photography_1.png","A designer wristwatch showcased on a gold satin cloth, with some flower petals, inviting look, product photography"
"A designer wristwatch showcased on a gold satin cloth, with some flower petals, inviting look, product photography_0.png","A designer wristwatch showcased on a gold satin cloth, with some flower petals, inviting look, product photography"
A perfume bottle lying on yellow silk cloth with some white flower petals_5.png,A perfume bottle lying on yellow silk cloth with some white flower petals
A perfume bottle lying on yellow silk cloth with some white flower petals_6.png,A perfume bottle lying on yellow silk cloth with some white flower petals
A perfume bottle lying on yellow silk cloth with some white flower petals_7.png,A perfume bottle lying on yellow silk cloth with some white flower petals
"A facewash tube lying on yellow silk cloth with white flower petals, product photography_3.png","A facewash tube lying on yellow silk cloth with white flower petals, product photography"
"A facewash tube lying on yellow silk cloth with white flower petals, product photography_2.png","A facewash tube lying on yellow silk cloth with white flower petals, product photography"
