image_file,caption
close up of a brown shampoo bottle standing on a green valley in front of a dark blue sky with stars_3.png,close up of a brown shampoo bottle standing on a green valley in front of a dark blue sky with stars
close up of a brown shampoo bottle standing on a green valley in front of a dark blue sky with star_1.png,close up of a brown shampoo bottle standing on a green valley in front of a dark blue sky with star
close up of a brown shampoo bottle standing on a valley in front of a dark blue sky with stars_3.png,close up of a brown shampoo bottle standing on a valley in front of a dark blue sky with stars
close up of a brown shampoo bottle standing on a green valley in front of a dark blue sky with star_4.png,close up of a brown shampoo bottle standing on a green valley in front of a dark blue sky with star
close up of a brown shampoo bottle standing on a valley in front of a dark blue sky with stars_1.png,close up of a brown shampoo bottle standing on a valley in front of a dark blue sky with stars
close up of a brown shampoo bottle standing on a green valley in front of a dark blue sky with stars_2.png,close up of a brown shampoo bottle standing on a green valley in front of a dark blue sky with stars
close up of a brown shampoo bottle standing on a valley in front of a dark blue sky with stars_4.png,close up of a brown shampoo bottle standing on a valley in front of a dark blue sky with stars
aseem007_close_up_of_a_brown_shampoo_bottle_standing_on_a_val_ab3b41bf-3c74-42b4-92f7-05a40ecfd73c_3.png,aseem007
close up of a brown shampoo bottle standing on a valley in front of a dark blue sky with stars_2.png,close up of a brown shampoo bottle standing on a valley in front of a dark blue sky with stars
