image_file,caption
"a blue glass bottle on a surface of same tone surrounded by water droplets, fruits slices and lavenders in a beautiful pattern,; bird eye view; aesthetic_2.png","a blue glass bottle on a surface of same tone surrounded by water droplets, fruits slices and lavenders in a beautiful pattern,; bird eye view; aesthetic"
"a brown serum bottle bottle on a surface of same tone surrounded by water droplets, fruits slices and lavenders in a beautiful pattern,; bird eye view; aesthetic_3.png","a brown serum bottle bottle on a surface of same tone surrounded by water droplets, fruits slices and lavenders in a beautiful pattern,; bird eye view; aesthetic"
"a red wine bottle on a surface of same tone surrounded by water droplets, fruits slices and lavenders in a beautiful pattern,; bird eye view; aesthetic_8.png","a red wine bottle on a surface of same tone surrounded by water droplets, fruits slices and lavenders in a beautiful pattern,; bird eye view; aesthetic"
"a yellow face wash tube on a surface of same tone surrounded by water droplets, fruits slices and lavenders in a beautiful pattern,; bird eye view; aesthetic_12.png","a yellow face wash tube on a surface of same tone surrounded by water droplets, fruits slices and lavenders in a beautiful pattern,; bird eye view; aesthetic"
"a brown serum bottle bottle on a surface of same tone surrounded by water droplets, fruits slices and lavenders in a beautiful pattern,; bird eye view; aesthetic; zoom out view_5.png","a brown serum bottle bottle on a surface of same tone surrounded by water droplets, fruits slices and lavenders in a beautiful pattern,; bird eye view; aesthetic; zoom out view"
"a red wine bottle on a surface of same tone surrounded by water droplets, fruits slices and lavenders in a beautiful pattern,; bird eye view; aesthetic_7.png","a red wine bottle on a surface of same tone surrounded by water droplets, fruits slices and lavenders in a beautiful pattern,; bird eye view; aesthetic"
"a yellow face wash tube on a surface of same tone surrounded by water droplets, fruits slices and lavenders in a beautiful pattern,; bird eye view; aesthetic_10.png","a yellow face wash tube on a surface of same tone surrounded by water droplets, fruits slices and lavenders in a beautiful pattern,; bird eye view; aesthetic"
"a red wine bottle on a surface of same tone surrounded by water droplets, fruits slices and lavenders in a beautiful pattern,; bird eye view; aesthetic_9.png","a red wine bottle on a surface of same tone surrounded by water droplets, fruits slices and lavenders in a beautiful pattern,; bird eye view; aesthetic"
"a blue glass bottle on a surface of same tone surrounded by water droplets, fruits slices and lavenders in a beautiful pattern,; bird eye view; aesthetic_0.png","a blue glass bottle on a surface of same tone surrounded by water droplets, fruits slices and lavenders in a beautiful pattern,; bird eye view; aesthetic"
"a brown serum bottle bottle on a surface of same tone surrounded by water droplets, fruits slices and lavenders in a beautiful pattern,; bird eye view; aesthetic; zoom out view_4.png","a brown serum bottle bottle on a surface of same tone surrounded by water droplets, fruits slices and lavenders in a beautiful pattern,; bird eye view; aesthetic; zoom out view"
"a red wine bottle on a surface of same tone surrounded by water droplets, fruits slices and lavenders in a beautiful pattern,; bird eye view; aesthetic_6.png","a red wine bottle on a surface of same tone surrounded by water droplets, fruits slices and lavenders in a beautiful pattern,; bird eye view; aesthetic"
"a yellow face wash tube on a surface of same tone surrounded by water droplets, fruits slices and lavenders in a beautiful pattern,; bird eye view; aesthetic_11.png","a yellow face wash tube on a surface of same tone surrounded by water droplets, fruits slices and lavenders in a beautiful pattern,; bird eye view; aesthetic"
"a blue glass bottle on a surface of same tone surrounded by water droplets, fruits slices and lavenders in a beautiful pattern,; bird eye view; aesthetic_1.png","a blue glass bottle on a surface of same tone surrounded by water droplets, fruits slices and lavenders in a beautiful pattern,; bird eye view; aesthetic"
