image_file,caption
"A shampoo bottle standing on a stack of strawberries and strawberry slices, light orange background studio shot_8.png","A shampoo bottle standing on a stack of strawberries and strawberry slices, light orange background studio shot_8"
"A hand lotion bottle standing on a stack of strawberries and strawberry slices, light orange background studio shot_1.png","A hand lotion bottle standing on a stack of strawberries and strawberry slices, light orange background studio shot_1"
"A red serum bottle standing on a stack of strawberries and strawberry slices, light orange background studio shot_5.png","A red serum bottle standing on a stack of strawberries and strawberry slices, light orange background studio shot_5"
"A red perfume bottle standing on a stack of strawberries and strawberry slices, light orange background studio shot_4.png","A red perfume bottle standing on a stack of strawberries and strawberry slices, light orange background studio shot_4"
"A red bottle standing on a stack made out of strawberries and strawberry slices, light orange background studio shot_2.png","A red bottle standing on a stack made out of strawberries and strawberry slices, light orange background studio shot_2"
"A red serum bottle standing on a stack of strawberries and strawberry slices, light orange background studio shot_6.png","A red serum bottle standing on a stack of strawberries and strawberry slices, light orange background studio shot_6"
"A red perfume bottle standing on a stack of strawberries and strawberry slices, light orange background studio shot_3.png","A red perfume bottle standing on a stack of strawberries and strawberry slices, light orange background studio shot_3"
"A shampoo bottle standing on a stack of strawberries and strawberry slices, light orange background studio shot_7.png","A shampoo bottle standing on a stack of strawberries and strawberry slices, light orange background studio shot_7"