image_file,caption
"close up of a brown shampoo bottle standing on a grey surface in front of city during evening in background, sunset_2.png","close up of a brown shampoo bottle standing on a grey surface in front of city during evening in background, sunset"
"Macro product shot close up of a green bottle standing on a grey surface at height in front of clear city during post evening time. Crescent Moon is visible, slight purple hues in sky_2.png","Macro product shot close up of a green bottle standing on a grey surface at height in front of clear city during post evening time. Crescent Moon is visible, slight purple hues in sky"
"close up of a brown shampoo bottle standing on a grey surface in front of city during evening in background, sunset_6.png","close up of a brown shampoo bottle standing on a grey surface in front of city during evening in background, sunset"
"Macro product shot close up of a green bottle standing on a grey surface at height in front of clear city during post evening time. Crescent Moon is visible, slight purple hues in sky_1.png","Macro product shot close up of a green bottle standing on a grey surface at height in front of clear city during post evening time. Crescent Moon is visible, slight purple hues in sky"
"close up of a brown shampoo bottle standing on a grey surface in front of city during evening in background, sunset_1.png","close up of a brown shampoo bottle standing on a grey surface in front of city during evening in background, sunset"
"close up of a brown shampoo bottle standing on a grey surface in front of city during evening in background, sunset _3.png","close up of a brown shampoo bottle standing on a grey surface in front of city during evening in background, sunset "
"close up of a brown shampoo bottle standing on a grey surface in front of city during evening in background, sunset_4.png","close up of a brown shampoo bottle standing on a grey surface in front of city during evening in background, sunset"
