image_file,caption
"A blue bottle standing on a circular brown wooden platform, on black surface surrounded by large brown orchids, black background, black surface_3.png","A blue bottle standing on a circular brown wooden platform, on black surface surrounded by large brown orchids, black background, black surface"
"closeup, An red facewash tube standing on a wooden tray, next to two tiny leaves, minimal, white background , product photoshoot_8.png","closeup, An red facewash tube standing on a wooden tray, next to two tiny leaves, minimal, white background , product photoshoot"
"A black bottle standing on a circular brown wooden platform, surrounded by brown orchids, black background, black surface_0.png","A black bottle standing on a circular brown wooden platform, surrounded by brown orchids, black background, black surface"
"A black bottle standing on a wood platform on top of snow, white studio background_1.png","A black bottle standing on a wood platform on top of snow, white studio background"
"A wine bottle standing on a circular brown wooden platform, on black surface, next to few brown orchids, black background, black surface_11.png","A wine bottle standing on a circular brown wooden platform, on black surface, next to few brown orchids, black background, black surface"
"closeup, A brown serum bottle standing on a wooden tray, next to two tiny leaves, minimal, white background , product photoshoot_2.png","closeup, A brown serum bottle standing on a wooden tray, next to two tiny leaves, minimal, white background , product photoshoot"
"high angle shot, a brown perfume bottle standing on a wood platform, on green grass, white background, shadows on background_6.png","high angle shot, a brown perfume bottle standing on a wood platform, on green grass, white background, shadows on background"
A blue perfume bottle standing on a wooden platform in center of water body_1.png,A blue perfume bottle standing on a wooden platform in center of water body
"close up, A black coffee mug standing on a wooden platform in center of water body_5.png","close up, A black coffee mug standing on a wooden platform in center of water body"
"A wine bottle standing on a circular brown wooden platform, on black surface, next to few brown orchids, black background, black surface_12.png","A wine bottle standing on a circular brown wooden platform, on black surface, next to few brown orchids, black background, black surface"
"A brown serum bottle standing on a circular brown wooden platform, on black surface surrounded by large brown orchids, black background, black surface_7.png","A brown serum bottle standing on a circular brown wooden platform, on black surface surrounded by large brown orchids, black background, black surface"
"A brown serum bottle standing on a wood platform on top of snow, white studio background_6.png","A brown serum bottle standing on a wood platform on top of snow, white studio background"
"A brown serum bottle standing on a wood platform on top of snow, white studio background_4.png","A brown serum bottle standing on a wood platform on top of snow, white studio background"
"A black bottle standing on a circular brown wooden platform, surrounded by brown orchids, black background, black surface_1.png","A black bottle standing on a circular brown wooden platform, surrounded by brown orchids, black background, black surface"
"A brown serum bottle standing on a wooden shelf attached to a white wall, sleek, modern_4.png","A brown serum bottle standing on a wooden shelf attached to a white wall, sleek, modern"
"A brown serum bottle standing on a wooden shelf attached to a white wall, sleek, modern_5.png","A brown serum bottle standing on a wooden shelf attached to a white wall, sleek, modern"
"closeup, A white serum bottle on a wooden tray, next to two tiny leaves, minimal, white background_4.png","closeup, A white serum bottle on a wooden tray, next to two tiny leaves, minimal, white background"
"A blue bottle standing on a circular brown wooden platform, on black surface surrounded by large brown orchids, black background, black surface_4.png","A blue bottle standing on a circular brown wooden platform, on black surface surrounded by large brown orchids, black background, black surface"
"A black perfume bottle standing on a wooden shelf attached to a white wall, sleek, modern_1.png","A black perfume bottle standing on a wooden shelf attached to a white wall, sleek, modern"
"A white bottle standing on a circular brown wooden platform, on black surface surrounded by brown orchids, black background, black surface_8.png","A white bottle standing on a circular brown wooden platform, on black surface surrounded by brown orchids, black background, black surface"
"high angle shot, a brown perfume bottle standing on a wood platform, on green grass, white background, shadows on background_5.png","high angle shot, a brown perfume bottle standing on a wood platform, on green grass, white background, shadows on background"
A yellow purse standing on a wooden shelf attached to a white wall_8.png,A yellow purse standing on a wooden shelf attached to a white wall
"high angle shot, a brown perfume bottle standing on a wood platform, on green grass, white background, shadows on background_7.png","high angle shot, a brown perfume bottle standing on a wood platform, on green grass, white background, shadows on background"
"closeup, A big oil bottle standing on a wooden tray, next to two tiny leaves, minimal, white background , product photoshoot_1.png","closeup, A big oil bottle standing on a wooden tray, next to two tiny leaves, minimal, white background , product photoshoot"
A blue perfume bottle standing on a wooden platform in center of water body_2.png,A blue perfume bottle standing on a wooden platform in center of water body
"closeup, A big oil bottle standing on a wooden tray, next to two tiny leaves, minimal, white background , product photoshoot_0.png","closeup, A big oil bottle standing on a wooden tray, next to two tiny leaves, minimal, white background , product photoshoot"
A blue perfume bottle standing on a wooden platform in center of water body_0.png,A blue perfume bottle standing on a wooden platform in center of water body
"A brown serum bottle standing on a wood platform on top of snow, white studio background_5.png","A brown serum bottle standing on a wood platform on top of snow, white studio background"
"A brown serum bottle standing on a circular brown wooden platform, on black surface surrounded by large brown orchids, black background, black surface_6.png","A brown serum bottle standing on a circular brown wooden platform, on black surface surrounded by large brown orchids, black background, black surface"
"sunglasses standing on a wood platform on top of snow, white studio background_9.png","sunglasses standing on a wood platform on top of snow, white studio background"
A yellow perfume standing on a wooden shelf attached to a white wall_6.png,A yellow perfume standing on a wooden shelf attached to a white wall
"A black bottle standing on a wood platform on top of snow, white studio background_2.png","A black bottle standing on a wood platform on top of snow, white studio background"
"close up, A brown serum bottle standing on a wooden platform in center of water body_8.png","close up, A brown serum bottle standing on a wooden platform in center of water body"
brown serum bottle standing on a wood platform on top of grass white studio background_2.png,brown serum bottle standing on a wood platform on top of grass white studio background
"close up, A black coffee mug standing on a wooden platform in center of water body_3.png","close up, A black coffee mug standing on a wooden platform in center of water body"
"A black bottle standing on a circular brown wooden platform, surrounded by brown orchids, black background, black surface_2.png","A black bottle standing on a circular brown wooden platform, surrounded by brown orchids, black background, black surface"
"close up, A black coffee mug standing on a wooden platform in center of water body_4.png","close up, A black coffee mug standing on a wooden platform in center of water body"
"closeup, An red facewash tube standing on a wooden tray, next to two tiny leaves, minimal, white background , product photoshoot_9.png","closeup, An red facewash tube standing on a wooden tray, next to two tiny leaves, minimal, white background , product photoshoot"
A yellow purse standing on a wooden shelf attached to a white wall_7.png,A yellow purse standing on a wooden shelf attached to a white wall
"A black bottle standing on a wood platform on top of snow, white studio background_0.png","A black bottle standing on a wood platform on top of snow, white studio background"
"A white bottle standing on a circular brown wooden platform, on black surface surrounded by brown orchids, black background, black surface_9.png","A white bottle standing on a circular brown wooden platform, on black surface surrounded by brown orchids, black background, black surface"
"sunglasses standing on a wood platform on top of snow, white studio background_8.png","sunglasses standing on a wood platform on top of snow, white studio background"
"sunglasses standing on a wood platform on top of snow, white studio background_10.png","sunglasses standing on a wood platform on top of snow, white studio background"
"closeup, An oil bottle standing on a wooden tray, next to two tiny leaves, minimal, white background , product photoshoot_7.png","closeup, An oil bottle standing on a wooden tray, next to two tiny leaves, minimal, white background , product photoshoot"
"high angle shot, a brown perfume bottle standing on a wood platform, on green grass, white background, shadows on background_8.png","high angle shot, a brown perfume bottle standing on a wood platform, on green grass, white background, shadows on background"
"A black perfume bottle standing on a wooden shelf attached to a white wall, sleek, modern_0.png","A black perfume bottle standing on a wooden shelf attached to a white wall, sleek, modern"
brown serum bottle standing on a wood platform on top of grass white studio background_3.png,brown serum bottle standing on a wood platform on top of grass white studio background
"closeup, An oil bottle standing on a wooden tray, next to two tiny leaves, minimal, white background , product photoshoot_5.png","closeup, An oil bottle standing on a wooden tray, next to two tiny leaves, minimal, white background , product photoshoot"
"closeup, A brown serum bottle standing on a wooden tray, next to two tiny leaves, minimal, white background , product photoshoot_3.png","closeup, A brown serum bottle standing on a wooden tray, next to two tiny leaves, minimal, white background , product photoshoot"
"sunglasses standing on a wood platform on top of snow, white studio background_7.png","sunglasses standing on a wood platform on top of snow, white studio background"
"A black bottle standing on a wood platform on top of snow, white studio background_3.png","A black bottle standing on a wood platform on top of snow, white studio background"
"A black perfume bottle standing on a wooden shelf attached to a white wall, sleek, modern_2.png","A black perfume bottle standing on a wooden shelf attached to a white wall, sleek, modern"
"close up, A brown serum bottle standing on a wooden platform in center of water body_7.png","close up, A brown serum bottle standing on a wooden platform in center of water body"
brown serum bottle standing on a wood platform on top of grass white studio background_4.png,brown serum bottle standing on a wood platform on top of grass white studio background
"black bottle standing on a wood platform on top of grass white studio background, shadows on background_1.png","black bottle standing on a wood platform on top of grass white studio background, shadows on background"
"A white bottle standing on a circular brown wooden platform, on black surface surrounded by brown orchids, black background, black surface_10.png","A white bottle standing on a circular brown wooden platform, on black surface surrounded by brown orchids, black background, black surface"
"black bottle standing on a wood platform on top of grass white studio background, shadows on background_0.png","black bottle standing on a wood platform on top of grass white studio background, shadows on background"
"A brown serum bottle standing on a wooden shelf attached to a white wall, sleek, modern_3.png","A brown serum bottle standing on a wooden shelf attached to a white wall, sleek, modern"
"A brown serum bottle standing on a circular brown wooden platform, on black surface surrounded by large brown orchids, black background, black surface_5.png","A brown serum bottle standing on a circular brown wooden platform, on black surface surrounded by large brown orchids, black background, black surface"
"close up, A black coffee mug standing on a wooden platform in center of water body_6.png","close up, A black coffee mug standing on a wooden platform in center of water body"
"closeup, An oil bottle standing on a wooden tray, next to two tiny leaves, minimal, white background , product photoshoot_6.png","closeup, An oil bottle standing on a wooden tray, next to two tiny leaves, minimal, white background , product photoshoot"
