image_file,caption
top angle view of an orange juice bottle lying on top of bed of orange slices_4(1).png,top angle view of an orange juice bottle lying on top of bed of orange slices
top angle view of a red juice bottle lying on top of bed of strawberries_3.png,top angle view of a red juice bottle lying on top of bed of strawberries
top angle view of a red juice bottle lying on top of bed of strawberries_2.png,top angle view of a red juice bottle lying on top of bed of strawberries
top angle view of a transparent juice bottle lying on top of bed of lemon slices_2.png,top angle view of a transparent juice bottle lying on top of bed of lemon slices
top angle view of a transparent juice bottle lying on top of bed of lemon slices_4(1).png,top angle view of a transparent juice bottle lying on top of bed of lemon slices
top angle view of a red juice bottle lying on top of bed of strawberries_1(1).png,top angle view of a red juice bottle lying on top of bed of strawberries
top angle view of an orange juice bottle lying on top of bed of orange slices_4.png,top angle view of an orange juice bottle lying on top of bed of orange slices
top angle view of a red juice bottle lying on top of bed of strawberries_2(1).png,top angle view of a red juice bottle lying on top of bed of strawberries
top angle view of an orange juice bottle lying on top of bed of orange slices_2(1).png,top angle view of an orange juice bottle lying on top of bed of orange slices
top angle view of a transparent juice bottle lying on top of bed of lemon slices_4.png,top angle view of a transparent juice bottle lying on top of bed of lemon slices
top angle view of a transparent juice bottle lying on top of bed of lemon slices_2(1).png,top angle view of a transparent juice bottle lying on top of bed of lemon slices
top angle view of a transparent juice bottle lying on top of bed of lemon slices_5(1).png,top angle view of a transparent juice bottle lying on top of bed of lemon slices
top angle view of a yellow juice bottle lying on top of bed of berries_1.png,top angle view of a yellow juice bottle lying on top of bed of berries
top angle view of an orange juice bottle lying on top of bed of orange slices_2.png,top angle view of an orange juice bottle lying on top of bed of orange slices
top angle view of a red juice bottle lying on top of bed of strawberries_1.png,top angle view of a red juice bottle lying on top of bed of strawberries
top angle view of a orange juice bottle lying on top of bed of orange slices_1.png,top angle view of a orange juice bottle lying on top of bed of orange slices
top angle view of a red juice bottle lying on top of bed of strawberries_3(1).png,top angle view of a red juice bottle lying on top of bed of strawberries
top angle view of a transparent juice bottle lying on top of bed of lemon slices_5.png,top angle view of a transparent juice bottle lying on top of bed of lemon slices
