image_file,caption
A rugged duffel bag positioned on the ground at the airport_4.png,A rugged duffel bag positioned on the ground at the airport
"A durable travel water bottle positioned on a table at an airport terminal, infront of a glass, outside of which are airplanes_1.png","A durable travel water bottle positioned on a table at an airport terminal, infront of a glass, outside of which are airplanes"
"A durable travel water bottle positioned on a table at an airport terminal, infront of a glass, outside of which are airplanes_0.png","A durable travel water bottle positioned on a table at an airport terminal, infront of a glass, outside of which are airplanes"
A suitcase on the ground at the airport next to planes in evening sunlight_5.png,A suitcase on the ground at the airport next to planes in evening sunlight
A durable travel water bottle positioned on the ground at the airport_2.png,A durable travel water bottle positioned on the ground at the airport
A yellow suitcase on the ground at the airport next to planes on a well lit night_8.png,A yellow suitcase on the ground at the airport next to planes on a well lit night
"A suitcase placed at the airport terminal, with planes parked outside the window_7.png","A suitcase placed at the airport terminal, with planes parked outside the window"
"A suitcase placed at the airport terminal, with planes parked outside the window_6.png","A suitcase placed at the airport terminal, with planes parked outside the window"
A rugged duffel bag on the ground at the airport next to planes in evening sunlight_3.png,A rugged duffel bag on the ground at the airport next to planes in evening sunlight
A zoomed yellow suitcase placed centrally on the ground at the airport next to planes on a well lit night_9.png,A zoomed yellow suitcase placed centrally on the ground at the airport next to planes on a well lit night
