image_file,caption
"A green perfume bottle standing on a black rock with green aurora sky in background, 8k_9.png","A green perfume bottle standing on a black rock with green aurora sky in background, 8k"
"A black shampoo bottle standing on a black rock with green aurora sky in background, 8k_2.png","A black shampoo bottle standing on a black rock with green aurora sky in background, 8k"
"A brown serum bottle standing on a black rock with green aurora sky in background, 8k_6.png","A brown serum bottle standing on a black rock with green aurora sky in background, 8k"
"A black shampoo bottle standing on a black rock with green aurora sky in background, 8k_3.png","A black shampoo bottle standing on a black rock with green aurora sky in background, 8k"
"A brown serum bottle standing on a black rock with green aurora sky in background, 8k_4.png","A brown serum bottle standing on a black rock with green aurora sky in background, 8k"
"A violet water bottle standing on a black rock with green aurora sky in background, 8k_10.png","A violet water bottle standing on a black rock with green aurora sky in background, 8k"
"A violet water bottle standing on a black rock with green aurora sky in background, 8k_11.png","A violet water bottle standing on a black rock with green aurora sky in background, 8k"
"A green perfume bottle standing on a black rock with green aurora sky in background, 8k_7.png","A green perfume bottle standing on a black rock with green aurora sky in background, 8k"
"A green perfume bottle standing on a black rock with green aurora sky in background, 8k_8.png","A green perfume bottle standing on a black rock with green aurora sky in background, 8k"
"A black shampoo bottle standing on a black rock with green aurora sky in background, 8k_1.png","A black shampoo bottle standing on a black rock with green aurora sky in background, 8k"
"A black shampoo bottle standing on a black rock with green aurora sky in background, 8k_0.png","A black shampoo bottle standing on a black rock with green aurora sky in background, 8k"
"A brown serum bottle standing on a black rock with green aurora sky in background, 8k_5.png","A brown serum bottle standing on a black rock with green aurora sky in background, 8k"
