image_file,caption
"product photoshoot of a black deo bottle with plain cap on a wooden table with a stylishly peeled and diced mango on its side, brown background_0.png","product photoshoot of a black deo bottle with plain cap on a wooden table with a stylishly peeled and diced mango on its side, brown background"
"product photoshoot of a brown serum bottle on a wooden table with a stylishly peeled and diced mango on its side, brown background_1.png","product photoshoot of a brown serum bottle on a wooden table with a stylishly peeled and diced mango on its side, brown background"
"product photoshoot of a brown serum bottle on a wooden table with a stylishly peeled and diced mango on its side, brown background_2.png","product photoshoot of a brown serum bottle on a wooden table with a stylishly peeled and diced mango on its side, brown background"
"product photoshoot of a deo bottle with plain cap on a wooden table with a stylishly peeled and diced mango on its side, brown background_3.png","product photoshoot of a deo bottle with plain cap on a wooden table with a stylishly peeled and diced mango on its side, brown background"
"product photoshoot of a red perfume bottle with plain cap on a wooden table with a stylishly peeled and diced mango on its side, brown background_4.png","product photoshoot of a red perfume bottle with plain cap on a wooden table with a stylishly peeled and diced mango on its side, brown background"
"product photoshoot of a red perfume bottle with plain cap on a wooden table with a stylishly peeled and diced mango on its side, brown background_5.png","product photoshoot of a red perfume bottle with plain cap on a wooden table with a stylishly peeled and diced mango on its side, brown background"
"product photoshoot of a skincare tube on a wooden table with a stylishly peeled and diced mango on its side, brown background_6.png","product photoshoot of a skincare tube on a wooden table with a stylishly peeled and diced mango on its side, brown background"
"product photoshoot of a solid blue bottle with plain cap on a wooden table with a stylishly peeled and diced mango on its side, brown background_7.png","product photoshoot of a solid blue bottle with plain cap on a wooden table with a stylishly peeled and diced mango on its side, brown background"
"product photoshoot of a solid blue bottle with plain cap on a wooden table with a stylishly peeled and diced mango on its side, brown background_8.png","product photoshoot of a solid blue bottle with plain cap on a wooden table with a stylishly peeled and diced mango on its side, brown background"
