image_file,caption
"A brown serum bottle standing on top of a miniature green hill in a water body, blue sky background_3.png","A brown serum bottle standing on top of a miniature green hill in a water body, blue sky background"
"A yellow purse standing on top of a miniature green hill in a water body, blue sky background_8.png","A yellow purse standing on top of a miniature green hill in a water body, blue sky background"
"A yellow purse standing on top of a miniature green hill in a water body, blue sky background_10.png","A yellow purse standing on top of a miniature green hill in a water body, blue sky background"
"closeup, high angle shot, a red perfume bottle standing on top of a miniature green hill in a water body, blue sky background_13.png","closeup, high angle shot, a red perfume bottle standing on top of a miniature green hill in a water body, blue sky background"
"A white bottle standing on top of a miniature green hill in a water body, blue sky background_4.png","A white bottle standing on top of a miniature green hill in a water body, blue sky background"
"A brown serum bottle standing on top of a miniature green hill in a water body, blue sky background_1.png","A brown serum bottle standing on top of a miniature green hill in a water body, blue sky background"
"A brown serum bottle standing on top of a miniature green hill in a water body, blue sky background_2.png","A brown serum bottle standing on top of a miniature green hill in a water body, blue sky background"
"A brown serum bottle standing on top of a miniature green hill in a water body, blue sky background_0.png","A brown serum bottle standing on top of a miniature green hill in a water body, blue sky background"
"A white bottle standing on top of a miniature green hill in a water body, blue sky background_6.png","A white bottle standing on top of a miniature green hill in a water body, blue sky background"
"A white bottle standing on top of a miniature green hill in a water body, blue sky background_5.png","A white bottle standing on top of a miniature green hill in a water body, blue sky background"
"A yellow purse standing on top of a miniature green hill in a water body, blue sky background_9.png","A yellow purse standing on top of a miniature green hill in a water body, blue sky background"
"closeup, high angle shot, a red perfume bottle standing on top of a miniature green hill in a water body, blue sky background_11.png","closeup, high angle shot, a red perfume bottle standing on top of a miniature green hill in a water body, blue sky background"
"closeup, high angle shot, a red perfume bottle standing on top of a miniature green hill in a water body, blue sky background_14.png","closeup, high angle shot, a red perfume bottle standing on top of a miniature green hill in a water body, blue sky background"
"A white bottle standing on top of a miniature green hill in a water body, blue sky background_7.png","A white bottle standing on top of a miniature green hill in a water body, blue sky background"
"closeup, high angle shot, a red perfume bottle standing on top of a miniature green hill in a water body, blue sky background_12.png","closeup, high angle shot, a red perfume bottle standing on top of a miniature green hill in a water body, blue sky background"
