image_file,caption
"professional photography of blue lotion bottle on a table, with a little coarse salt around, white mushroom, strawberries, clear light, focus, high detail, nikon, HD_1.png","professional photography of blue lotion bottle on a table, with a little coarse salt around, white mushroom, strawberries, clear light, focus, high detail, nikon, HD"
"professional photography of brown serum bottle on a table, with a little coarse salt around, white mushroom, strawberries, clear light, focus, high detail, nikon, HD_3.png","professional photography of brown serum bottle on a table, with a little coarse salt around, white mushroom, strawberries, clear light, focus, high detail, nikon, HD"
"professional photography of blue lotion bottle on a table, with a little coarse salt around, white mushroom, strawberries, clear light, focus, high detail, nikon, HD_0.png","professional photography of blue lotion bottle on a table, with a little coarse salt around, white mushroom, strawberries, clear light, focus, high detail, nikon, HD"
"professional photography of brown serum bottle on a table, with a little coarse salt around, white mushroom, strawberries, clear light, focus, high detail, nikon, HD_5.png","professional photography of brown serum bottle on a table, with a little coarse salt around, white mushroom, strawberries, clear light, focus, high detail, nikon, HD"
"professional photography of blue lotion bottle on a table, with a little coarse salt around, white mushroom, strawberries, clear light, focus, high detail, nikon, HD_2.png","professional photography of blue lotion bottle on a table, with a little coarse salt around, white mushroom, strawberries, clear light, focus, high detail, nikon, HD"
"professional photography of pink skincare tube on a table, with a little coarse salt around, white mushroom, strawberries, clear light, focus, high detail, nikon, HD_6.png","professional photography of pink skincare tube on a table, with a little coarse salt around, white mushroom, strawberries, clear light, focus, high detail, nikon, HD"
"professional photography of wine bottle on a table, with a little coarse salt around, white mushroom, strawberries, clear light, focus, high detail, nikon, HD_8.png","professional photography of wine bottle on a table, with a little coarse salt around, white mushroom, strawberries, clear light, focus, high detail, nikon, HD"
"professional photography of brown serum bottle on a table, with a little coarse salt around, white mushroom, strawberries, clear light, focus, high detail, nikon, HD_4.png","professional photography of brown serum bottle on a table, with a little coarse salt around, white mushroom, strawberries, clear light, focus, high detail, nikon, HD"
"professional photography of wine bottle on a table, with a little coarse salt around, white mushroom, strawberries, clear light, focus, high detail, nikon, HD_9.png","professional photography of wine bottle on a table, with a little coarse salt around, white mushroom, strawberries, clear light, focus, high detail, nikon, HD"
"professional photography of pink skincare tube on a table, with a little coarse salt around, white mushroom, strawberries, clear light, focus, high detail, nikon, HD_7.png","professional photography of pink skincare tube on a table, with a little coarse salt around, white mushroom, strawberries, clear light, focus, high detail, nikon, HD"
