image_file,caption
"cream jar on a glass cube platform next to an orange slice, in front of a beige background, with a glass prism_2.png","cream jar on a glass cube platform next to an orange slice, in front of a beige background, with a glass prism"
"perfume bottle on a glass cube platform next to an orange slice, in front of a beige background, with a glass prism_1.png","perfume bottle on a glass cube platform next to an orange slice, in front of a beige background, with a glass prism"
"perfume bottle on a glass cube platform next to an orange slice, in front of a beige background, with a glass prism_2.png","perfume bottle on a glass cube platform next to an orange slice, in front of a beige background, with a glass prism"
"cosmetic tube on a glass cube platform next to an orange slice, in front of a beige background, with a glass prism_3.png","cosmetic tube on a glass cube platform next to an orange slice, in front of a beige background, with a glass prism"
"cream jar on a glass cube platform next to an orange slice, in front of a beige background, with a glass prism_4.png","cream jar on a glass cube platform next to an orange slice, in front of a beige background, with a glass prism"
"cosmetic tube on a glass cube platform next to an orange slice, in front of a beige background, with a glass prism_1.png","cosmetic tube on a glass cube platform next to an orange slice, in front of a beige background, with a glass prism"
"cream jar on a glass cube platform next to an orange slice, in front of a beige background, with a glass prism_1.png","cream jar on a glass cube platform next to an orange slice, in front of a beige background, with a glass prism"
"perfume bottle on a glass cube platform next to an orange slice, in front of a beige background, with a glass prism_4.png","perfume bottle on a glass cube platform next to an orange slice, in front of a beige background, with a glass prism"
"cosmetic tube on a glass cube platform next to an orange slice, in front of a beige background, with a glass prism_4.png","cosmetic tube on a glass cube platform next to an orange slice, in front of a beige background, with a glass prism"
"perfume bottle on a glass cube platform next to an orange slice, in front of a beige background, with a glass prism_3.png","perfume bottle on a glass cube platform next to an orange slice, in front of a beige background, with a glass prism"
"cream jar on a glass cube platform next to an orange slice, in front of a beige background, with a glass prism_3.png","cream jar on a glass cube platform next to an orange slice, in front of a beige background, with a glass prism"
"cosmetic tube on a glass cube platform next to an orange slice, in front of a beige background, with a glass prism_2.png","cosmetic tube on a glass cube platform next to an orange slice, in front of a beige background, with a glass prism"
