image_file,caption
"A wine bottle on a wooden platform, black background, a hand holding wine glass next to it_1.png","A wine bottle on a wooden platform, black background, a hand holding wine glass next to it"
"A wine bottle on a wooden platform, black background, a hand holding wine glass next to it_3.png","A wine bottle on a wooden platform, black background, a hand holding wine glass next to it"
"a brown serum bottle on wooden table, black background a hand coming towards it_2.png","a brown serum bottle on wooden table, black background a hand coming towards it"
"A pink juice bottle on a wooden platform, black background, a hand holding strawberry next to it_1.png","A pink juice bottle on a wooden platform, black background, a hand holding strawberry next to it"
"A juice bottle on a wooden platform, black background, a hand holding mango next to it_3.png","A juice bottle on a wooden platform, black background, a hand holding mango next to it"
"A wine bottle on a wooden platform, black background, a hand holding grapes next to it_3.png","A wine bottle on a wooden platform, black background, a hand holding grapes next to it"
"a brown serum bottle on wooden table, black background a hand coming towards it_1.png","a brown serum bottle on wooden table, black background a hand coming towards it"
"A wine bottle on a wooden platform, black background, a hand holding grapes next to it_1.png","A wine bottle on a wooden platform, black background, a hand holding grapes next to it"
"A juice bottle on a wooden platform, black background, a hand holding mango next to it_2.png","A juice bottle on a wooden platform, black background, a hand holding mango next to it"
"A wine bottle on a wooden platform, black background, a hand holding wine glass next to it_2.png","A wine bottle on a wooden platform, black background, a hand holding wine glass next to it"
"A wine bottle on a wooden platform, black background, a hand holding grapes next to it_2.png","A wine bottle on a wooden platform, black background, a hand holding grapes next to it"
"A serum bottle kept on a wooden table, black background, a hand holding lemon next to it_1.png","A serum bottle kept on a wooden table, black background, a hand holding lemon next to it"
"A juice bottle on a wooden platform, black background, a hand holding mango next to it_1.png","A juice bottle on a wooden platform, black background, a hand holding mango next to it"
