image_file,caption
"high angle shot, A brown perfume bottle kept on a mountain, with a dusky dreamy background, low light, product shoot_9.png","high angle shot, A brown perfume bottle kept on a mountain, with a dusky dreamy background, low light, product shoot"
"A brown serum bottle kept on a mountain, with a dusky dreamy background, low light, product shoot_1.png","A brown serum bottle kept on a mountain, with a dusky dreamy background, low light, product shoot"
"A coffee beans jar, kept on a mountain, with a dusky dreamy background, low light, product shoot_4.png","A coffee beans jar, kept on a mountain, with a dusky dreamy background, low light, product shoot"
"A wine bottle kept on a mountain, with a dusky dreamy background, low light, product shoot_7.png","A wine bottle kept on a mountain, with a dusky dreamy background, low light, product shoot"
"A coffee beans jar, kept on a mountain, with a dusky dreamy background, low light, product shoot_3.png","A coffee beans jar, kept on a mountain, with a dusky dreamy background, low light, product shoot"
"A coffee beans jar, kept on a mountain, with a dusky dreamy background, low light, product shoot_5.png","A coffee beans jar, kept on a mountain, with a dusky dreamy background, low light, product shoot"
"A wine bottle kept on a mountain, with a dusky dreamy background, low light, product shoot_8.png","A wine bottle kept on a mountain, with a dusky dreamy background, low light, product shoot"
"A brown serum bottle kept on a mountain, with a dusky dreamy background, low light, product shoot_0.png","A brown serum bottle kept on a mountain, with a dusky dreamy background, low light, product shoot"
"high angle shot, A brown perfume bottle kept on a mountain, with a dusky dreamy background, low light, product shoot_11.png","high angle shot, A brown perfume bottle kept on a mountain, with a dusky dreamy background, low light, product shoot"
"A brown serum bottle kept on a mountain, with a dusky dreamy background, low light, product shoot_2.png","A brown serum bottle kept on a mountain, with a dusky dreamy background, low light, product shoot"
"A wine bottle kept on a mountain, with a dusky dreamy background, low light, product shoot_6.png","A wine bottle kept on a mountain, with a dusky dreamy background, low light, product shoot"
"high angle shot, A brown perfume bottle kept on a mountain, with a dusky dreamy background, low light, product shoot_10.png","high angle shot, A brown perfume bottle kept on a mountain, with a dusky dreamy background, low light, product shoot"
