image_file,caption
"product photography of a brown serum bottle standing in a miniature forest, with tiny houses and creatures around, minimal, high angle shot_4.png","product photography of a brown serum bottle standing in a miniature forest, with tiny houses and creatures around, minimal, high angle shot"
"product photography of a brown bottle lying in a miniature forest, with tiny houses and creatures around, minimal, top down_3.png","product photography of a brown bottle lying in a miniature forest, with tiny houses and creatures around, minimal, top down"
"product photography of a brown bottle lying in a miniature forest, with tiny houses and creatures around, minimal, top down_2.png","product photography of a brown bottle lying in a miniature forest, with tiny houses and creatures around, minimal, top down"
"product photography of a red bottle standing in a miniature forest, with tiny houses and creatures bustling around, minimal, close-up shot_7.png","product photography of a red bottle standing in a miniature forest, with tiny houses and creatures bustling around, minimal, close-up shot"
"product photography of a brown serum bottle standing in a miniature forest, with tiny houses and creatures around, minimal, high angle shot_6.png","product photography of a brown serum bottle standing in a miniature forest, with tiny houses and creatures around, minimal, high angle shot"
"product photography of a yellow backpack lying in a miniature forest, with tiny houses and creatures bustling around, minimal, top down_8.png","product photography of a yellow backpack lying in a miniature forest, with tiny houses and creatures bustling around, minimal, top down"
"product photography of a yellow backpack lying in a miniature forest, with tiny houses and creatures bustling around, minimal, top down_9.png","product photography of a yellow backpack lying in a miniature forest, with tiny houses and creatures bustling around, minimal, top down"
"product photography of a brown serum bottle standing in a miniature forest, with tiny houses and creatures around, minimal, high angle shot_5.png","product photography of a brown serum bottle standing in a miniature forest, with tiny houses and creatures around, minimal, high angle shot"
"product photography of a yellow backpack standing in a miniature forest, with tiny houses and creatures bustling around, minimal, wide angle shot_10.png","product photography of a yellow backpack standing in a miniature forest, with tiny houses and creatures bustling around, minimal, wide angle shot"
"product photography of a blue bottle standing in a miniature forest, with tiny houses and creatures bustling around, minimal, clean_0.png","product photography of a blue bottle standing in a miniature forest, with tiny houses and creatures bustling around, minimal, clean"
"product photography of a brown bottle lying in a miniature forest, with tiny houses and creatures around, minimal, top down_1.png","product photography of a brown bottle lying in a miniature forest, with tiny houses and creatures around, minimal, top down"
