image_file,caption
"top angle shot, A golden perfume lying on a dark marble surface surrounded by a golden frame_5.png","top angle shot, A golden perfume lying on a dark marble surface surrounded by a golden frame"
"top angle shot, A brown serum bottle lying on a dark marble surface surrounded by a golden frame_3.png","top angle shot, A brown serum bottle lying on a dark marble surface surrounded by a golden frame"
"top angle shot, sunglasses lying on a dark marble surface surrounded by a golden frame_8.png","top angle shot, sunglasses lying on a dark marble surface surrounded by a golden frame"
"top angle shot, A blue shampoo lying on a dark marble surface surrounded by a golden frame_0.png","top angle shot, A blue shampoo lying on a dark marble surface surrounded by a golden frame"
"top angle shot, sunglasses lying on a dark marble surface surrounded by a golden frame_7.png","top angle shot, sunglasses lying on a dark marble surface surrounded by a golden frame"
"top angle shot, A golden perfume on a dark marble surrounded by a golden frame_6.png","top angle shot, A golden perfume on a dark marble surrounded by a golden frame"
"top angle shot, A blue shampoo lying on a dark marble surface surrounded by a golden frame_2.png","top angle shot, A blue shampoo lying on a dark marble surface surrounded by a golden frame"
"top angle shot, A blue shampoo lying on a dark marble surface surrounded by a golden frame_1.png","top angle shot, A blue shampoo lying on a dark marble surface surrounded by a golden frame"
"top angle shot, A golden perfume lying on a dark marble surface surrounded by a golden frame_4.png","top angle shot, A golden perfume lying on a dark marble surface surrounded by a golden frame"
