image_file,caption
"closeup, a golden ring on a blue surface, bokeh in background_3.png","closeup, a golden ring on a blue surface, bokeh in background"
"two silver earrings on a blue surface, bokeh in background_7.png","two silver earrings on a blue surface, bokeh in background"
"closeup, a brown serum bottle on a blue surface, bokeh in background_1.png","closeup, a brown serum bottle on a blue surface, bokeh in background"
"closeup, a golden ring on a blue surface, bokeh in background_4.png","closeup, a golden ring on a blue surface, bokeh in background"
"closeup, a brown serum bottle on a blue surface, bokeh in background_2.png","closeup, a brown serum bottle on a blue surface, bokeh in background"
"closeup, a brown serum bottle on a blue surface, bokeh in background_0.png","closeup, a brown serum bottle on a blue surface, bokeh in background"
"two silver earrings on a blue surface, bokeh in background_8.png","two silver earrings on a blue surface, bokeh in background"
"two silver earrings on a blue surface, bokeh in background_6.png","two silver earrings on a blue surface, bokeh in background"
"closeup, a golden ring on a blue surface, bokeh in background_5.png","closeup, a golden ring on a blue surface, bokeh in background"
