image_file,caption
"A brown serum bottle standing on thin circular glass platform on a white surface, some water droplets on surface_3.png","A brown serum bottle standing on thin circular glass platform on a white surface, some water droplets on surface"
"A bottle green shampoo bottle standing on thin circular glass platform on a white surface, some water droplets on surface_0.png","A bottle green shampoo bottle standing on thin circular glass platform on a white surface, some water droplets on surface"
"A brown serum bottle standing on thin circular glass slide on a white surface, some water droplets on surface_5.png","A brown serum bottle standing on thin circular glass slide on a white surface, some water droplets on surface"
"A brown serum bottle standing on thin circular glass slide on a white surface, some water droplets on surface_4.png","A brown serum bottle standing on thin circular glass slide on a white surface, some water droplets on surface"
"A brown serum bottle standing on thin circular glass platform on a white surface, some water droplets on surface_2.png","A brown serum bottle standing on thin circular glass platform on a white surface, some water droplets on surface"
"A brown serum bottle standing on thin circular glass slide on a white surface, some water droplets on surface_6.png","A brown serum bottle standing on thin circular glass slide on a white surface, some water droplets on surface"
"A pink perfume bottle standing on thin circular glass platform on a white surface, some water droplets on surface, product shot_7.png","A pink perfume bottle standing on thin circular glass platform on a white surface, some water droplets on surface, product shot"
"A bottle green shampoo bottle standing on thin circular glass platform on a white surface, some water droplets on surface_1.png","A bottle green shampoo bottle standing on thin circular glass platform on a white surface, some water droplets on surface"
"A pink perfume bottle standing on thin circular glass platform on a white surface, some water droplets on surface, product shot_8.png","A pink perfume bottle standing on thin circular glass platform on a white surface, some water droplets on surface, product shot"
