image_file,caption
"A cosmetic jar, kept on a white table in a living room with a window in the background, product shoot_3.png","A cosmetic jar, kept on a white table in a living room with a window in the background, product shoot"
"A shampoo bottle, kept on a white table in a living room with a window in the background, product shoot_2.png","A shampoo bottle, kept on a white table in a living room with a window in the background, product shoot"
"A cosmetic tube, kept on a white table in a living room with a window in the background, product shoot_4.png","A cosmetic tube, kept on a white table in a living room with a window in the background, product shoot"
"A cosmetic jar, kept on a white table in a living room with a window in the background, product shoot_2.png","A cosmetic jar, kept on a white table in a living room with a window in the background, product shoot"
"A shampoo bottle, kept on a white table in a living room with a window in the background, product shoot_1.png","A shampoo bottle, kept on a white table in a living room with a window in the background, product shoot"
"A cosmetic jar, kept on a white table in a living room with a window in the background, product shoot_1.png","A cosmetic jar, kept on a white table in a living room with a window in the background, product shoot"
"A shampoo bottle, kept on a white table in a living room with a window in the background, product shoot_4.png","A shampoo bottle, kept on a white table in a living room with a window in the background, product shoot"
"A shampoo bottle, kept on a white table in a living room with a window in the background, product shoot_3.png","A shampoo bottle, kept on a white table in a living room with a window in the background, product shoot"
"A cosmetic tube, kept on a white table in a living room with a window in the background, product shoot_1.png","A cosmetic tube, kept on a white table in a living room with a window in the background, product shoot"
"A cosmetic tube, kept on a white table in a living room with a window in the background, product shoot_3.png","A cosmetic tube, kept on a white table in a living room with a window in the background, product shoot"
"A cosmetic jar, kept on a white table in a living room with a window in the background, product shoot_4.png","A cosmetic jar, kept on a white table in a living room with a window in the background, product shoot"
"A cosmetic tube, kept on a white table in a living room with a window in the background, product shoot_2.png","A cosmetic tube, kept on a white table in a living room with a window in the background, product shoot"
