image_file,caption
"facewash tube standing on white cotton cloth with some gyphophilia flowers, minimalistic, product photography_4.png","facewash tube standing on white cotton cloth with some gyphophilia flowers, minimalistic, product photography"
"shampoo bottle standing on white cotton cloth with some gyphophilia flowers, minimalistic, product photography_5.png","shampoo bottle standing on white cotton cloth with some gyphophilia flowers, minimalistic, product photography"
Facewash tube lying on white cloth some lavendar flower in the side minimalistic_5.png,Facewash tube lying on white cloth some lavendar flower in the side minimalistic
"serum bottle lying on white linen cloth with some tiny flower petals in the side, minimalistic, product photography_2.png","serum bottle lying on white linen cloth with some tiny flower petals in the side, minimalistic, product photography"
"serum bottle standing on white cotton cloth with some gyphophilia flowers, minimalistic, product photography_7.png","serum bottle standing on white cotton cloth with some gyphophilia flowers, minimalistic, product photography"
Facewash tube lying on white cloth some lavendar flower in the side minimalistic_1.png,Facewash tube lying on white cloth some lavendar flower in the side minimalistic
"serum bottle lying on white linen cloth with some tiny flower petals in the side, minimalistic, product photography_1.png","serum bottle lying on white linen cloth with some tiny flower petals in the side, minimalistic, product photography"
"serum bottle standing on white cotton cloth with some gyphophilia flowers, minimalistic, product photography_2.png","serum bottle standing on white cotton cloth with some gyphophilia flowers, minimalistic, product photography"
"serum bottle standing on white cotton cloth with some gyphophilia flowers, minimalistic, product photography_1.png","serum bottle standing on white cotton cloth with some gyphophilia flowers, minimalistic, product photography"
"serum bottle lying on white cotton cloth with some tiny flower petals in the side, minimalistic, product photography_4.png","serum bottle lying on white cotton cloth with some tiny flower petals in the side, minimalistic, product photography"
"serum bottle lying on white linen cloth with some tiny flower petals in the side, minimalistic, product photography_6.png","serum bottle lying on white linen cloth with some tiny flower petals in the side, minimalistic, product photography"
"shampoo bottle standing on white cotton cloth with some gyphophilia flowers, minimalistic, product photography_9.png","shampoo bottle standing on white cotton cloth with some gyphophilia flowers, minimalistic, product photography"
"serum bottle standing on white cotton cloth with some gyphophilia flowers, minimalistic, product photography_3.png","serum bottle standing on white cotton cloth with some gyphophilia flowers, minimalistic, product photography"
"shampoo bottle standing on white cotton cloth with some gyphophilia flowers, minimalistic, product photography_6.png","shampoo bottle standing on white cotton cloth with some gyphophilia flowers, minimalistic, product photography"
"serum bottle standing on white cotton cloth with some gyphophilia flowers, minimalistic, product photography_4.png","serum bottle standing on white cotton cloth with some gyphophilia flowers, minimalistic, product photography"
"shampoo bottle standing on white cotton cloth with some gyphophilia flowers, minimalistic, product photography_7.png","shampoo bottle standing on white cotton cloth with some gyphophilia flowers, minimalistic, product photography"
