image_file,caption
A pink bottle lying on a white background with illustrations of strawberries illustration_1.png,A pink bottle lying on a white background with illustrations of strawberries illustration
A blue bottle of perfume lying on a white background with illustrations of yellow lemons illustration_1.png,A blue bottle of perfume lying on a white background with illustrations of yellow lemons illustration
A blue bottle of perfume lying on a white background with illustrations of yellow lemons illustration_2.png,A blue bottle of perfume lying on a white background with illustrations of yellow lemons illustration
"An orange bottle of perfume on a white background, on background are illustrations of orange slices_1.png","An orange bottle of perfume on a white background, on background are illustrations of orange slices"
"An orange bottle of perfume on a white background, on background are illustrations of orange slices_2.png","An orange bottle of perfume on a white background, on background are illustrations of orange slices"
A red bottle of perfume lying on a white background with illustrations of apples illustration.png,A red bottle of perfume lying on a white background with illustrations of apples illustration.png
A pink bottle lying on a white background with illustrations of strawberries illustration_2.png,A pink bottle lying on a white background with illustrations of strawberries illustration
A blue bottle lying on a white background with illustrations of coconut illustration.png,A blue bottle lying on a white background with illustrations of coconut illustration.png
