image_file,caption
A pair of earrings on a blue velvet cloth_3.png,A pair of earrings on a blue velvet cloth
A pair of earrings on a blue velvet cloth_4.png,A pair of earrings on a blue velvet cloth
A ring on a red velvet cloth_15.png,A ring on a red velvet cloth
A golden perfume bottle on a red velvet cloth_17.png,A golden perfume bottle on a red velvet cloth
A ring on a red velvet cloth_13.png,A ring on a red velvet cloth
A ring on a red velvet cloth_14.png,A ring on a red velvet cloth
A golden perfume bottle on a purple velvet cloth_16.png,A golden perfume bottle on a purple velvet cloth
A pair of earrings on a blue velvet cloth.png,A pair of earrings on a blue velvet cloth.png
A brown serum bottle on ceramic plate on orange velvet cloth_2png.png,A brown serum bottle on ceramic plate on orange velvet cloth
A golden perfume bottle on a purple velvet cloth_17.png,A golden perfume bottle on a purple velvet cloth
A brown serum bottle on ceramic plate on orange velvet cloth.png,A brown serum bottle on ceramic plate on orange velvet cloth.png
A pair of earrings on a blue velvet cloth_2.png,A pair of earrings on a blue velvet cloth
