image_file,caption
"a green shampoo bottle standing on a beige surface next to a brown rock on a beige background, some almonds, avocado slices in front_6.png","a green shampoo bottle standing on a beige surface next to a brown rock on a beige background, some almonds, avocado slices in front"
"a green shampoo bottle standing on a beige surface next to a brown rock on a beige background, some almonds, avocado slices in front_7.png","a green shampoo bottle standing on a beige surface next to a brown rock on a beige background, some almonds, avocado slices in front"
"a green shampoo bottle standing on a beige surface next to a brown rock on a beige background, some almonds, avocado slices in front_5.png","a green shampoo bottle standing on a beige surface next to a brown rock on a beige background, some almonds, avocado slices in front"
"a brown serum bottle standing on a beige surface next to a brown rock on a beige background, some almonds, avocado slices in front_3.png","a brown serum bottle standing on a beige surface next to a brown rock on a beige background, some almonds, avocado slices in front"
"a brown serum bottle standing on a beige surface next to a brown rock on a beige background, some almonds, avocado slices in front_2.png","a brown serum bottle standing on a beige surface next to a brown rock on a beige background, some almonds, avocado slices in front"
"a brown serum bottle standing on a beige surface next to a brown rock on a beige background, some almonds, avocado slices in front_1.png","a brown serum bottle standing on a beige surface next to a brown rock on a beige background, some almonds, avocado slices in front"
"a brown serum bottle standing on a beige surface next to a brown rock on a beige background, some almonds, avocado slices in front_4.png","a brown serum bottle standing on a beige surface next to a brown rock on a beige background, some almonds, avocado slices in front"
"a juice bottle in front of a black rock, next to ginger and berries, beige background, product shot, studio shot_3.png","a juice bottle in front of a black rock, next to ginger and berries, beige background, product shot, studio shot"
"a juice bottle in front of a black rock, next to ginger and berries, beige background, product shot, studio shot_2.png","a juice bottle in front of a black rock, next to ginger and berries, beige background, product shot, studio shot"
"a juice bottle in front of a black rock, next to ginger and berries, beige background, product shot, studio shot_1.png","a juice bottle in front of a black rock, next to ginger and berries, beige background, product shot, studio shot"
"a juice bottle in front of a black rock, next to ginger and berries, beige background, product shot, studio shot_4.png","a juice bottle in front of a black rock, next to ginger and berries, beige background, product shot, studio shot"
"a green shampoo bottle standing on a beige surface next to a brown rock on a beige background, some almonds, avocado slices in front_8.png","a green shampoo bottle standing on a beige surface next to a brown rock on a beige background, some almonds, avocado slices in front"
