image_file,caption
"yellow chair, red in color, kept ona white marble flooring, with blurred stairs in the background, product shoot, minimal_2.png","yellow chair, red in color, kept ona white marble flooring, with blurred stairs in the background, product shoot, minimal"
"yellow chair, red in color, kept ona white marble flooring, with blurred stairs in the background, product shoot, minimal_3.png","yellow chair, red in color, kept ona white marble flooring, with blurred stairs in the background, product shoot, minimal"
"beige leather sofa , red in color, kept ona white marble flooring, with blurred stairs in the background, product shoot, minimal_1.png","beige leather sofa , red in color, kept ona white marble flooring, with blurred stairs in the background, product shoot, minimal"
"sofa , red in color, kept ona white marble flooring, with blurred stairs in the background, product shoot, minimal_3.png","sofa , red in color, kept ona white marble flooring, with blurred stairs in the background, product shoot, minimal"
"yellow chair, red in color, kept ona white marble flooring, with blurred stairs in the background, product shoot, minimal_1.png","yellow chair, red in color, kept ona white marble flooring, with blurred stairs in the background, product shoot, minimal"
"beige leather sofa , red in color, kept ona white marble flooring, with blurred stairs in the background, product shoot, minimal_3.png","beige leather sofa , red in color, kept ona white marble flooring, with blurred stairs in the background, product shoot, minimal"
"beige leather sofa , red in color, kept ona white marble flooring, with blurred stairs in the background, product shoot, minimal_4.png","beige leather sofa , red in color, kept ona white marble flooring, with blurred stairs in the background, product shoot, minimal"
"sofa , red in color, kept ona white marble flooring, with blurred stairs in the background, product shoot, minimal_2.png","sofa , red in color, kept ona white marble flooring, with blurred stairs in the background, product shoot, minimal"
"yellow chair, red in color, kept ona white marble flooring, with blurred stairs in the background, product shoot, minimal_4.png","yellow chair, red in color, kept ona white marble flooring, with blurred stairs in the background, product shoot, minimal"
"sofa , red in color, kept ona white marble flooring, with blurred stairs in the background, product shoot, minimal_1.png","sofa , red in color, kept ona white marble flooring, with blurred stairs in the background, product shoot, minimal"
"beige leather sofa , red in color, kept ona white marble flooring, with blurred stairs in the background, product shoot, minimal_2.png","beige leather sofa , red in color, kept ona white marble flooring, with blurred stairs in the background, product shoot, minimal"
"sofa , red in color, kept ona white marble flooring, with blurred stairs in the background, product shoot, minimal_4.png","sofa , red in color, kept ona white marble flooring, with blurred stairs in the background, product shoot, minimal"
