image_file,caption
"product photoshoot of a solid grey bottle with plain cap lying on clean blue water surface, surrounded by few berries_8.png","product photoshoot of a solid grey bottle with plain cap lying on clean blue water surface, surrounded by few berries"
"product photoshoot of a red perfume bottle lying straight on clean blue water surface, surrounded by few green grapes_5.png","product photoshoot of a red perfume bottle lying straight on clean blue water surface, surrounded by few green grapes"
"product photoshoot of a solid grey bottle with plain cap lying on clean blue water surface, surrounded by few berries_9.png","product photoshoot of a solid grey bottle with plain cap lying on clean blue water surface, surrounded by few berries"
"product photoshoot of a black deo bottle lying on clean blue water surface, surrounded by few orange pieces_0.png","product photoshoot of a black deo bottle lying on clean blue water surface, surrounded by few orange pieces"
"product photoshoot of a red perfume bottle lying straight on clean and clear blue water surface, surrounded by few green grapes_3.png","product photoshoot of a red perfume bottle lying straight on clean and clear blue water surface, surrounded by few green grapes"
"product photoshoot of a skincare tube lying on clean blue water surface, surrounded by few lemons_6.png","product photoshoot of a skincare tube lying on clean blue water surface, surrounded by few lemons"
"product photoshoot of a red perfume bottle lying straight on clean and clear blue water surface, surrounded by few green grapes_4.png","product photoshoot of a red perfume bottle lying straight on clean and clear blue water surface, surrounded by few green grapes"
"product photoshoot of a black deo bottle lying on clean blue water surface, surrounded by few orange pieces_1.png","product photoshoot of a black deo bottle lying on clean blue water surface, surrounded by few orange pieces"
"product photoshoot of a solid grey bottle with plain cap lying on clean blue water surface, surrounded by few berries_10.png","product photoshoot of a solid grey bottle with plain cap lying on clean blue water surface, surrounded by few berries"
"product photoshoot of a red perfume bottle lying on clean blue water surface, surrounded by few green grapes_2.png","product photoshoot of a red perfume bottle lying on clean blue water surface, surrounded by few green grapes"
"product photoshoot of a skincare tube lying on clean blue water surface, surrounded by few lemons_7.png","product photoshoot of a skincare tube lying on clean blue water surface, surrounded by few lemons"
