image_file,caption
a skincare tube set in a greek fantasy background_5.png,a skincare tube set in a greek fantasy background
a wine bottle set in a greek fantasy background_8.png,a wine bottle set in a greek fantasy background
a brown serum bottle set in a greek fantasy background_2.png,a brown serum bottle set in a greek fantasy background
a brown serum bottle set in a greek fantasy background_4.png,a brown serum bottle set in a greek fantasy background
a brown serum bottle set in a greek fantasy background_3.png,a brown serum bottle set in a greek fantasy background
a black backpacl set in a greek fantasy background_1.png,a black backpacl set in a greek fantasy background
a skincare tube set in a greek fantasy background_6.png,a skincare tube set in a greek fantasy background
a wine bottle set in a greek fantasy background_7.png,a wine bottle set in a greek fantasy background
a black backpacl set in a greek fantasy background_0.png,a black backpacl set in a greek fantasy background
