image_file,caption
A brown serum bottle standing on a red brick on a wooden surface_3.png,A brown serum bottle standing on a red brick on a wooden surface
A wine bottle standing on a red brick on a wooden surface_9.png,A wine bottle standing on a red brick on a wooden surface
A red lotion bottle standing on a red brick on a wooden surface_6.png,A red lotion bottle standing on a red brick on a wooden surface
A wine bottle standing on a red brick on a wooden surface_10.png,A wine bottle standing on a red brick on a wooden surface
A brown serum bottle standing on a red brick on a wooden surface_4.png,A brown serum bottle standing on a red brick on a wooden surface
A wine bottle standing on a red brick on a wooden surface_8.png,A wine bottle standing on a red brick on a wooden surface
A blue skincare tube standing on a red brick on a wooden surface_2.png,A blue skincare tube standing on a red brick on a wooden surface
A red lotion bottle standing on a red brick on a wooden surface_7.png,A red lotion bottle standing on a red brick on a wooden surface
A brown serum bottle standing on a red brick on a wooden surface_5.png,A brown serum bottle standing on a red brick on a wooden surface
A blue skincare tube standing on a red brick on a wooden surface_0.png,A blue skincare tube standing on a red brick on a wooden surface
A blue skincare tube standing on a red brick on a wooden surface_1.png,A blue skincare tube standing on a red brick on a wooden surface
