image_file,caption
"A perfume bottle standing on top of a black surface in front of moon, dark background_11.png","A perfume bottle standing on top of a black surface in front of moon, dark background"
"A close up shot of a red perfume bottle standing on top of a black surface in front of moon, dark background_9.png","A close up shot of a red perfume bottle standing on top of a black surface in front of moon, dark background"
"A close up shot of a perfume bottle standing on top of a black surface in front of moon, dark background_6.png","A close up shot of a perfume bottle standing on top of a black surface in front of moon, dark background"
"A close up shot of a brown serum bottle standing on top of a black surface in front of moon, dark background_4.png","A close up shot of a brown serum bottle standing on top of a black surface in front of moon, dark background"
"A perfume bottle standing on top of a black surface in front of moon, dark background_12.png","A perfume bottle standing on top of a black surface in front of moon, dark background"
"A close up shot of a brown serum bottle standing on top of a black surface in front of moon, dark background_1.png","A close up shot of a brown serum bottle standing on top of a black surface in front of moon, dark background"
"A close up shot of a perfume bottle standing on top of a black surface in front of moon, dark background_7.png","A close up shot of a perfume bottle standing on top of a black surface in front of moon, dark background"
"A close up shot of a brown serum bottle standing on top of a black surface in front of moon, dark background_3.png","A close up shot of a brown serum bottle standing on top of a black surface in front of moon, dark background"
"A close up shot of a perfume bottle standing on top of a black surface in front of moon, dark background_8.png","A close up shot of a perfume bottle standing on top of a black surface in front of moon, dark background"
"A close up shot of a blue perfume bottle standing on top of a black surface in front of moon, dark background_5.png","A close up shot of a blue perfume bottle standing on top of a black surface in front of moon, dark background"
"A close up shot of a brown serum bottle standing on top of a black surface in front of moon, dark background_2.png","A close up shot of a brown serum bottle standing on top of a black surface in front of moon, dark background"
"A close up shot of a perfume bottle standing on top of a black surface in front of moon, dark background_10.png","A close up shot of a perfume bottle standing on top of a black surface in front of moon, dark background"
