image_file,caption
close up of a brown serum perfume standing next to wheat stalk on a white surface in front of a white window_6.png,close up of a brown serum perfume standing next to wheat stalk on a white surface in front of a white window
close up of a brown serum perfume standing next to wheat stalk on a white surface in front of a white window_5.png,close up of a brown serum perfume standing next to wheat stalk on a white surface in front of a white window
close up of a blue perfume standing next to dried grass on a white surface in front of a white window_0.png,close up of a blue perfume standing next to dried grass on a white surface in front of a white window
close up of a brown serum perfume standing next to wheat stalk on a white surface in front of a white window_3.png,close up of a brown serum perfume standing next to wheat stalk on a white surface in front of a white window
close up of a blue perfume standing next to dried grass on a white surface in front of a white window_1.png,close up of a blue perfume standing next to dried grass on a white surface in front of a white window
close up of a blue perfume standing next to dried grass on a white surface in front of a white window_2.png,close up of a blue perfume standing next to dried grass on a white surface in front of a white window
close up of a brown serum perfume standing next to wheat stalk on a white surface in front of a white window_4.png,close up of a brown serum perfume standing next to wheat stalk on a white surface in front of a white window
