image_file,caption
A blue skincare tube on a dark green cotton bed sheet_2.png,A blue skincare tube on a dark green cotton bed sheet
A brown serum bottle lying on a dark green cotton bed sheet_7.png,A brown serum bottle lying on a dark green cotton bed sheet
A yellow bottle lying on a smooth dark blue cotton bed sheet_10.png,A yellow bottle lying on a smooth dark blue cotton bed sheet
A blue skincare tube on a dark green cotton bed sheet_3.png,A blue skincare tube on a dark green cotton bed sheet
A black shampoo bottle lying on a smooth yellow cotton bed sheet_1.png,A black shampoo bottle lying on a smooth yellow cotton bed sheet
"A wine bottle lying on a pink cotton bed sheet, smooth without creases_9.png","A wine bottle lying on a pink cotton bed sheet, smooth without creases"
A brown serum bottle lying on a dark green cotton bed sheet_6.png,A brown serum bottle lying on a dark green cotton bed sheet
A brown serum bottle lying on a dark green cotton bed sheet_4.png,A brown serum bottle lying on a dark green cotton bed sheet
A yellow bottle lying on a smooth dark blue cotton bed sheet_11.png,A yellow bottle lying on a smooth dark blue cotton bed sheet
A brown serum bottle lying on a dark green cotton bed sheet_5.png,A brown serum bottle lying on a dark green cotton bed sheet
A black shampoo bottle lying on a smooth yellow cotton bed sheet_0.png,A black shampoo bottle lying on a smooth yellow cotton bed sheet
"A wine bottle lying on a pink cotton bed sheet, smooth without creases_8.png","A wine bottle lying on a pink cotton bed sheet, smooth without creases"
