image_file,caption
"close up of a red ketchup bottle on a miniature swing hanging fromt top on a miniature beach with seas shell, small plant and blue ocean and sky in background_4.png","close up of a red ketchup bottle on a miniature swing hanging fromt top on a miniature beach with seas shell, small plant and blue ocean and sky in background"
"close up of a black shampoo bottle on a miniature swing hanging fromt top on a miniature beach with seas shell, small plant and blue ocean and sky in background_5.png","close up of a black shampoo bottle on a miniature swing hanging fromt top on a miniature beach with seas shell, small plant and blue ocean and sky in background"
"close up of a red perfume bottle on a miniature swing hanging fromt top on a miniature beach with seas shell, small plant and blue ocean and sky in background_3.png","close up of a red perfume bottle on a miniature swing hanging fromt top on a miniature beach with seas shell, small plant and blue ocean and sky in background"
"close up of a black shampoo bottle on a miniature swing hanging fromt top on a miniature beach with seas shell, small plant and blue ocean and sky in background_6.png","close up of a black shampoo bottle on a miniature swing hanging fromt top on a miniature beach with seas shell, small plant and blue ocean and sky in background"
"A yellow bottle on a miniature swing hanging fromt top on a miniature beach with seas shell, small plant and blue ocean and sky in background_5.png","A yellow bottle on a miniature swing hanging fromt top on a miniature beach with seas shell, small plant and blue ocean and sky in background"
"close up of a orange perfume bottle on a miniature swing hanging fromt top on a miniature beach with seas shell, small plant and blue ocean and sky in background, zoomed in_1.png","close up of a orange perfume bottle on a miniature swing hanging fromt top on a miniature beach with seas shell, small plant and blue ocean and sky in background, zoomed in"
"close up of a red perfume bottle on a miniature swing hanging fromt top on a miniature beach with seas shell, small plant and blue ocean and sky in background_4.png","close up of a red perfume bottle on a miniature swing hanging fromt top on a miniature beach with seas shell, small plant and blue ocean and sky in background"
"A yellow bottle on a miniature swing hanging fromt top on a miniature beach with seas shell, small plant and blue ocean and sky in background_1.png","A yellow bottle on a miniature swing hanging fromt top on a miniature beach with seas shell, small plant and blue ocean and sky in background"
"close up of a red perfume bottle on a miniature swing hanging fromt top on a miniature beach with seas shell, small plant and blue ocean and sky in background_5.png","close up of a red perfume bottle on a miniature swing hanging fromt top on a miniature beach with seas shell, small plant and blue ocean and sky in background"
"close up of a red perfume bottle on a miniature swing hanging fromt top on a miniature beach with seas shell, small plant and blue ocean and sky in background_2.png","close up of a red perfume bottle on a miniature swing hanging fromt top on a miniature beach with seas shell, small plant and blue ocean and sky in background"
"close up of a black shampoo bottle on a miniature swing hanging fromt top on a miniature beach with seas shell, small plant and blue ocean and sky in background_4.png","close up of a black shampoo bottle on a miniature swing hanging fromt top on a miniature beach with seas shell, small plant and blue ocean and sky in background"
"close up of a orange perfume bottle on a miniature swing hanging fromt top on a miniature beach with seas shell, small plant and blue ocean and sky in background, zoomed in_3.png","close up of a orange perfume bottle on a miniature swing hanging fromt top on a miniature beach with seas shell, small plant and blue ocean and sky in background, zoomed in"
