image_file,caption
"A brown serum bottle on a white circular platform, white disc behind it, surrounded by holi colors, dark background_2.png","A brown serum bottle on a white circular platform, white disc behind it, surrounded by holi colors, dark background"
"A wine bottle on a white circular platform, white circular arch disc behind, surrounded by holi colors, dark background_6.png","A wine bottle on a white circular platform, white circular arch disc behind, surrounded by holi colors, dark background"
"A brown serum bottle on a white circular platform, white disc behind it, surrounded by holi colors, dark background_4.png","A brown serum bottle on a white circular platform, white disc behind it, surrounded by holi colors, dark background"
"A brown serum bottle on a white circular platform, white disc behind it, surrounded by holi colors, dark background_3.png","A brown serum bottle on a white circular platform, white disc behind it, surrounded by holi colors, dark background"
"A yellow skincare tube on a white circular platform, surrounded by holi colors, dark background_10.png","A yellow skincare tube on a white circular platform, surrounded by holi colors, dark background"
"A wine bottle on a white circular platform, white circular arch, surrounded by holi colors, dark background_8.png","A wine bottle on a white circular platform, white circular arch, surrounded by holi colors, dark background"
"A wine bottle on a white circular platform, surrounded by holi colors, dark background_5.png","A wine bottle on a white circular platform, surrounded by holi colors, dark background"
"A blue shampoo bottle on a beige circular platform, surrounded by holi colors, brown background_0.png","A blue shampoo bottle on a beige circular platform, surrounded by holi colors, brown background"
"A brown serum bottle on a white circular platform, white disc behind it, surrounded by holi colors, dark background_1.png","A brown serum bottle on a white circular platform, white disc behind it, surrounded by holi colors, dark background"
"A yellow skincare tube on a white circular platform, surrounded by holi colors, dark background_9.png","A yellow skincare tube on a white circular platform, surrounded by holi colors, dark background"
"A wine bottle on a white circular platform, white circular arch disc behind, surrounded by holi colors, dark background_7.png","A wine bottle on a white circular platform, white circular arch disc behind, surrounded by holi colors, dark background"
