image_file,caption
"A serum bottle  placed on a clean, white marble surface with cut up limes scattered around it and droplets on their surfaces_19.png","A serum bottle  placed on a clean, white marble surface with cut up limes scattered around it and droplets on their surfaces"
"A serum bottle  placed on a clean, white marble surface with cut up limes scattered around it and droplets on their surfaces_18.png","A serum bottle  placed on a clean, white marble surface with cut up limes scattered around it and droplets on their surfaces"
"A pump bottle of lime-infused facial cleanser is placed on a clean, white marble surface with cut up limes scattered around it and droplets on their surfaces_6.png","A pump bottle of lime-infused facial cleanser is placed on a clean, white marble surface with cut up limes scattered around it and droplets on their surfaces"
"A pump bottle of lime-infused facial cleanser is placed on a clean, white marble surface with cut up limes scattered around it and droplets on their surfaces_7.png","A pump bottle of lime-infused facial cleanser is placed on a clean, white marble surface with cut up limes scattered around it and droplets on their surfaces"
"A green perfume bottle  placed on a clean, white marble surface with cut up limes scattered around it and droplets on their surfaces_17.png","A green perfume bottle  placed on a clean, white marble surface with cut up limes scattered around it and droplets on their surfaces"
"A lime-scented candle in a glass jar flickers softly on a marble countertop, casting a warm glow over nearby lime slices and a bowl of water_9.png","A lime-scented candle in a glass jar flickers softly on a marble countertop, casting a warm glow over nearby lime slices and a bowl of water"
"A bottle of lime-infused hand soap is positioned beside a bowl of water with floating lime slices, on a marble countertop_8.png","A bottle of lime-infused hand soap is positioned beside a bowl of water with floating lime slices, on a marble countertop"
