image_file,caption
"a brown serum bottle standing on a rock in a moonlight, a big moon in its background, product photoshoot_4.png","a brown serum bottle standing on a rock in a moonlight, a big moon in its background, product photoshoot"
"a blue perfume bottle standing on a rock in a moonlight, a big moon in its background, product photoshoot_0.png","a blue perfume bottle standing on a rock in a moonlight, a big moon in its background, product photoshoot"
"a blue perfume bottle standing on a rock in a moonlight, a big moon in its background, product photoshoot_2.png","a blue perfume bottle standing on a rock in a moonlight, a big moon in its background, product photoshoot"
"a brown serum bottle standing on a rock in a moonlight, a big moon in its background, product photoshoot_3.png","a brown serum bottle standing on a rock in a moonlight, a big moon in its background, product photoshoot"
"a brown serum bottle standing on a rock in a moonlight, a big moon in its background, product photoshoot_5.png","a brown serum bottle standing on a rock in a moonlight, a big moon in its background, product photoshoot"
"a brown serum bottle standing on a rock in a moonlight, a big moon in its background, product photoshoot_7.png","a brown serum bottle standing on a rock in a moonlight, a big moon in its background, product photoshoot"
"a brown serum bottle standing on a rock in a moonlight, a big moon in its background, product photoshoot_6.png","a brown serum bottle standing on a rock in a moonlight, a big moon in its background, product photoshoot"
"a red perfume bottle standing on a rock in a moonlight, a big moon in its background, product photoshoot_8.png","a red perfume bottle standing on a rock in a moonlight, a big moon in its background, product photoshoot"
"a red perfume bottle standing on a rock in a moonlight, a big moon in its background, product photoshoot_9.png","a red perfume bottle standing on a rock in a moonlight, a big moon in its background, product photoshoot"
"a blue perfume bottle standing on a rock in a moonlight, a big moon in its background, product photoshoot_1.png","a blue perfume bottle standing on a rock in a moonlight, a big moon in its background, product photoshoot"
