image_file,caption
"A blue bottle standing on a circular brown wooden platform, on black surface surrounded by large brown orchids, black background, black surface_3.png","A blue bottle standing on a circular brown wooden platform, on black surface surrounded by large brown orchids, black background, black surface"
"A green bottle surrounded by dreamy roses, yellow surface, yellow background_2.png","A green bottle surrounded by dreamy roses, yellow surface, yellow background"
"A black bottle standing on a circular brown wooden platform, surrounded by brown orchids, black background, black surface_0.png","A black bottle standing on a circular brown wooden platform, surrounded by brown orchids, black background, black surface"
"A wine bottle standing on a circular brown wooden platform, on black surface, next to few brown orchids, black background, black surface_11.png","A wine bottle standing on a circular brown wooden platform, on black surface, next to few brown orchids, black background, black surface"
"A yellow bottle surrounded by dreamy pink roses, white surface, yellow background.png","A yellow bottle surrounded by dreamy pink roses, white surface, yellow background.png"
"A wine bottle standing on a circular brown wooden platform, on black surface, next to few brown orchids, black background, black surface_12.png","A wine bottle standing on a circular brown wooden platform, on black surface, next to few brown orchids, black background, black surface"
"A brown serum bottle standing on a circular brown wooden platform, on black surface surrounded by large brown orchids, black background, black surface_7.png","A brown serum bottle standing on a circular brown wooden platform, on black surface surrounded by large brown orchids, black background, black surface"
"A black bottle standing on a circular brown wooden platform, surrounded by brown orchids, black background, black surface_1.png","A black bottle standing on a circular brown wooden platform, surrounded by brown orchids, black background, black surface"
"A white bottle surrounded by dreamy roses on a white surface, white background.png","A white bottle surrounded by dreamy roses on a white surface, white background.png"
"A blue bottle standing on a circular brown wooden platform, on black surface surrounded by large brown orchids, black background, black surface_4.png","A blue bottle standing on a circular brown wooden platform, on black surface surrounded by large brown orchids, black background, black surface"
"A white bottle standing on a circular brown wooden platform, on black surface surrounded by brown orchids, black background, black surface_8.png","A white bottle standing on a circular brown wooden platform, on black surface surrounded by brown orchids, black background, black surface"
"A brown serum bottle standing on a circular brown wooden platform, on black surface surrounded by large brown orchids, black background, black surface_6.png","A brown serum bottle standing on a circular brown wooden platform, on black surface surrounded by large brown orchids, black background, black surface"
"A brown serum bottle surrounded by dreamy roses, brown surface, brown background_2.png","A brown serum bottle surrounded by dreamy roses, brown surface, brown background"
"A brown serum bottle surrounded by dreamy roses, beige surface, beige backgroundpng.png","A brown serum bottle surrounded by dreamy roses, beige surface, beige backgroundpng.png"
"A green bottle surrounded by dreamy roses, yellow surface, yellow background.png","A green bottle surrounded by dreamy roses, yellow surface, yellow background.png"
"A black bottle standing on a circular brown wooden platform, surrounded by brown orchids, black background, black surface_2.png","A black bottle standing on a circular brown wooden platform, surrounded by brown orchids, black background, black surface"
"A brown serum bottle surrounded by dreamy roses, brown surface, brown background.png","A brown serum bottle surrounded by dreamy roses, brown surface, brown background.png"
"A white bottle standing on a circular brown wooden platform, on black surface surrounded by brown orchids, black background, black surface_9.png","A white bottle standing on a circular brown wooden platform, on black surface surrounded by brown orchids, black background, black surface"
"A white bottle surrounded by dreamy roses, white surface, white background.png","A white bottle surrounded by dreamy roses, white surface, white background.png"
"A white bottle standing on a circular brown wooden platform, on black surface surrounded by brown orchids, black background, black surface_10.png","A white bottle standing on a circular brown wooden platform, on black surface surrounded by brown orchids, black background, black surface"
"A yellow bottle surrounded by dreamy roses, whitesurface, yellow background.png","A yellow bottle surrounded by dreamy roses, whitesurface, yellow background.png"
"A brown serum bottle standing on a circular brown wooden platform, on black surface surrounded by large brown orchids, black background, black surface_5.png","A brown serum bottle standing on a circular brown wooden platform, on black surface surrounded by large brown orchids, black background, black surface"
