image_file,caption
A golden perfume bottle on a silver velvet cloth_2png.png,A golden perfume bottle on a silver velvet cloth
A pair of earrings on a blue velvet cloth_3.png,A pair of earrings on a blue velvet cloth
A pair of earrings on a blue velvet cloth_4.png,A pair of earrings on a blue velvet cloth
 ring on a white velvet cloth_2.png, ring on a white velvet cloth
 ring on a white velvet cloth_1.png, ring on a white velvet cloth
A pair of earrings on a blue velvet cloth.png,A pair of earrings on a blue velvet cloth.png
A brown serum bottle on ceramic plate on orange velvet cloth_2png.png,A brown serum bottle on ceramic plate on orange velvet cloth
A brown serum bottle on ceramic plate on orange velvet cloth.png,A brown serum bottle on ceramic plate on orange velvet cloth.png
A pair of earrings on a blue velvet cloth_2.png,A pair of earrings on a blue velvet cloth
A golden perfume bottle on a silver velvet cloth.png,A golden perfume bottle on a silver velvet cloth.png
A golden perfume bottle on a silver velvet cloth_3.png,A golden perfume bottle on a silver velvet cloth
