image_file,caption
"closeup of a silver ring on a dark smooth rock, product photoshoot_4.png","closeup of a silver ring on a dark smooth rock, product photoshoot"
"closeup of a brown serum bottle on a dark smooth rock, product photoshoot_0.png","closeup of a brown serum bottle on a dark smooth rock, product photoshoot"
"closeup of two golden earrings on a dark smooth rock, product photoshoot_11.png","closeup of two golden earrings on a dark smooth rock, product photoshoot"
"closeup of two golden earrings on a dark smooth rock, product photoshoot_10.png","closeup of two golden earrings on a dark smooth rock, product photoshoot"
"closeup of a silver ring on a dark smooth rock, product photoshoot_5.png","closeup of a silver ring on a dark smooth rock, product photoshoot"
"closeup of two golden earrings on a dark smooth rock, product photoshoot_9.png","closeup of two golden earrings on a dark smooth rock, product photoshoot"
"closeup of a silver ring on a dark smooth rock, product photoshoot_6.png","closeup of a silver ring on a dark smooth rock, product photoshoot"
"closeup of a necklace on a dark smooth rock, product photoshoot_3.png","closeup of a necklace on a dark smooth rock, product photoshoot"
"closeup of a brown serum bottle on a dark smooth rock, product photoshoot_1.png","closeup of a brown serum bottle on a dark smooth rock, product photoshoot"
"closeup of a silver ring on a dark smooth rock, product photoshoot_7.png","closeup of a silver ring on a dark smooth rock, product photoshoot"
"closeup of a necklace on a dark smooth rock, product photoshoot_2.png","closeup of a necklace on a dark smooth rock, product photoshoot"
"closeup of two golden earrings on a dark smooth rock, product photoshoot_8.png","closeup of two golden earrings on a dark smooth rock, product photoshoot"
