image_file,caption
"A brown serum bottle standing on top of black rocks with few tiny white flowers, infront of a river, product shot_1.png","A brown serum bottle standing on top of black rocks with few tiny white flowers, infront of a river, product shot"
"A white shampoo bottle standing on top of black rocks with few tiny white flowers, infront of a river, product shot, natural lighting_6.png","A white shampoo bottle standing on top of black rocks with few tiny white flowers, infront of a river, product shot, natural lighting"
"A white shampoo bottle standing on top of black rocks with few tiny white flowers, infront of a river, product shot, natural lighting_1.png","A white shampoo bottle standing on top of black rocks with few tiny white flowers, infront of a river, product shot, natural lighting"
"An oil bottle standing on rocks, infront of a river, product shot, natural lighting_1.png","An oil bottle standing on rocks, infront of a river, product shot, natural lighting"
"A black shampoo bottle standing on top of black rocks with few tiny white flowers, infront of a river, product shot, natural lighting_1.png","A black shampoo bottle standing on top of black rocks with few tiny white flowers, infront of a river, product shot, natural lighting"
"A brown serum bottle standing on top of black rocks with few tiny white flowers, infront of a river, product shot_2.png","A brown serum bottle standing on top of black rocks with few tiny white flowers, infront of a river, product shot"
" A white shampoo bottle standing on grass, infront of a river, product shot, natural lighting_4.png"," A white shampoo bottle standing on grass, infront of a river, product shot, natural lighting"
"A white shampoo bottle standing on grass, infront of a river, product shot, natural lighting_5.png","A white shampoo bottle standing on grass, infront of a river, product shot, natural lighting"
"A black shampoo bottle standing on top of black rocks with few tiny white flowers, infront of a river, product shot, natural lighting_2.png","A black shampoo bottle standing on top of black rocks with few tiny white flowers, infront of a river, product shot, natural lighting"
"A black shampoo bottle standing on top of black rocks with few tiny white flowers, infront of a river, product shot, natural lighting_3.png","A black shampoo bottle standing on top of black rocks with few tiny white flowers, infront of a river, product shot, natural lighting"
"A white shampoo bottle standing on top of black rocks with few tiny white flowers, infront of a river, product shot, natural lighting_5.png","A white shampoo bottle standing on top of black rocks with few tiny white flowers, infront of a river, product shot, natural lighting"
"An oil bottle standing on rocks, infront of a river, product shot, natural lighting_2.png","An oil bottle standing on rocks, infront of a river, product shot, natural lighting"
"A white shampoo bottle standing on grass, infront of a river, product shot, natural lighting_1.png","A white shampoo bottle standing on grass, infront of a river, product shot, natural lighting"
"A white shampoo bottle standing on grass, infront of a river, product shot, natural lighting_7.png","A white shampoo bottle standing on grass, infront of a river, product shot, natural lighting"
