image_file,caption
"product photoshoot of powder bottle lying on wooden chopping board on kitchen table, vegetables around it, minimal, top down shot_4.png","product photoshoot of powder bottle lying on wooden chopping board on kitchen table, vegetables around it, minimal, top down shot"
"product photoshoot of powder bottle lying on wooden chopping board on kitchen table, vegetables around it, minimal, top down shot_5.png","product photoshoot of powder bottle lying on wooden chopping board on kitchen table, vegetables around it, minimal, top down shot"
"A product, kept on the baking station, in the kitchen, fairy lights in the background, product shoot_8.png","A product, kept on the baking station, in the kitchen, fairy lights in the background, product shoot"
"A black bottle, kept on the baking station, in the kitchen, fairy lights in the background, product shoot_6.png","A black bottle, kept on the baking station, in the kitchen, fairy lights in the background, product shoot"
"product photoshoot of brown serum bottle lying on wooden chopping board on kitchen table, vegetables around it, minimal, top down shot_1.png","product photoshoot of brown serum bottle lying on wooden chopping board on kitchen table, vegetables around it, minimal, top down shot"
"A coffee mug, kept on the baking station, in the kitchen, fairy lights in the background, product shoot_3.png","A coffee mug, kept on the baking station, in the kitchen, fairy lights in the background, product shoot"
"A cup, kept on the baking station, in the kitchen, fairy lights in the background, product shoot_4.png","A cup, kept on the baking station, in the kitchen, fairy lights in the background, product shoot"
"product photoshoot of perfume bottle lying on wooden chopping board on kitchen table, vegetables around it, minimal, top down shot_2.png","product photoshoot of perfume bottle lying on wooden chopping board on kitchen table, vegetables around it, minimal, top down shot"
"product photoshoot of brown serum bottle lying on wooden chopping board on kitchen table, vegetables around it, minimal_0.png","product photoshoot of brown serum bottle lying on wooden chopping board on kitchen table, vegetables around it, minimal"
"A coffee mug, kept on the baking station, in the kitchen, fairy lights in the background, product shoot_5.png","A coffee mug, kept on the baking station, in the kitchen, fairy lights in the background, product shoot"
"A white bottle, kept on the baking station, in the kitchen, fairy lights in the background, product shoot_11.png","A white bottle, kept on the baking station, in the kitchen, fairy lights in the background, product shoot"
"A cofee mug, kept on the baking station, in the kitchen, fairy lights in the background, product shoot_2.png","A cofee mug, kept on the baking station, in the kitchen, fairy lights in the background, product shoot"
"A glass jar, kept on the baking station, in the kitchen, fairy lights in the background, product shoot_1.png","A glass jar, kept on the baking station, in the kitchen, fairy lights in the background, product shoot"
"A glass bottle, kept on the baking station, in the kitchen, fairy lights in the background, product shoot_7.png","A glass bottle, kept on the baking station, in the kitchen, fairy lights in the background, product shoot"
"product photoshoot of wine bottle lying on wooden chopping board on kitchen table, vegetables around it, minimal, top down shot_7.png","product photoshoot of wine bottle lying on wooden chopping board on kitchen table, vegetables around it, minimal, top down shot"
"product photoshoot of wine bottle lying on wooden chopping board on kitchen table, vegetables around it, minimal, top down shot_8.png","product photoshoot of wine bottle lying on wooden chopping board on kitchen table, vegetables around it, minimal, top down shot"
"product photoshoot of perfume bottle lying on wooden chopping board on kitchen table, vegetables around it, minimal, top down shot_3.png","product photoshoot of perfume bottle lying on wooden chopping board on kitchen table, vegetables around it, minimal, top down shot"
"A bottle, kept on the baking station, in the kitchen, fairy lights in the background, product shoot_9.png","A bottle, kept on the baking station, in the kitchen, fairy lights in the background, product shoot"
"product photoshoot of stain steel glass standing on wooden chopping board on kitchen table, vegetables around it, minimal, top down shot_6.png","product photoshoot of stain steel glass standing on wooden chopping board on kitchen table, vegetables around it, minimal, top down shot"
"A glass bottle, kept on the baking station, in the kitchen, fairy lights in the background, product shoot_10.png","A glass bottle, kept on the baking station, in the kitchen, fairy lights in the background, product shoot"
