image_file,caption
"A brown perfume bottle stadning on rock surrounded by autumn leaves, bright light behind the product.jpg","A brown perfume bottle stadning on rock surrounded by autumn leaves, bright light behind the product"
"A pink bottle on black rock on water, surrounded by roses and leaves, bright light in background.png","A pink bottle on black rock on water, surrounded by roses and leaves, bright light in background"
"A brown serum bottle standing on a black rock on top of water, surrounded by flowers and flora , leaves around, bright light behind the product_1.png","A brown serum bottle standing on a black rock on top of water, surrounded by flowers and flora , leaves around, bright light behind the product_1"
"A brown serum bottle standing on a black rock on top of water, surrounded by flowers and flora , leaves around, bright light behind the product_2.png","A brown serum bottle standing on a black rock on top of water, surrounded by flowers and flora , leaves around, bright light behind the product_2"
"A golden perfume standing on water surrounded by flowers and green flora around, bright light in background.jpeg","A golden perfume standing on water surrounded by flowers and green flora around, bright light in background"
"A blue shampoo bottle standing on a black rock on top of water, surrounded by flowers and flora , leaves around, bright light behind the product_2.png","A blue shampoo bottle standing on a black rock on top of water, surrounded by flowers and flora , leaves around, bright light behind the product_2"
"Cosmetic products in a container on black rock surrounded by leaves on all sides, bright spotlight in background.jpg","Cosmetic products in a container on black rock surrounded by leaves on all sides, bright spotlight in background"
"A blue shampoo bottle standing on a black rock on top of water, surrounded by flowers and flora , leaves around, bright light behind the product_1.png","A blue shampoo bottle standing on a black rock on top of water, surrounded by flowers and flora , leaves around, bright light behind the product_1"
"A beige bottle on a rock on water surrounded by green leaves all around, bright light behind thr product.jpg","A beige bottle on a rock on water surrounded by green leaves all around, bright light behind thr product"
"brown skincare products, silver product on a rock on water surrounded by green leaves all around, bright light behind thr product.jpg","brown skincare products, silver product on a rock on water surrounded by green leaves all around, bright light behind thr product"
"A red perfume bottle standing on a black rock on top of water, surrounded by roses and leaves around, bright light behind the product_1.png","A red perfume bottle standing on a black rock on top of water, surrounded by roses and leaves around, bright light behind the product_1"
"A white bottle on a rock on water surrounded by green leaves all around, bright light behind thr product_2.jpg","A white bottle on a rock on water surrounded by green leaves all around, bright light behind thr product_2"
"A red perfume bottle standing on a black rock on top of water, surrounded by roses and leaves around, bright light behind the product.jpg","A red perfume bottle standing on a black rock on top of water, surrounded by roses and leaves around, bright light behind the product"
