image_file,caption
"A pink bottle on black rock on water, surrounded by roses and leaves, bright light in background.png","A pink bottle on black rock on water, surrounded by roses and leaves, bright light in background.png"
"A brown serum bottle standing on a black rock on top of water, surrounded by flowers and flora , leaves around, bright light behind the product_1.png","A brown serum bottle standing on a black rock on top of water, surrounded by flowers and flora , leaves around, bright light behind the product"
"A brown serum bottle standing on a black rock on top of water, surrounded by flowers and flora , leaves around, bright light behind the product_2.png","A brown serum bottle standing on a black rock on top of water, surrounded by flowers and flora , leaves around, bright light behind the product"
"A blue shampoo bottle standing on a black rock on top of water, surrounded by flowers and flora , leaves around, bright light behind the product_2.png","A blue shampoo bottle standing on a black rock on top of water, surrounded by flowers and flora , leaves around, bright light behind the product"
"A blue shampoo bottle standing on a black rock on top of water, surrounded by flowers and flora , leaves around, bright light behind the product_1.png","A blue shampoo bottle standing on a black rock on top of water, surrounded by flowers and flora , leaves around, bright light behind the product"
"A red perfume bottle standing on a black rock on top of water, surrounded by roses and leaves around, bright light behind the product_1.png","A red perfume bottle standing on a black rock on top of water, surrounded by roses and leaves around, bright light behind the product"
