image_file,caption
"A green perfume bottle rests on a white counter, illuminated by gentle moonlight, with elegant tuberose on both sides, against a serene, night sky background_7.png","A green perfume bottle rests on a white counter, illuminated by gentle moonlight, with elegant tuberose on both sides, against a serene, night sky background"
"High angle shot , a close up of a green perfume bottle rests on a white counter, illuminated by gentle moonlight, with elegant tuberose on both sides_3.png","High angle shot , a close up of a green perfume bottle rests on a white counter, illuminated by gentle moonlight, with elegant tuberose on both sides"
"A green purse rests on a white counter, illuminated by gentle moonlight, with elegant tuberose on both sides, against a serene, night sky background_10.png","A green purse rests on a white counter, illuminated by gentle moonlight, with elegant tuberose on both sides, against a serene, night sky background"
"A green perfume bottle rests on a white counter, illuminated by gentle moonlight, with elegant tuberose on both sides, against a serene, night sky background_8.png","A green perfume bottle rests on a white counter, illuminated by gentle moonlight, with elegant tuberose on both sides, against a serene, night sky background"
"A green purse rests on a white counter, illuminated by gentle moonlight, with elegant tuberose on both sides, against a serene, night sky background_9.png","A green purse rests on a white counter, illuminated by gentle moonlight, with elegant tuberose on both sides, against a serene, night sky background"
"High angle shot , a close up of a green perfume bottle rests on a white counter, illuminated by gentle moonlight, with elegant tuberose on both sides_2.png","High angle shot , a close up of a green perfume bottle rests on a white counter, illuminated by gentle moonlight, with elegant tuberose on both sides"
"A green perfume bottle rests on a white counter, illuminated by gentle moonlight, with elegant tuberose on both sides, against a serene, night sky background_6.png","A green perfume bottle rests on a white counter, illuminated by gentle moonlight, with elegant tuberose on both sides, against a serene, night sky background"
"High angle shot , a close up of a green perfume bottle rests on a white counter, illuminated by gentle moonlight, with elegant tuberose on both sides_1.png","High angle shot , a close up of a green perfume bottle rests on a white counter, illuminated by gentle moonlight, with elegant tuberose on both sides"
"High angle shot , a close up of a green perfume bottle rests on a white counter, illuminated by gentle moonlight, with elegant tuberose on both sides_5.png","High angle shot , a close up of a green perfume bottle rests on a white counter, illuminated by gentle moonlight, with elegant tuberose on both sides"
"High angle shot , a close up of a green perfume bottle rests on a white counter, illuminated by gentle moonlight, with elegant tuberose on both sides_4.png","High angle shot , a close up of a green perfume bottle rests on a white counter, illuminated by gentle moonlight, with elegant tuberose on both sides"
