image_file,caption
"a blue jar on a black counter in a corner, pink walls, beige curtains in the background, product photoshoot, 8k_5.png","a blue jar on a black counter in a corner, pink walls, beige curtains in the background, product photoshoot, 8k"
"a red perfume bottle on a black counter in a corner, pink walls, beige curtains in the background, product photoshoot, 8k_6.png","a red perfume bottle on a black counter in a corner, pink walls, beige curtains in the background, product photoshoot, 8k"
"a yellow water bottle on a black counter in a corner, pink walls, beige curtains in the background, product photoshoot, 8k_10.png","a yellow water bottle on a black counter in a corner, pink walls, beige curtains in the background, product photoshoot, 8k"
"a black wine bottle on a black counter in a corner, pink walls, beige curtains in the background, product photoshoot, 8k_1.png","a black wine bottle on a black counter in a corner, pink walls, beige curtains in the background, product photoshoot, 8k"
"a yellow perfume bottle on a black counter in a corner, pink walls, beige curtains in the background, product photoshoot, 8k_9.png","a yellow perfume bottle on a black counter in a corner, pink walls, beige curtains in the background, product photoshoot, 8k"
"a black wine bottle on a black counter in a corner, pink walls, beige curtains in the background, product photoshoot, 8k_0.png","a black wine bottle on a black counter in a corner, pink walls, beige curtains in the background, product photoshoot, 8k"
"a blue jar on a black counter in a corner, pink walls, beige curtains in the background, product photoshoot, 8k_4.png","a blue jar on a black counter in a corner, pink walls, beige curtains in the background, product photoshoot, 8k"
"a yellow water bottle on a black counter in a corner, pink walls, beige curtains in the background, product photoshoot, 8k_12.png","a yellow water bottle on a black counter in a corner, pink walls, beige curtains in the background, product photoshoot, 8k"
"a yellow perfume bottle on a black counter in a corner, pink walls, beige curtains in the background, product photoshoot, 8k_8.png","a yellow perfume bottle on a black counter in a corner, pink walls, beige curtains in the background, product photoshoot, 8k"
"a blue jar on a black counter in a corner, pink walls, beige curtains in the background, product photoshoot, 8k_3.png","a blue jar on a black counter in a corner, pink walls, beige curtains in the background, product photoshoot, 8k"
"a yellow water bottle on a black counter in a corner, pink walls, beige curtains in the background, product photoshoot, 8k_11.png","a yellow water bottle on a black counter in a corner, pink walls, beige curtains in the background, product photoshoot, 8k"
"a red perfume bottle on a black counter in a corner, pink walls, beige curtains in the background, product photoshoot, 8k_7.png","a red perfume bottle on a black counter in a corner, pink walls, beige curtains in the background, product photoshoot, 8k"
"a black wine bottle on a black counter in a corner, pink walls, beige curtains in the background, product photoshoot, 8k_2.png","a black wine bottle on a black counter in a corner, pink walls, beige curtains in the background, product photoshoot, 8k"
