image_file,caption
orange purse standing on a reflective surface in front of a dark background wall with horizontol array of red led lights_0.png,orange purse standing on a reflective surface in front of a dark background wall with horizontol array of red led lights
close up of a purple shampoo bottle standing on a reflective surface in front of a dark background wall with an array of led strips_2.png,close up of a purple shampoo bottle standing on a reflective surface in front of a dark background wall with an array of led strips
close up of a purple shampoo bottle standing on a reflective surface in front of a black background wall with an array of pink white and yellow led strips_0.png,close up of a purple shampoo bottle standing on a reflective surface in front of a black background wall with an array of pink white and yellow led strips
close up of a purple shampoo bottle standing on a reflective surface in front of a dark background wall with an array of led strips_3.png,close up of a purple shampoo bottle standing on a reflective surface in front of a dark background wall with an array of led strips
red shampoo bottle standing on a reflective surface in front of a dark background wall with horizontol array of yellow led lights_0.png,red shampoo bottle standing on a reflective surface in front of a dark background wall with horizontol array of yellow led lights
A blue bottle h standing on a reflective surface in front of a dark background wall with horizontol array of blue led strips--v 6.0_0.png,A blue bottle h standing on a reflective surface in front of a dark background wall with horizontol array of blue led strips--v 6.0
A black headphones standing on a reflective surface in front of a dark background wall with horizontol array of blue led lights_0.png,A black headphones standing on a reflective surface in front of a dark background wall with horizontol array of blue led lights
"red shampoo bottle standing on a reflective surface in front of a black background wall with an horizontol array of purple, white and yellow led strips_1.png","red shampoo bottle standing on a reflective surface in front of a black background wall with an horizontol array of purple, white and yellow led strips"
close up of a green shampoo bottle standing on a reflective surface in front of a dark background wall with an array of led strips_0.png,close up of a green shampoo bottle standing on a reflective surface in front of a dark background wall with an array of led strips
red shampoo bottle standing on a reflective surface in front of a dark background wall with horizontol array of yellow led lights_2.png,red shampoo bottle standing on a reflective surface in front of a dark background wall with horizontol array of yellow led lights
close up of a purple shampoo bottle standing on a reflective surface in front of a dark background wall with an array of led strips_0.png,close up of a purple shampoo bottle standing on a reflective surface in front of a dark background wall with an array of led strips
"red shampoo bottle standing on a reflective surface in front of a black background wall with an horizontol array of purple, white and yellow led strips_0.png","red shampoo bottle standing on a reflective surface in front of a black background wall with an horizontol array of purple, white and yellow led strips"
red shampoo bottle standing on a reflective surface in front of a dark background wall with horizontol array of yellow led lights_1.png,red shampoo bottle standing on a reflective surface in front of a dark background wall with horizontol array of yellow led lights
orange purse standing on a reflective surface in front of a dark background wall with horizontol array of red led lights_1.png,orange purse standing on a reflective surface in front of a dark background wall with horizontol array of red led lights
close up of a purple shampoo bottle standing on a reflective surface in front of a dark background wall with an array of led strips_1.png,close up of a purple shampoo bottle standing on a reflective surface in front of a dark background wall with an array of led strips
