image_file,caption
product photograph of a yellow bagpack on a smooth rock platform floating on water with misty dark background and two thick metal chinese dragons on its sides facing the product_7.png,product photograph of a yellow bagpack on a smooth rock platform floating on water with misty dark background and two thick metal chinese dragons on its sides facing the product
product photograph of a skincare tube on a smooth rock platform floating on water with misty dark background and two thick metal chinese dragons on its sides facing the product_3.png,product photograph of a skincare tube on a smooth rock platform floating on water with misty dark background and two thick metal chinese dragons on its sides facing the product
product photograph of a blue perfume bottle on a smooth rock platform floating on water with misty dark background and two thick metal chinese dragons on its sides facing the product_0.png,product photograph of a blue perfume bottle on a smooth rock platform floating on water with misty dark background and two thick metal chinese dragons on its sides facing the product
product photograph of blue perfume bottle on a rock platform floaing on water with misty dark background and two big metal chinese dragons on its sides facing each other_9.png,product photograph of blue perfume bottle on a rock platform floaing on water with misty dark background and two big metal chinese dragons on its sides facing each other
product photograph of a red bottle on a smooth rock platform floating on water with misty dark background and two thick metal chinese dragons on its sides facing the product_1.png,product photograph of a red bottle on a smooth rock platform floating on water with misty dark background and two thick metal chinese dragons on its sides facing the product
product photograph of a skincare tube on a smooth rock platform floating on water with misty dark background and two thick metal chinese dragons on its sides facing the product_2.png,product photograph of a skincare tube on a smooth rock platform floating on water with misty dark background and two thick metal chinese dragons on its sides facing the product
product photograph of a wine bottle on a rock platform floating on water with misty dark background and two thick metal chinese dragons on its sides facing each other_5.png,product photograph of a wine bottle on a rock platform floating on water with misty dark background and two thick metal chinese dragons on its sides facing each other
product photograph of a wine bottle on a smooth rock platform floating on water with misty dark background and two thick metal chinese dragons on its sides facing the product_6.png,product photograph of a wine bottle on a smooth rock platform floating on water with misty dark background and two thick metal chinese dragons on its sides facing the product
product photograph of brown serum bottle floating in air with misty dark background and two big metal dragons on its sides facing each other_10.png,product photograph of brown serum bottle floating in air with misty dark background and two big metal dragons on its sides facing each other
product photograph of brown serum bottle floating in air with misty dark background and two big metal dragons on its sides facing each other_11.png,product photograph of brown serum bottle floating in air with misty dark background and two big metal dragons on its sides facing each other
product photograph of a yellow bagpack on a smooth rock platform floating on water with misty dark background and two thick metal chinese dragons on its sides facing the product_8.png,product photograph of a yellow bagpack on a smooth rock platform floating on water with misty dark background and two thick metal chinese dragons on its sides facing the product
product photograph of a skincare tube on a smooth rock platform floating on water with misty dark background and two thick metal chinese dragons on its sides facing the product_4.png,product photograph of a skincare tube on a smooth rock platform floating on water with misty dark background and two thick metal chinese dragons on its sides facing the product
