image_file,caption
A pale green glass bottle on brown basket on a yellow surface with some tea ingredients_7.png,A pale green glass bottle on brown basket on a yellow surface with some tea ingredients
A black bottle on brown basket on a yellow surface with some tea ingredients_4.png,A black bottle on brown basket on a yellow surface with some tea ingredients
A black bottle on brown basket on a yellow surface with some tea ingredients_1.png,A black bottle on brown basket on a yellow surface with some tea ingredients
A bottle on brown basket on a yellow surface with some tea ingredients_9.png,A bottle on brown basket on a yellow surface with some tea ingredients
A tea bottle standing in a basket with some ginger on a colorful studio_2.png,A tea bottle standing in a basket with some ginger on a colorful studio
A glass bottle standing in a basket with some ginger on a colorful studio_5.png,A glass bottle standing in a basket with some ginger on a colorful studio
A brown bottle standing in a basket with some ginger on a colorful studio_4.png,A brown bottle standing in a basket with some ginger on a colorful studio
A green bottle on brown basket on a green surface with some tea ingredients_5.png,A green bottle on brown basket on a green surface with some tea ingredients
A brown glass bottle on brown basket on a yellow surface with some tea ingredients_8.png,A brown glass bottle on brown basket on a yellow surface with some tea ingredients
A glass bottle with black cap on brown basket on a yellow surface with some tea ingredients_6.png,A glass bottle with black cap on brown basket on a yellow surface with some tea ingredients
A tea bottle on brown basket on a beige surface with some tea ingredients_3.png,A tea bottle on brown basket on a beige surface with some tea ingredients
A bottle on brown basket on a beige surface with some tea ingredients_2.png,A bottle on brown basket on a beige surface with some tea ingredients
A glass bottle standing in a basket with some ginger on a colorful studio_3.png,A glass bottle standing in a basket with some ginger on a colorful studio
