image_file,caption
A serum bottle on a wooden podium on a beige background_2.png,A serum bottle on a wooden podium on a beige background
A sunglasses on a wooden podium on a black textured background_2.png,A sunglasses on a wooden podium on a black textured background
"A green bottle on a wooden podium on a green textured background,.png","A green bottle on a wooden podium on a green textured background,.png"
A pink purse on a wooden podium on a red background_2.png,A pink purse on a wooden podium on a red background
A pink purse on a wooden podium on a red background_1.png,A pink purse on a wooden podium on a red background
A blue bottle on a wooden podium on a light blue background_1.png,A blue bottle on a wooden podium on a light blue background
A serum bottle on a wooden podium on a beige background_1.png,A serum bottle on a wooden podium on a beige background
"A brown bottle standing on a wooden structure, beige background_1.png","A brown bottle standing on a wooden structure, beige background"
A sunglasses on a wooden podium on a black textured background_1.png,A sunglasses on a wooden podium on a black textured background
