image_file,caption
A beige tube standing on a circular wooden surface with a towl and leaves on the side_3.png,A beige tube standing on a circular wooden surface with a towl and leaves on the side
A perfume bottle standing on a circular wooden surface with a towl and leaves on the side_1.png,A perfume bottle standing on a circular wooden surface with a towl and leaves on the side
A white facewash tube standing on a circular wooden surface with a towl and leaves on the side_1.png,A white facewash tube standing on a circular wooden surface with a towl and leaves on the side
A beige tube standing on a circular wooden surface with a towl and leaves on the side_1.png,A beige tube standing on a circular wooden surface with a towl and leaves on the side
A beige tube standing on a circular wooden surface with a towl and leaves on the side_7.png,A beige tube standing on a circular wooden surface with a towl and leaves on the side
A white facewash tube standing on a circular wooden surface with a towl and leaves on the side_3.png,A white facewash tube standing on a circular wooden surface with a towl and leaves on the side
A perfume bottle standing on a circular wooden surface with a towl and leaves on the side_2.png,A perfume bottle standing on a circular wooden surface with a towl and leaves on the side
A serum bottle standing on a circular wooden surface with a towl and leaves on the side_7.png,A serum bottle standing on a circular wooden surface with a towl and leaves on the side
A perfume bottle standing on a circular wooden surface with a towl and leaves on the side_6.png,A perfume bottle standing on a circular wooden surface with a towl and leaves on the side
A white facewash tube standing on a circular wooden surface with a towl and leaves on the side_2.png,A white facewash tube standing on a circular wooden surface with a towl and leaves on the side
A bottle standing on a circular wooden surface with a towl and leaves on the side_3.png,A bottle standing on a circular wooden surface with a towl and leaves on the side
A serum bottle standing on a circular wooden surface with a towl and leaves on the side_4.png,A serum bottle standing on a circular wooden surface with a towl and leaves on the side
A beige tube standing on a circular wooden surface with a towl and leaves on the side_4.png,A beige tube standing on a circular wooden surface with a towl and leaves on the side
