image_file,caption
"a blue perfume bottle lying on a surface full of vibrant blossoms and lush greenery, with soft, diffused lighting to evoke a sense of joy and celebration, captured in professional style,_2.png","a blue perfume bottle lying on a surface full of vibrant blossoms and lush greenery, with soft, diffused lighting to evoke a sense of joy and celebration, captured in professional style,"
"yellow facewash tube place on a surface full of vibrant blossoms and lush greenery, with soft, diffused lighting to evoke a sense of joy and celebration, captured in professional style,_13.png","yellow facewash tube place on a surface full of vibrant blossoms and lush greenery, with soft, diffused lighting to evoke a sense of joy and celebration, captured in professional style,"
"a blue spray bottle place on a surface full of vibrant blossoms and lush greenery, with soft, diffused lighting to evoke a sense of joy and celebration, captured in professional style,_4.png","a blue spray bottle place on a surface full of vibrant blossoms and lush greenery, with soft, diffused lighting to evoke a sense of joy and celebration, captured in professional style,"
"brown serum bottle place on a surface full of vibrant blossoms and lush greenery, with soft, diffused lighting to evoke a sense of joy and celebration, captured in professional style,_8.png","brown serum bottle place on a surface full of vibrant blossoms and lush greenery, with soft, diffused lighting to evoke a sense of joy and celebration, captured in professional style,"
"yellow facewash tube place on a surface full of vibrant blossoms and lush greenery, with soft, diffused lighting to evoke a sense of joy and celebration, captured in professional style,_12.png","yellow facewash tube place on a surface full of vibrant blossoms and lush greenery, with soft, diffused lighting to evoke a sense of joy and celebration, captured in professional style,"
"a blue perfume bottle lying on a surface full of vibrant blossoms and lush greenery, with soft, diffused lighting to evoke a sense of joy and celebration, captured in professional style,_0.png","a blue perfume bottle lying on a surface full of vibrant blossoms and lush greenery, with soft, diffused lighting to evoke a sense of joy and celebration, captured in professional style,"
"a wine bottle lying on a surface full of vibrant blossoms and lush greenery, with soft, diffused lighting to evoke a sense of joy and celebration, captured in professional style,_5.png","a wine bottle lying on a surface full of vibrant blossoms and lush greenery, with soft, diffused lighting to evoke a sense of joy and celebration, captured in professional style,"
"a wine bottle lying on a surface full of vibrant blossoms and lush greenery, with soft, diffused lighting to evoke a sense of joy and celebration, captured in professional style,_6.png","a wine bottle lying on a surface full of vibrant blossoms and lush greenery, with soft, diffused lighting to evoke a sense of joy and celebration, captured in professional style,"
"a blue perfume bottle lying on a surface full of vibrant blossoms and lush greenery, with soft, diffused lighting to evoke a sense of joy and celebration, captured in professional style,_1.png","a blue perfume bottle lying on a surface full of vibrant blossoms and lush greenery, with soft, diffused lighting to evoke a sense of joy and celebration, captured in professional style,"
"brown serum bottle place on a surface full of vibrant blossoms and lush greenery, with soft, diffused lighting to evoke a sense of joy and celebration, captured in professional style,_7.png","brown serum bottle place on a surface full of vibrant blossoms and lush greenery, with soft, diffused lighting to evoke a sense of joy and celebration, captured in professional style,"
"brown serum bottle place on a surface full of vibrant blossoms and lush greenery, with soft, diffused lighting to evoke a sense of joy and celebration, captured in professional style,_9.png","brown serum bottle place on a surface full of vibrant blossoms and lush greenery, with soft, diffused lighting to evoke a sense of joy and celebration, captured in professional style,"
"pink toothpaste tube place on a surface full of vibrant blossoms and lush greenery, with soft, diffused lighting to evoke a sense of joy and celebration, captured in professional style,_10.png","pink toothpaste tube place on a surface full of vibrant blossoms and lush greenery, with soft, diffused lighting to evoke a sense of joy and celebration, captured in professional style,"
"pink toothpaste tube place on a surface full of vibrant blossoms and lush greenery, with soft, diffused lighting to evoke a sense of joy and celebration, captured in professional style,_11.png","pink toothpaste tube place on a surface full of vibrant blossoms and lush greenery, with soft, diffused lighting to evoke a sense of joy and celebration, captured in professional style,"
"a blue spray bottle place on a surface full of vibrant blossoms and lush greenery, with soft, diffused lighting to evoke a sense of joy and celebration, captured in professional style,_3.png","a blue spray bottle place on a surface full of vibrant blossoms and lush greenery, with soft, diffused lighting to evoke a sense of joy and celebration, captured in professional style,"
