image_file,caption
"A blue bottle standing on a circular brown wooden platform, on black surface surrounded by large brown orchids, black background, black surface_3.png","A blue bottle standing on a circular brown wooden platform, on black surface surrounded by large brown orchids, black background, black surface"
"A black bottle standing on a circular brown wooden platform, surrounded by brown orchids, black background, black surface_0.png","A black bottle standing on a circular brown wooden platform, surrounded by brown orchids, black background, black surface"
"A wine bottle standing on a circular brown wooden platform, on black surface, next to few brown orchids, black background, black surface_11.png","A wine bottle standing on a circular brown wooden platform, on black surface, next to few brown orchids, black background, black surface"
"A wine bottle standing on a circular brown wooden platform, on black surface, next to few brown orchids, black background, black surface_12.png","A wine bottle standing on a circular brown wooden platform, on black surface, next to few brown orchids, black background, black surface"
"A brown serum bottle standing on a circular brown wooden platform, on black surface surrounded by large brown orchids, black background, black surface_7.png","A brown serum bottle standing on a circular brown wooden platform, on black surface surrounded by large brown orchids, black background, black surface"
"A black bottle standing on a circular brown wooden platform, surrounded by brown orchids, black background, black surface_1.png","A black bottle standing on a circular brown wooden platform, surrounded by brown orchids, black background, black surface"
"A blue bottle standing on a circular brown wooden platform, on black surface surrounded by large brown orchids, black background, black surface_4.png","A blue bottle standing on a circular brown wooden platform, on black surface surrounded by large brown orchids, black background, black surface"
"A white bottle standing on a circular brown wooden platform, on black surface surrounded by brown orchids, black background, black surface_8.png","A white bottle standing on a circular brown wooden platform, on black surface surrounded by brown orchids, black background, black surface"
"A brown serum bottle standing on a circular brown wooden platform, on black surface surrounded by large brown orchids, black background, black surface_6.png","A brown serum bottle standing on a circular brown wooden platform, on black surface surrounded by large brown orchids, black background, black surface"
"A black bottle standing on a circular brown wooden platform, surrounded by brown orchids, black background, black surface_2.png","A black bottle standing on a circular brown wooden platform, surrounded by brown orchids, black background, black surface"
"A white bottle standing on a circular brown wooden platform, on black surface surrounded by brown orchids, black background, black surface_9.png","A white bottle standing on a circular brown wooden platform, on black surface surrounded by brown orchids, black background, black surface"
"A white bottle standing on a circular brown wooden platform, on black surface surrounded by brown orchids, black background, black surface_10.png","A white bottle standing on a circular brown wooden platform, on black surface surrounded by brown orchids, black background, black surface"
"A brown serum bottle standing on a circular brown wooden platform, on black surface surrounded by large brown orchids, black background, black surface_5.png","A brown serum bottle standing on a circular brown wooden platform, on black surface surrounded by large brown orchids, black background, black surface"
