image_file,caption
"A perfume bottle, kept on a brown rock, with a bunch of trees in the back, product shoot_2.png","A perfume bottle, kept on a brown rock, with a bunch of trees in the back, product shoot"
"A ketchup bottle, kept on a brown rock, with a bunch of trees in the back, product shoot_4.png","A ketchup bottle, kept on a brown rock, with a bunch of trees in the back, product shoot"
"A perfume bottle, kept on a brown rock, with a bunch of trees in the back, product shoot_4.png","A perfume bottle, kept on a brown rock, with a bunch of trees in the back, product shoot"
"A ketchup bottle, kept on a brown rock, with a bunch of trees in the back, product shoot_1.png","A ketchup bottle, kept on a brown rock, with a bunch of trees in the back, product shoot"
"A ketchup bottle, kept on a brown rock, with a bunch of trees in the back, product shoot_3.png","A ketchup bottle, kept on a brown rock, with a bunch of trees in the back, product shoot"
"A serum bottle, kept on a brown rock, with a bunch of trees in the back, product shoot_4.png","A serum bottle, kept on a brown rock, with a bunch of trees in the back, product shoot"
"A serum bottle, kept on a brown rock, with a bunch of trees in the back, product shoot_2.png","A serum bottle, kept on a brown rock, with a bunch of trees in the back, product shoot"
"A perfume bottle, kept on a brown rock, with a bunch of trees in the back, product shoot_1.png","A perfume bottle, kept on a brown rock, with a bunch of trees in the back, product shoot"
"A perfume bottle, kept on a brown rock, with a bunch of trees in the back, product shoot_3.png","A perfume bottle, kept on a brown rock, with a bunch of trees in the back, product shoot"
"A serum bottle, kept on a brown rock, with a bunch of trees in the back, product shoot_3.png","A serum bottle, kept on a brown rock, with a bunch of trees in the back, product shoot"
"A serum bottle, kept on a brown rock, with a bunch of trees in the back, product shoot_1.png","A serum bottle, kept on a brown rock, with a bunch of trees in the back, product shoot"
"A ketchup bottle, kept on a brown rock, with a bunch of trees in the back, product shoot_2.png","A ketchup bottle, kept on a brown rock, with a bunch of trees in the back, product shoot"
