image_file,caption
"close up of a red wine bottle on a wooden board on soil in front of red large pirate ships in ocean, sunset, product shoot_4.png","close up of a red wine bottle on a wooden board on soil in front of red large pirate ships in ocean, sunset, product shoot"
"close up of a red wine bottle on a wooden board on soil in front of red large pirate ships in ocean, sunset, product shoot_5.png","close up of a red wine bottle on a wooden board on soil in front of red large pirate ships in ocean, sunset, product shoot"
"close up of a beer can on a wooden board on soil in front of red large pirate ships in ocean, sunset, product shoot_3.png","close up of a beer can on a wooden board on soil in front of red large pirate ships in ocean, sunset, product shoot"
"close up of a beer can on a wooden board on soil in front of red large pirate ships in ocean, sunset, product shoot_2.png","close up of a beer can on a wooden board on soil in front of red large pirate ships in ocean, sunset, product shoot"
"close up of a red wine bottle on a wooden board on soil in front of red large pirate ships in ocean, sunset, product shoot_3.png","close up of a red wine bottle on a wooden board on soil in front of red large pirate ships in ocean, sunset, product shoot"
"close up of a red wine bottle on a wooden board on soil in front of red large pirate ships in ocean, sunset, product shoot_1.png","close up of a red wine bottle on a wooden board on soil in front of red large pirate ships in ocean, sunset, product shoot"
"close up of a beer can on a wooden board on soil in front of red large pirate ships in ocean, sunset, product shoot_1.png","close up of a beer can on a wooden board on soil in front of red large pirate ships in ocean, sunset, product shoot"
"close up of a red wine bottle on a wooden board on soil in front of red large pirate ships in ocean, sunset, product shoot_8.png","close up of a red wine bottle on a wooden board on soil in front of red large pirate ships in ocean, sunset, product shoot"
"close up of a red wine bottle on a wooden board on soil in front of red large pirate ships in ocean, sunset, product shoot_6.png","close up of a red wine bottle on a wooden board on soil in front of red large pirate ships in ocean, sunset, product shoot"
"close up of a beer can on a wooden board on soil in front of red large pirate ships in ocean, sunset, product shoot_4.png","close up of a beer can on a wooden board on soil in front of red large pirate ships in ocean, sunset, product shoot"
"close up of a red wine bottle on a wooden board on soil in front of red large pirate ships in ocean, sunset, product shoot_7.png","close up of a red wine bottle on a wooden board on soil in front of red large pirate ships in ocean, sunset, product shoot"
"close up of a red wine bottle on a wooden board on soil in front of red large pirate ships in ocean, sunset, product shoot_2.png","close up of a red wine bottle on a wooden board on soil in front of red large pirate ships in ocean, sunset, product shoot"
