image_file,caption
"blue perfume bottle on the side of a log, in the style of layered landscapes, close-up, light brown and silver_1.png","blue perfume bottle on the side of a log, in the style of layered landscapes, close-up, light brown and silver"
"brown serum bottle on the side of a log, in the style of layered landscapes, close-up, light brown and silver_2.png","brown serum bottle on the side of a log, in the style of layered landscapes, close-up, light brown and silver"
"blue perfume bottle on the side of a log, in the style of layered landscapes, close-up, light brown and silver_0.png","blue perfume bottle on the side of a log, in the style of layered landscapes, close-up, light brown and silver"
"perfume bottle on the side of a log, in the style of layered landscapes, close-up, light brown and silver_7.png","perfume bottle on the side of a log, in the style of layered landscapes, close-up, light brown and silver"
"green wine bottle standing on the side of a log, in the style of layered landscapes, close-up, light brown and silver_6.png","green wine bottle standing on the side of a log, in the style of layered landscapes, close-up, light brown and silver"
"wine bottle on the side of a log, in the style of layered landscapes, close-up, light brown and silver_9.png","wine bottle on the side of a log, in the style of layered landscapes, close-up, light brown and silver"
"perfume bottle on the side of a log, in the style of layered landscapes, close-up, light brown and silver_8.png","perfume bottle on the side of a log, in the style of layered landscapes, close-up, light brown and silver"
"brown serum bottle on the side of a log, in the style of layered landscapes, close-up, light brown and silver_4.png","brown serum bottle on the side of a log, in the style of layered landscapes, close-up, light brown and silver"
"brown serum bottle on the side of a log, in the style of layered landscapes, close-up, light brown and silver_3.png","brown serum bottle on the side of a log, in the style of layered landscapes, close-up, light brown and silver"
"green wine bottle standing on the side of a log, in the style of layered landscapes, close-up, light brown and silver_5.png","green wine bottle standing on the side of a log, in the style of layered landscapes, close-up, light brown and silver"
