image_file,caption
"A green shampoo bottle on a beige surface in between leaves, water body in foreground, beige background_4.png","A green shampoo bottle on a beige surface in between leaves, water body in foreground, beige background"
"A yellow skincare tube on a beige surface in between leaves, water body in foreground, beige background_8.png","A yellow skincare tube on a beige surface in between leaves, water body in foreground, beige background"
"A brown serum bottle on a beige surface in between leaves, water body in foreground, beige background_3.png","A brown serum bottle on a beige surface in between leaves, water body in foreground, beige background"
"A brown serum bottle on a beige surface in between leaves, water body in foreground, beige background_1.png","A brown serum bottle on a beige surface in between leaves, water body in foreground, beige background"
"A green shampoo bottle on a beige surface in between leaves, water body in foreground, beige background_6.png","A green shampoo bottle on a beige surface in between leaves, water body in foreground, beige background"
"A yellow skincare tube on a beige surface in between leaves, water body in foreground, beige background_9.png","A yellow skincare tube on a beige surface in between leaves, water body in foreground, beige background"
"A brown serum bottle on a beige surface in between leaves, water body in foreground, beige background_2.png","A brown serum bottle on a beige surface in between leaves, water body in foreground, beige background"
"A yellow skincare tube on a beige surface in between leaves, water body in foreground, beige background_7.png","A yellow skincare tube on a beige surface in between leaves, water body in foreground, beige background"
"A black backpack on a beige surface in between leaves, water body in foreground, beige background_0.png","A black backpack on a beige surface in between leaves, water body in foreground, beige background"
"A green shampoo bottle on a beige surface in between leaves, water body in foreground, beige background_5.png","A green shampoo bottle on a beige surface in between leaves, water body in foreground, beige background"
