image_file,caption
"A serum bottle standing on sand, dark red background_3.png","A serum bottle standing on sand, dark red background"
"A wine bottle stands on sand, black background, studio shot_1.png","A wine bottle stands on sand, black background, studio shot"
"A golden perfume standing on sand, dark blue background_2.png","A golden perfume standing on sand, dark blue background"
"A serum bottle standing on sand, dark red background_2.png","A serum bottle standing on sand, dark red background"
"A serum bottle standing on sand, dark blue background_4.png","A serum bottle standing on sand, dark blue background"
"A golden perfume standing on sand, dark blue background, studio shot_3.png","A golden perfume standing on sand, dark blue background, studio shot"
"A red bottle standing on sand, dark blue background_1.png","A red bottle standing on sand, dark blue background"
"A serum bottle standing on sand, dark red background_1.png","A serum bottle standing on sand, dark red background"
"A wine bottle stands on sand, black background, studio shot_2.png","A wine bottle stands on sand, black background, studio shot"
"A wine bottle stands on sand, black background,_3.png","A wine bottle stands on sand, black background,"
"A golden perfume standing on sand, dark blue background_1.png","A golden perfume standing on sand, dark blue background"
