image_file,caption
A red tube of hand lotion placed on an off white towl in a basket_1.png,A red tube of hand lotion placed on an off white towl in a basket
A red tube of hand lotion placed on an off white towl in a basket_0.png,A red tube of hand lotion placed on an off white towl in a basket
A white pump bottle placed on a black towel in a basket with lavender flowers_9.png,A white pump bottle placed on a black towel in a basket with lavender flowers
A sleek yellow serum bottle placed on an off white towl in a basket_8.png,A sleek yellow serum bottle placed on an off white towl in a basket
A sleek yellow serum bottle placed on an off white towl in a basket_7.png,A sleek yellow serum bottle placed on an off white towl in a basket
A sleek yellow serum bottle placed on an off white towl in a basket_6.png,A sleek yellow serum bottle placed on an off white towl in a basket
A sleek perfume bottle placed on an off white towl in a basket_4.png,A sleek perfume bottle placed on an off white towl in a basket
A sleek perfume bottle placed on an off white towl in a basket_5.png,A sleek perfume bottle placed on an off white towl in a basket
A sleek black shampoo bottle placed on an off white towl in a basket_3.png,A sleek black shampoo bottle placed on an off white towl in a basket
A sleek black shampoo bottle placed on an off white towl in a basket_2.png,A sleek black shampoo bottle placed on an off white towl in a basket
A white pump bottle placed on a black towel in a basket with lavender flowers_10.png,A white pump bottle placed on a black towel in a basket with lavender flowers
