image_file,caption
"a_white_facewash_tube_on_beige_tiled_surface,_in_front_of_beige_tiled_wall,_next_to_a_single_white_towel,_a_pot_of_plant_3.png","a white facewash tube on beige tiled surface, in front of beige tiled wall, next to a single white towel, a pot of plant"
"two_blue_shampoo_bottles_on_light_blue_tiled_surface,_in_front_of_blue_tiled_wall,_next_to_a_single_towel,_a_pot_of_plant_12.png","two blue shampoo bottles on light blue tiled surface, in front of blue tiled wall, next to a single towel, a pot of plant"
"two_blue_shampoo_bottles_on_light_blue_tiled_surface,_in_front_of_blue_tiled_wall,_next_to_a_single_towel,_a_pot_of_plant_13.png","two blue shampoo bottles on light blue tiled surface, in front of blue tiled wall, next to a single towel, a pot of plant"
"closeup_of_two_pink_shampoo_bottles_on_pink_tiled_surface,_in_front_of_pink_tiled_wall,_next_to_a_single_white_towel,_a_pot_of_plant_7.png","closeup of two pink shampoo bottles on pink tiled surface, in front of pink tiled wall, next to a single white towel, a pot of plant"
"closeup_of_two_yellow_shampoo_bottles_on_yellow_tiled_surface,_in_front_of_yellow_tiled_wall,_next_to_a_single_white_towel,_a_pot_of_plant_10.png","closeup of two yellow shampoo bottles on yellow tiled surface, in front of yellow tiled wall, next to a single white towel, a pot of plant"
"closeup_of_two_pink_shampoo_bottles_on_pink_tiled_surface,_in_front_of_pink_tiled_wall,_next_to_a_single_white_towel,_a_pot_of_plant_8.png","closeup of two pink shampoo bottles on pink tiled surface, in front of pink tiled wall, next to a single white towel, a pot of plant"
"closeup_of_two_yellow_shampoo_bottles_on_yellow_tiled_surface,_in_front_of_yellow_tiled_wall,_next_to_a_single_white_towel,_a_pot_of_plant_11.png","closeup of two yellow shampoo bottles on yellow tiled surface, in front of yellow tiled wall, next to a single white towel, a pot of plant"
"two_blue_shampoo_bottles_on_light_blue_tiled_surface,_in_front_of_blue_tiled_wall,_next_to_a_single_towel,_a_pot_of_plant_14.png","two blue shampoo bottles on light blue tiled surface, in front of blue tiled wall, next to a single towel, a pot of plant"
"a_white_facewash_tube_on_beige_tiled_surface,_in_front_of_beige_tiled_wall,_next_to_a_single_white_towel,_a_pot_of_plant_5.png","a white facewash tube on beige tiled surface, in front of beige tiled wall, next to a single white towel, a pot of plant"
"a_white_facewash_tube_on_beige_tiled_surface,_in_front_of_beige_tiled_wall,_next_to_a_single_white_towel,_a_pot_of_plant_4.png","a white facewash tube on beige tiled surface, in front of beige tiled wall, next to a single white towel, a pot of plant"
"closeup_of_two_yellow_shampoo_bottles_on_yellow_tiled_surface,_in_front_of_yellow_tiled_wall,_next_to_a_single_white_towel,_a_pot_of_plant_9.png","closeup of two yellow shampoo bottles on yellow tiled surface, in front of yellow tiled wall, next to a single white towel, a pot of plant"
"a_brown_serum_bottle_on_white_tiled_surface,_in_front_of_white_tiled_wall,_next_to_a_single_towel,_a_pot_of_plant_2.png","a brown serum bottle on white tiled surface, in front of white tiled wall, next to a single towel, a pot of plant"
"a_brown_serum_bottle_on_white_tiled_surface,_in_front_of_white_tiled_wall,_next_to_a_single_towel,_a_pot_of_plant_1.png","a brown serum bottle on white tiled surface, in front of white tiled wall, next to a single towel, a pot of plant"
"a_brown_serum_bottle_on_white_tiled_surface,_in_front_of_white_tiled_wall,_next_to_a_single_towel,_a_pot_of_plant_0.png","a brown serum bottle on white tiled surface, in front of white tiled wall, next to a single towel, a pot of plant"
