image_file,caption
"pink wine bottle on a wooden table during a garden party, family in background_7.png","pink wine bottle on a wooden table during a garden party, family in background"
"pink wine bottle on a wooden table during a garden party, family in background_9.png","pink wine bottle on a wooden table during a garden party, family in background"
"burger on a wooden table during a garden party, family in background_2.png","burger on a wooden table during a garden party, family in background"
"ketch up bottle next to a sandwich on a wooden table during a garden party, family in background_5.png","ketch up bottle next to a sandwich on a wooden table during a garden party, family in background"
"burger on a wooden table during a garden party, family in background_1.png","burger on a wooden table during a garden party, family in background"
"pink wine bottle on a wooden table during a garden party, family in background_8.png","pink wine bottle on a wooden table during a garden party, family in background"
"pink wine bottle on a wooden table during a garden party, family in background_6.png","pink wine bottle on a wooden table during a garden party, family in background"
"burger on a wooden table during a garden party, family in background_0.png","burger on a wooden table during a garden party, family in background"
"ketch up bottle next to a sandwich on a wooden table during a garden party, family in background_4.png","ketch up bottle next to a sandwich on a wooden table during a garden party, family in background"
"ketch up bottle next to a sandwich on a wooden table during a garden party, family in background_3.png","ketch up bottle next to a sandwich on a wooden table during a garden party, family in background"
