image_file,caption
"A bean bag kept in front of a white minimal wall, light green plant in background_1.png","A bean bag kept in front of a white minimal wall, light green plant in background"
"A stool kept in front of a white minimal wall, light green plant in background_3.png","A stool kept in front of a white minimal wall, light green plant in background"
"A chair kept in front of a white minimal wall, light green plant in background_4.png","A chair kept in front of a white minimal wall, light green plant in background"
"A bean bag kept in front of a white minimal wall, light green plant in background_3.png","A bean bag kept in front of a white minimal wall, light green plant in background"
"A chair kept in front of a white minimal wall, light green plant in background_3.png","A chair kept in front of a white minimal wall, light green plant in background"
"A stool kept in front of a white minimal wall, light green plant in background_1.png","A stool kept in front of a white minimal wall, light green plant in background"
"A chair kept in front of a white minimal wall, light green plant in background_2.png","A chair kept in front of a white minimal wall, light green plant in background"
"A chair kept in front of a white minimal wall, light green plant in background_1.png","A chair kept in front of a white minimal wall, light green plant in background"
"A bean bag kept in front of a white minimal wall, light green plant in background_2.png","A bean bag kept in front of a white minimal wall, light green plant in background"
"A stool kept in front of a white minimal wall, light green plant in background_2.png","A stool kept in front of a white minimal wall, light green plant in background"
