image_file,caption
"a blue perfume bottle placed on a platform with tiny flower petals spread around with orange background, adjacent of an indian diya kept lit, product shoot_1.png","a blue perfume bottle placed on a platform with tiny flower petals spread around with orange background, adjacent of an indian diya kept lit, product shoot"
"a small pouch placed on a platform with tiny flower petals spread around with orange background, adjacent of an indian diya kept lit, product shoot_6.png","a small pouch placed on a platform with tiny flower petals spread around with orange background, adjacent of an indian diya kept lit, product shoot"
"a small pouch placed on a platform with tiny flower petals spread around with orange background, adjacent of an indian diya kept lit, product shoot_5.png","a small pouch placed on a platform with tiny flower petals spread around with orange background, adjacent of an indian diya kept lit, product shoot"
"a gift box placed on a platform with tiny flower petals spread around with orange background, adjacent of an indian diya kept lit, product shoot_3.png","a gift box placed on a platform with tiny flower petals spread around with orange background, adjacent of an indian diya kept lit, product shoot"
"a white cup placed on a platform with tiny flower petals spread around with orange background, adjacent of an indian diya kept lit, product shoot_8.png","a white cup placed on a platform with tiny flower petals spread around with orange background, adjacent of an indian diya kept lit, product shoot"
"a gift box placed on a platform with tiny flower petals spread around with orange background, adjacent of an indian diya kept lit, product shoot_4.png","a gift box placed on a platform with tiny flower petals spread around with orange background, adjacent of an indian diya kept lit, product shoot"
"a blue perfume bottle placed on a platform with tiny flower petals spread around with orange background, adjacent of an indian diya kept lit, product shoot_2.png","a blue perfume bottle placed on a platform with tiny flower petals spread around with orange background, adjacent of an indian diya kept lit, product shoot"
"a blue perfume bottle placed on a platform with tiny flower petals spread around with orange background, adjacent of an indian diya kept lit, product shoot_0.png","a blue perfume bottle placed on a platform with tiny flower petals spread around with orange background, adjacent of an indian diya kept lit, product shoot"
"a small pouch placed on a platform with tiny flower petals spread around with orange background, adjacent of an indian diya kept lit, product shoot_7.png","a small pouch placed on a platform with tiny flower petals spread around with orange background, adjacent of an indian diya kept lit, product shoot"
"a white cup placed on a platform with tiny flower petals spread around with orange background, adjacent of an indian diya kept lit, product shoot_9.png","a white cup placed on a platform with tiny flower petals spread around with orange background, adjacent of an indian diya kept lit, product shoot"
