image_file,caption
"A serum bottle standing on top of pebbles infront of a river, product shot_2.png","A serum bottle standing on top of pebbles infront of a river, product shot"
"A brown serum bottle standing on top of pebbles infront of a river, product shot_3.png","A brown serum bottle standing on top of pebbles infront of a river, product shot"
"A serum bottle standing on top of pebbles infront of a river, product shot_3.png","A serum bottle standing on top of pebbles infront of a river, product shot"
"A brown serum bottle standing on top of pebbles infront of a river, product shot_1.png","A brown serum bottle standing on top of pebbles infront of a river, product shot"
"A serum bottle standing on top of pebbles infront of a river, product shot_1.png","A serum bottle standing on top of pebbles infront of a river, product shot"
"A serum bottle standing on top of pebbles infront of a river, product shot_4.png","A serum bottle standing on top of pebbles infront of a river, product shot"
"Close up of a brown serum bottle standing on top of pebbles infront of a river, product shot_2.png","Close up of a brown serum bottle standing on top of pebbles infront of a river, product shot"
"Close up of a brown serum bottle standing on top of pebbles infront of a river, product shot_4.png","Close up of a brown serum bottle standing on top of pebbles infront of a river, product shot"
"A brown serum bottle standing on top of pebbles infront of a river, product shot_2.png","A brown serum bottle standing on top of pebbles infront of a river, product shot"
