image_file,caption
"A chips packet kept in the middle of the mountains with pebbles and stones, product shoot_3.png","A chips packet kept in the middle of the mountains with pebbles and stones, product shoot"
"A chips packet kept in the middle of the mountains with pebbles and stones, product shoot_2.png","A chips packet kept in the middle of the mountains with pebbles and stones, product shoot"
"A serum bottle kept in the middle of the mountains with pebbles and stones, product shoot_3.png","A serum bottle kept in the middle of the mountains with pebbles and stones, product shoot"
"A chips packet kept in the middle of the mountains with pebbles and stones, product shoot_4.png","A chips packet kept in the middle of the mountains with pebbles and stones, product shoot"
"A serum bottle kept in the middle of the mountains with pebbles and stones, product shoot_2.png","A serum bottle kept in the middle of the mountains with pebbles and stones, product shoot"
"A coke can kept in the middle of the mountains with pebbles and stones, product shoot_3.png","A coke can kept in the middle of the mountains with pebbles and stones, product shoot"
"A coke can kept in the middle of the mountains with pebbles and stones, product shoot_1.png","A coke can kept in the middle of the mountains with pebbles and stones, product shoot"
"A serum bottle kept in the middle of the mountains with pebbles and stones, product shoot_1.png","A serum bottle kept in the middle of the mountains with pebbles and stones, product shoot"
"A coke can kept in the middle of the mountains with pebbles and stones, product shoot_4.png","A coke can kept in the middle of the mountains with pebbles and stones, product shoot"
"A coke can kept in the middle of the mountains with pebbles and stones, product shoot_2.png","A coke can kept in the middle of the mountains with pebbles and stones, product shoot"
"A chips packet kept in the middle of the mountains with pebbles and stones, product shoot_1.png","A chips packet kept in the middle of the mountains with pebbles and stones, product shoot"
"A serum bottle kept in the middle of the mountains with pebbles and stones, product shoot_4.png","A serum bottle kept in the middle of the mountains with pebbles and stones, product shoot"
