image_file,caption
"A black speaker is standing on a wooden platform, forest background_2.png","A black speaker is standing on a wooden platform, forest background"
"A yellow bag is standing on a wooden platform, forest background_1.png","A yellow bag is standing on a wooden platform, forest background"
"A blue facewash is standing on a wooden platform, forest background_1.png","A blue facewash is standing on a wooden platform, forest background"
"A green bottle is standing on a wooden platform, forest background_1.png","A green bottle is standing on a wooden platform, forest background"
"A black speaker is standing on a wooden platform, forest background_1.png","A black speaker is standing on a wooden platform, forest background"
"A green bottle is standing on a wooden platform, forest background_4.png","A green bottle is standing on a wooden platform, forest background"
"A green bottle is standing on a wooden platform, forest background_3.png","A green bottle is standing on a wooden platform, forest background"
"A green bottle is standing on a wooden platform, forest background_2.png","A green bottle is standing on a wooden platform, forest background"
