image_file,caption
A bottle of Chanel perfume is placed in the square of the Eiffel Tower_0.png,A bottle of Chanel perfume is placed in the square of the Eiffel Tower
A bottle of wine is placed in the square of the Eiffel Tower_3.png,A bottle of wine is placed in the square of the Eiffel Tower
A pink perfume is placed on a concrete surface at a height surrounded by few leaves in front of Eiffel Tower_5.png,A pink perfume is placed on a concrete surface at a height surrounded by few leaves in front of Eiffel Tower
"closeup, wine bottle is placed on a concrete surface at a height surrounded by few leaves in front of Eiffel Tower_9.png","closeup, wine bottle is placed on a concrete surface at a height surrounded by few leaves in front of Eiffel Tower"
"closeup, a brown serum bottle is placed on a concrete surface at a height surrounded by few leaves in front of Eiffel Tower_6.png","closeup, a brown serum bottle is placed on a concrete surface at a height surrounded by few leaves in front of Eiffel Tower"
"closeup, wine bottle is placed on a concrete surface at a height surrounded by few leaves in front of Eiffel Tower_10.png","closeup, wine bottle is placed on a concrete surface at a height surrounded by few leaves in front of Eiffel Tower"
"closeup, a brown serum bottle is placed on a concrete surface at a height surrounded by few leaves in front of Eiffel Tower_7.png","closeup, a brown serum bottle is placed on a concrete surface at a height surrounded by few leaves in front of Eiffel Tower"
A bottle of Chanel perfume is placed in the square of the Eiffel Tower_1.png,A bottle of Chanel perfume is placed in the square of the Eiffel Tower
"closeup, wine bottle is placed on a concrete surface at a height surrounded by few leaves in front of Eiffel Tower_8.png","closeup, wine bottle is placed on a concrete surface at a height surrounded by few leaves in front of Eiffel Tower"
A brown serum bottle is placed in the square of the Eiffel Tower_4.png,A brown serum bottle is placed in the square of the Eiffel Tower
A bottle of wine is placed in the square of the Eiffel Tower_2.png,A bottle of wine is placed in the square of the Eiffel Tower
