image_file,caption
"top angle view, a green bottle on a white surface, green satin cloth on half the surface, minimal, product shot_7.png","top angle view, a green bottle on a white surface, green satin cloth on half the surface, minimal, product shot"
"top angle view, a brown serum bottle on a white surface, brown satin cloth on half the surface, minimal, product shot_3.png","top angle view, a brown serum bottle on a white surface, brown satin cloth on half the surface, minimal, product shot"
"top angle view, a green bottle on a white surface, green satin cloth on half the surface, minimal, product shot_6.png","top angle view, a green bottle on a white surface, green satin cloth on half the surface, minimal, product shot"
"top angle view, a brown serum bottle on a white surface, brown satin cloth on half the surface, minimal, product shot_5.png","top angle view, a brown serum bottle on a white surface, brown satin cloth on half the surface, minimal, product shot"
"top angle view, a blue perfume, on a white surface, blue satin cloth on half the surface_1.png","top angle view, a blue perfume, on a white surface, blue satin cloth on half the surface"
"top angle view, a blue capsule jar on a white surface, blue satin cloth on half the surface, minimal, product shot_0.png","top angle view, a blue capsule jar on a white surface, blue satin cloth on half the surface, minimal, product shot"
"top angle view, a green bottle on a white surface, green satin cloth on half the surface, minimal, product shot_8.png","top angle view, a green bottle on a white surface, green satin cloth on half the surface, minimal, product shot"
"top angle view, a brown serum bottle on a white surface, brown satin cloth on half the surface, minimal, product shot_4.png","top angle view, a brown serum bottle on a white surface, brown satin cloth on half the surface, minimal, product shot"
"top angle view, a blue perfume, on a white surface, blue satin cloth on half the surface_2.png","top angle view, a blue perfume, on a white surface, blue satin cloth on half the surface"
