image_file,caption
"A red deodorant bottle on a wooden coaster placed on a yellow floor, in front of a white wall with palm tress shadow on it, minimalist_11.png","A red deodorant bottle on a wooden coaster placed on a yellow floor, in front of a white wall with palm tress shadow on it, minimalist"
"A black perfume bottle on a wooden coaster placed on a yellow floor, in front of a white wall with palm tress shadow on it, minimalist_0.png","A black perfume bottle on a wooden coaster placed on a yellow floor, in front of a white wall with palm tress shadow on it, minimalist"
"A brown serum bottle on a wooden coaster placed on a yellow floor, in front of a white wall with palm tress shadow on it, minimalist_6.png","A brown serum bottle on a wooden coaster placed on a yellow floor, in front of a white wall with palm tress shadow on it, minimalist"
"A classy sunglasses on a wooden coaster placed on a yellow floor, in front of a white wall with palm tress shadow on it, minimalist_9.png","A classy sunglasses on a wooden coaster placed on a yellow floor, in front of a white wall with palm tress shadow on it, minimalist"
"A blue facewash tube on a wooden coaster placed on a yellow floor, in front of a white wall with palm tress shadow on it, minimalist_3.png","A blue facewash tube on a wooden coaster placed on a yellow floor, in front of a white wall with palm tress shadow on it, minimalist"
"A red deodorant bottle on a wooden coaster placed on a yellow floor, in front of a white wall with palm tress shadow on it, minimalist_10.png","A red deodorant bottle on a wooden coaster placed on a yellow floor, in front of a white wall with palm tress shadow on it, minimalist"
"A brown serum bottle on a wooden coaster placed on a yellow floor, in front of a white wall with palm tress shadow on it, minimalist_7.png","A brown serum bottle on a wooden coaster placed on a yellow floor, in front of a white wall with palm tress shadow on it, minimalist"
"A red deodorant spray bottle on a wooden coaster placed on a yellow floor, in front of a white wall with palm tress shadow on it, minimalist_12.png","A red deodorant spray bottle on a wooden coaster placed on a yellow floor, in front of a white wall with palm tress shadow on it, minimalist"
"A black perfume bottle on a wooden coaster placed on a yellow floor, set up against a white background with palm tress shadow on it, minimalist_1.png","A black perfume bottle on a wooden coaster placed on a yellow floor, set up against a white background with palm tress shadow on it, minimalist"
"A black perfume bottle on a wooden coaster placed on a yellow floor, set up against a white background with palm tress shadow on it, minimalist_2.png","A black perfume bottle on a wooden coaster placed on a yellow floor, set up against a white background with palm tress shadow on it, minimalist"
"A blue facewash tube on a wooden coaster placed on a yellow floor, in front of a white wall with palm tress shadow on it, minimalist_4.png","A blue facewash tube on a wooden coaster placed on a yellow floor, in front of a white wall with palm tress shadow on it, minimalist"
"A brown serum bottle on a wooden coaster placed on a yellow floor, in front of a white wall with palm tress shadow on it, minimalist_5.png","A brown serum bottle on a wooden coaster placed on a yellow floor, in front of a white wall with palm tress shadow on it, minimalist"
"A classy sunglasses on a wooden coaster placed on a yellow floor, in front of a white wall with palm tress shadow on it, minimalist_8.png","A classy sunglasses on a wooden coaster placed on a yellow floor, in front of a white wall with palm tress shadow on it, minimalist"
