image_file,caption
"A blue bottle standing on a circular brown wooden platform, on black surface surrounded by large brown orchids, black background, black surface_3.png","A blue bottle standing on a circular brown wooden platform, on black surface surrounded by large brown orchids, black background, black surface"
"a yellow pefume bottle on a beige surface, a single hydrangea flower in foreground, beige background, depth composition_1.png","a yellow pefume bottle on a beige surface, a single hydrangea flower in foreground, beige background, depth composition"
"A green bottle surrounded by dreamy roses, yellow surface, yellow background_2.png","A green bottle surrounded by dreamy roses, yellow surface, yellow background"
A grey color theme background with same color platform at bottom A pink color box on the left side A pink color cosmetic bottle with red flower on right side_2.png,A grey color theme background with same color platform at bottom A pink color box on the left side A pink color cosmetic bottle with red flower on right side
"A black bottle standing on a circular brown wooden platform, surrounded by brown orchids, black background, black surface_0.png","A black bottle standing on a circular brown wooden platform, surrounded by brown orchids, black background, black surface"
"a pink bodywash bottle on a beige surface, a single pink gerbera flower in foreground, mint leaves in background, beige background, depth composition_1.png","a pink bodywash bottle on a beige surface, a single pink gerbera flower in foreground, mint leaves in background, beige background, depth composition"
"a yellow pefume bottle on a beige surface, a single hydrangea flower in foreground, beige background, depth composition_2.png","a yellow pefume bottle on a beige surface, a single hydrangea flower in foreground, beige background, depth composition"
"A wine bottle standing on a circular brown wooden platform, on black surface, next to few brown orchids, black background, black surface_11.png","A wine bottle standing on a circular brown wooden platform, on black surface, next to few brown orchids, black background, black surface"
"closeup of a yellow bodywash bottle on a beige surface, a single pink gerbera flower in foreground, few leaves in background, beige background, depth composition_1.png","closeup of a yellow bodywash bottle on a beige surface, a single pink gerbera flower in foreground, few leaves in background, beige background, depth composition"
"A yellow bottle surrounded by dreamy pink roses, white surface, yellow background.png","A yellow bottle surrounded by dreamy pink roses, white surface, yellow background.png"
"A wine bottle standing on a circular brown wooden platform, on black surface, next to few brown orchids, black background, black surface_12.png","A wine bottle standing on a circular brown wooden platform, on black surface, next to few brown orchids, black background, black surface"
"A close up of a black bottle standing on top of a light blue block platform, surrounded by dreamy white , lavender flowers and some leaves, product shot, studio shot_4.png","A close up of a black bottle standing on top of a light blue block platform, surrounded by dreamy white , lavender flowers and some leaves, product shot, studio shot"
"A brown serum bottle standing on a circular brown wooden platform, on black surface surrounded by large brown orchids, black background, black surface_7.png","A brown serum bottle standing on a circular brown wooden platform, on black surface surrounded by large brown orchids, black background, black surface"
close up of a green purse on a blue reflective surface surrounded by blue delphinium flowers_3.png,close up of a green purse on a blue reflective surface surrounded by blue delphinium flowers
"A black bottle standing on a circular brown wooden platform, surrounded by brown orchids, black background, black surface_1.png","A black bottle standing on a circular brown wooden platform, surrounded by brown orchids, black background, black surface"
"A close up of a serum bottle standing on top of a light pink block platform, surrounded by dreamy flowers and some leaves, product shot, studio shot_2.png","A close up of a serum bottle standing on top of a light pink block platform, surrounded by dreamy flowers and some leaves, product shot, studio shot"
"A close up of a black bottle standing on top of a light blue block platform, surrounded by dreamy white , lavender flowers and some leaves, product shot, studio shot_2.png","A close up of a black bottle standing on top of a light blue block platform, surrounded by dreamy white , lavender flowers and some leaves, product shot, studio shot"
"A white bottle surrounded by dreamy roses on a white surface, white background.png","A white bottle surrounded by dreamy roses on a white surface, white background.png"
"A blue bottle standing on a circular brown wooden platform, on black surface surrounded by large brown orchids, black background, black surface_4.png","A blue bottle standing on a circular brown wooden platform, on black surface surrounded by large brown orchids, black background, black surface"
"A close up of a serum bottle standing on top of a light pink block platform, surrounded by dreamy flowers and some leaves, product shot, studio shot_1.png","A close up of a serum bottle standing on top of a light pink block platform, surrounded by dreamy flowers and some leaves, product shot, studio shot"
"A white bottle standing on a circular brown wooden platform, on black surface surrounded by brown orchids, black background, black surface_8.png","A white bottle standing on a circular brown wooden platform, on black surface surrounded by brown orchids, black background, black surface"
close up of a brown serum bottle on a blue reflective surface surrounded by delphinium flowers_2.png,close up of a brown serum bottle on a blue reflective surface surrounded by delphinium flowers
A product standing on a wooden branch with some pink flowers infront of a pink gradient background_5.png,A product standing on a wooden branch with some pink flowers infront of a pink gradient background
 black shampoo bottle on beige platforms next to two tall yellow flowers_2.png, black shampoo bottle on beige platforms next to two tall yellow flowers
A product standing on a wooden branch with some pink flowers infront of a pink gradient background_2.png,A product standing on a wooden branch with some pink flowers infront of a pink gradient background
 black shampoo bottle on beige platforms next to two tall yellow flowers_7.png, black shampoo bottle on beige platforms next to two tall yellow flowers
A cosmetic bottle standing on a wooden branch with some pink flowers infront of a pink gradient background_1.png,A cosmetic bottle standing on a wooden branch with some pink flowers infront of a pink gradient background
"A close up of a shampoo bottle standing on top of a light yellow block platform, surrounded by dreamy flowers and some leaves, product shot, studio shot_1.png","A close up of a shampoo bottle standing on top of a light yellow block platform, surrounded by dreamy flowers and some leaves, product shot, studio shot"
close up of a A blue shampoo bottle on a blue reflective surface surrounded by blue delphinium flowers_1.png,close up of a A blue shampoo bottle on a blue reflective surface surrounded by blue delphinium flowers
"A brown serum bottle standing on a circular brown wooden platform, on black surface surrounded by large brown orchids, black background, black surface_6.png","A brown serum bottle standing on a circular brown wooden platform, on black surface surrounded by large brown orchids, black background, black surface"
A product standing on a wooden branch with some pink flowers infront of a pink gradient background_3.png,A product standing on a wooden branch with some pink flowers infront of a pink gradient background
"a yellow pefume bottle on a beige surface, a singlemarigold flower in foreground, beige background, depth composition_1.png","a yellow pefume bottle on a beige surface, a singlemarigold flower in foreground, beige background, depth composition"
"A close up of a serum bottle standing on top of a light pink block platform, surrounded by dreamy flowers and some leaves, product shot, studio shot_4.png","A close up of a serum bottle standing on top of a light pink block platform, surrounded by dreamy flowers and some leaves, product shot, studio shot"
"A brown serum bottle surrounded by dreamy roses, brown surface, brown background_2.png","A brown serum bottle surrounded by dreamy roses, brown surface, brown background"
close up of a black shampoo bottle on a black reflective surface surrounded by purple delphinium flowers_2.png,close up of a black shampoo bottle on a black reflective surface surrounded by purple delphinium flowers
"A brown serum bottle surrounded by dreamy roses, beige surface, beige backgroundpng.png","A brown serum bottle surrounded by dreamy roses, beige surface, beige backgroundpng.png"
"A green bottle surrounded by dreamy roses, yellow surface, yellow background.png","A green bottle surrounded by dreamy roses, yellow surface, yellow background.png"
"A black bottle standing on a circular brown wooden platform, surrounded by brown orchids, black background, black surface_2.png","A black bottle standing on a circular brown wooden platform, surrounded by brown orchids, black background, black surface"
A product standing on a wooden branch with some pink flowers infront of a pink gradient background_6.png,A product standing on a wooden branch with some pink flowers infront of a pink gradient background
"A close up of a brown serum bottle standing on top of a white block platform, brown background surrounded by dreamy flowers and some leaves, product shot, studio shot_3.png","A close up of a brown serum bottle standing on top of a white block platform, brown background surrounded by dreamy flowers and some leaves, product shot, studio shot"
"a pink bodywash bottle on a beige surface, a single pink gerbera flower in foreground, mint leaves in background, beige background, depth composition_3.png","a pink bodywash bottle on a beige surface, a single pink gerbera flower in foreground, mint leaves in background, beige background, depth composition"
"a yellow pefume bottle on a beige surface, a singlemarigold flower in foreground, beige background, depth composition_2.png","a yellow pefume bottle on a beige surface, a singlemarigold flower in foreground, beige background, depth composition"
close up of a black shampoo bottle on a black reflective surface surrounded by purple delphinium flowers_1.png,close up of a black shampoo bottle on a black reflective surface surrounded by purple delphinium flowers
"A brown serum bottle surrounded by dreamy roses, brown surface, brown background.png","A brown serum bottle surrounded by dreamy roses, brown surface, brown background.png"
close up of a green purse on a blue reflective surface surrounded by blue delphinium flowers_2.png,close up of a green purse on a blue reflective surface surrounded by blue delphinium flowers
"closeup of a yellow bodywash bottle on a beige surface, a single pink gerbera flower in foreground, few leaves in background, beige background, depth composition_2.png","closeup of a yellow bodywash bottle on a beige surface, a single pink gerbera flower in foreground, few leaves in background, beige background, depth composition"
"a green bottle on a beige surface, a single hibiscus flower in foreground, mint leaves in background, beige background, depth composition_1.png","a green bottle on a beige surface, a single hibiscus flower in foreground, mint leaves in background, beige background, depth composition"
"A close up of a shampoo bottle standing on top of a light yellow block platform, surrounded by dreamy flowers and some leaves, product shot, studio shot_4.png","A close up of a shampoo bottle standing on top of a light yellow block platform, surrounded by dreamy flowers and some leaves, product shot, studio shot"
"a red pefume bottle on a beige surface, a single orchid flower in foreground, mint leaves in background, beige background, depth composition_2.png","a red pefume bottle on a beige surface, a single orchid flower in foreground, mint leaves in background, beige background, depth composition"
close up of a A blue shampoo bottle on a blue reflective surface surrounded by blue delphinium flowers _3.png,close up of a A blue shampoo bottle on a blue reflective surface surrounded by blue delphinium flowers 
"A white bottle standing on a circular brown wooden platform, on black surface surrounded by brown orchids, black background, black surface_9.png","A white bottle standing on a circular brown wooden platform, on black surface surrounded by brown orchids, black background, black surface"
"a green bottle on a beige surface, a single hibiscus flower in foreground, mint leaves in background, beige background, depth composition_2.png","a green bottle on a beige surface, a single hibiscus flower in foreground, mint leaves in background, beige background, depth composition"
"A close up of a brown serum bottle standing on top of a white block platform, brown background surrounded by dreamy flowers and some leaves, product shot, studio shot_4.png","A close up of a brown serum bottle standing on top of a white block platform, brown background surrounded by dreamy flowers and some leaves, product shot, studio shot"
close up of a green purse on a blue reflective surface surrounded by blue delphinium flowers_1.png,close up of a green purse on a blue reflective surface surrounded by blue delphinium flowers
"A white bottle surrounded by dreamy roses, white surface, white background.png","A white bottle surrounded by dreamy roses, white surface, white background.png"
"a pink bodywash bottle on a beige surface, a single pink gerbera flower in foreground, mint leaves in background, beige background, depth composition_2.png","a pink bodywash bottle on a beige surface, a single pink gerbera flower in foreground, mint leaves in background, beige background, depth composition"
close up of a brown serum bottle on a blue reflective surface surrounded by delphinium flowers_1.png,close up of a brown serum bottle on a blue reflective surface surrounded by delphinium flowers
"A close up of a shampoo bottle standing on top of a light yellow block platform, surrounded by dreamy flowers and some leaves, product shot, studio shot_3.png","A close up of a shampoo bottle standing on top of a light yellow block platform, surrounded by dreamy flowers and some leaves, product shot, studio shot"
close up of a A blue shampoo bottle on a blue reflective surface surrounded by blue delphinium flowers _2.png,close up of a A blue shampoo bottle on a blue reflective surface surrounded by blue delphinium flowers 
"a red pefume bottle on a beige surface, a single orchid flower in foreground, mint leaves in background, beige background, depth composition_1.png","a red pefume bottle on a beige surface, a single orchid flower in foreground, mint leaves in background, beige background, depth composition"
"A white bottle standing on a circular brown wooden platform, on black surface surrounded by brown orchids, black background, black surface_10.png","A white bottle standing on a circular brown wooden platform, on black surface surrounded by brown orchids, black background, black surface"
"A close up of a black bottle standing on top of a light blue block platform, surrounded by dreamy white , lavender flowers and some leaves, product shot, studio shot_1.png","A close up of a black bottle standing on top of a light blue block platform, surrounded by dreamy white , lavender flowers and some leaves, product shot, studio shot"
"A yellow bottle surrounded by dreamy roses, whitesurface, yellow background.png","A yellow bottle surrounded by dreamy roses, whitesurface, yellow background.png"
"A close up of a shampoo bottle standing on top of a light yellow block platform, surrounded by dreamy flowers and some leaves, product shot, studio shot_2.png","A close up of a shampoo bottle standing on top of a light yellow block platform, surrounded by dreamy flowers and some leaves, product shot, studio shot"
A product standing on a wooden branch with some pink flowers infront of a pink gradient background_4.png,A product standing on a wooden branch with some pink flowers infront of a pink gradient background
"A close up of a serum bottle standing on top of a light pink block platform, surrounded by dreamy flowers and some leaves, product shot, studio shot_3.png","A close up of a serum bottle standing on top of a light pink block platform, surrounded by dreamy flowers and some leaves, product shot, studio shot"
"A brown serum bottle standing on a circular brown wooden platform, on black surface surrounded by large brown orchids, black background, black surface_5.png","A brown serum bottle standing on a circular brown wooden platform, on black surface surrounded by large brown orchids, black background, black surface"
