image_file,caption
"a yellow perfume bottle standing on a white surface , next to a bouquet of wheat stalk, white background, minimal_7.png","a yellow perfume bottle standing on a white surface , next to a bouquet of wheat stalk, white background, minimal"
"a blue facewash tube standing on a white surface , next to a bouquet of wheat stalk, white background, minimal_3.png","a blue facewash tube standing on a white surface , next to a bouquet of wheat stalk, white background, minimal"
"a yellow perfume bottle standing on a white surface , next to a bouquet of wheat stalk, white background, minimal_8.png","a yellow perfume bottle standing on a white surface , next to a bouquet of wheat stalk, white background, minimal"
"a yellow perfume bottle standing on a white surface next to a bouquet of wheat stalk, white background, minimal_10.png","a yellow perfume bottle standing on a white surface next to a bouquet of wheat stalk, white background, minimal"
"a blue facewash tube standing on a white surface , next to a bouquet of wheat stalk, white background, minimal_2.png","a blue facewash tube standing on a white surface , next to a bouquet of wheat stalk, white background, minimal"
"a brown serum bottle standing on a white surface next to a bouquet of wheat stalk, white background, minimal_4.png","a brown serum bottle standing on a white surface next to a bouquet of wheat stalk, white background, minimal"
"a brown serum bottle standing on a white surface next to a bouquet of wheat stalk, white background, minimal_5.png","a brown serum bottle standing on a white surface next to a bouquet of wheat stalk, white background, minimal"
"a beer bottle standing on a white surface , next to a bouquet of wheat stalk, white background, minimal_1.png","a beer bottle standing on a white surface , next to a bouquet of wheat stalk, white background, minimal"
"a yellow perfume bottle standing on a white surface next to a bouquet of wheat stalk, white background, minimal_9.png","a yellow perfume bottle standing on a white surface next to a bouquet of wheat stalk, white background, minimal"
"a brown serum bottle standing on a white surface next to a bouquet of wheat stalk, white background, minimal_6.png","a brown serum bottle standing on a white surface next to a bouquet of wheat stalk, white background, minimal"
"a beer bottle standing on a white surface , next to a bouquet of wheat stalk, white background, minimal_0.png","a beer bottle standing on a white surface , next to a bouquet of wheat stalk, white background, minimal"
