image_file,caption
top angle view of a red juice bottle lying on top of bed of strawberries_3.png,top angle view of a red juice bottle lying on top of bed of strawberries
top angle view of a red juice bottle lying on top of bed of strawberries_2.png,top angle view of a red juice bottle lying on top of bed of strawberries
"top angle view of a brown serum bottle lying on top of bed of berries, zoomed in_7.png","top angle view of a brown serum bottle lying on top of bed of berries, zoomed in"
"top angle view of a white shampoo bottle lying on top of bed of berries, zoomed in_6.png","top angle view of a white shampoo bottle lying on top of bed of berries, zoomed in"
"top angle view of a red bottle lying on top of bed of berries, zoomed in_8.png","top angle view of a red bottle lying on top of bed of berries, zoomed in"
"top angle view of a white shampoo bottle lying on top of bed of berries, zoomed in_8.png","top angle view of a white shampoo bottle lying on top of bed of berries, zoomed in"
"top angle view of a brown serum bottle lying on top of bed of berries, zoomed in_3.png","top angle view of a brown serum bottle lying on top of bed of berries, zoomed in"
"top angle view of a brown serum bottle lying on top of bed of berries, zoomed in_2.png","top angle view of a brown serum bottle lying on top of bed of berries, zoomed in"
top angle view of a yellow juice bottle lying on top of bed of berries_1.png,top angle view of a yellow juice bottle lying on top of bed of berries
top angle view of a red juice bottle lying on top of bed of strawberries_1.png,top angle view of a red juice bottle lying on top of bed of strawberries
top angle view of a yellow juice bottle lying on top of bed of berries_2.png,top angle view of a yellow juice bottle lying on top of bed of berries
