image_file,caption
"gaming chair, in focus, shallow depth of feild, minimal office background, product shoot, black accents_2.png","gaming chair, in focus, shallow depth of feild, minimal office background, product shoot, black accents"
"office chair, in focus, shallow depth of feild, minimal office background, product shoot, black accents_2.png","office chair, in focus, shallow depth of feild, minimal office background, product shoot, black accents"
"office chair, in focus, shallow depth of feild, minimal office background, product shoot, black accents_4.png","office chair, in focus, shallow depth of feild, minimal office background, product shoot, black accents"
"yellow bean bag, in focus, shallow depth of feild, minimal office background, product shoot, black accents_2.png","yellow bean bag, in focus, shallow depth of feild, minimal office background, product shoot, black accents"
"yellow bean bag, in focus, shallow depth of feild, minimal office background, product shoot, black accents_1.png","yellow bean bag, in focus, shallow depth of feild, minimal office background, product shoot, black accents"
"yellow bean bag, in focus, shallow depth of feild, minimal office background, product shoot, black accents_3.png","yellow bean bag, in focus, shallow depth of feild, minimal office background, product shoot, black accents"
"office chair, in focus, shallow depth of feild, minimal office background, product shoot, black accents_3.png","office chair, in focus, shallow depth of feild, minimal office background, product shoot, black accents"
"yellow bean bag, in focus, shallow depth of feild, minimal office background, product shoot, black accents_4.png","yellow bean bag, in focus, shallow depth of feild, minimal office background, product shoot, black accents"
"gaming chair, in focus, shallow depth of feild, minimal office background, product shoot, black accents_1.png","gaming chair, in focus, shallow depth of feild, minimal office background, product shoot, black accents"
"office chair, in focus, shallow depth of feild, minimal office background, product shoot, black accents_1.png","office chair, in focus, shallow depth of feild, minimal office background, product shoot, black accents"
"gaming chair, in focus, shallow depth of feild, minimal office background, product shoot, black accents_4.png","gaming chair, in focus, shallow depth of feild, minimal office background, product shoot, black accents"
"gaming chair, in focus, shallow depth of feild, minimal office background, product shoot, black accents_3.png","gaming chair, in focus, shallow depth of feild, minimal office background, product shoot, black accents"
