image_file,caption
"A brown perfume bottle inside a curved wooden branch, grey background_0.png","A brown perfume bottle inside a curved wooden branch, grey background"
"A brown perfume bottle inside a curved wooden branch, grey background_1.png","A brown perfume bottle inside a curved wooden branch, grey background"
"A brown serum bottle inside a curved wooden branch, grey background_2.png","A brown serum bottle inside a curved wooden branch, grey background"
"A yellow skincare tube inside a curved wooden branch, grey background_9.png","A yellow skincare tube inside a curved wooden branch, grey background"
"A brown serum bottle inside a curved wooden branch, grey background_5.png","A brown serum bottle inside a curved wooden branch, grey background"
"A yellow skincare tube inside a curved wooden branch, grey background_8.png","A yellow skincare tube inside a curved wooden branch, grey background"
"A brown serum bottle inside a curved wooden branch, grey background_6.png","A brown serum bottle inside a curved wooden branch, grey background"
"A brown serum bottle inside a curved wooden branch, grey background_4.png","A brown serum bottle inside a curved wooden branch, grey background"
"A brown serum bottle inside a curved wooden branch, grey background_7.png","A brown serum bottle inside a curved wooden branch, grey background"
"A brown serum bottle inside a curved wooden branch, grey background_3.png","A brown serum bottle inside a curved wooden branch, grey background"
