image_file,caption
"closeup of a green cleaning solution bottle is kept on a wooden table in a room, front of an open wardrobe, white colors, minimal_1.png","closeup of a green cleaning solution bottle is kept on a wooden table in a room, front of an open wardrobe, white colors, minimal"
"closeup of a blue cleaning solution bottle kept on a wooden table in a room, front of an open wardrobe with clothes, white colors, minimal_1.png","closeup of a blue cleaning solution bottle kept on a wooden table in a room, front of an open wardrobe with clothes, white colors, minimal"
"closeup of a red detergent bottle is kept on a white counter in a room, in front of an open wardrobe with clothes, white colors, minimal, product photography_1.png","closeup of a red detergent bottle is kept on a white counter in a room, in front of an open wardrobe with clothes, white colors, minimal, product photography"
"closeup of a green cleaning solution bottle is kept on a wooden table in a room, front of an open wardrobe, white colors, minimal_0.png","closeup of a green cleaning solution bottle is kept on a wooden table in a room, front of an open wardrobe, white colors, minimal"
"closeup of a blue cleaning solution bottle kept on a wooden table in a room, front of an open wardrobe with clothes, white colors, minimal_0.png","closeup of a blue cleaning solution bottle kept on a wooden table in a room, front of an open wardrobe with clothes, white colors, minimal"
"closeup of a brown serum bottle, kept on a wooden table in a room, front of an open wardrobe, white colors, minimal_0.png","closeup of a brown serum bottle, kept on a wooden table in a room, front of an open wardrobe, white colors, minimal"
"closeup of a green cleaning solution bottle is kept on a wooden table in a room, front of an open wardrobe, white colors, minimal_2.png","closeup of a green cleaning solution bottle is kept on a wooden table in a room, front of an open wardrobe, white colors, minimal"
"closeup of a red detergent bottle is kept on a white counter in a room, in front of an open wardrobe with clothes, white colors, minimal, product photography_0.png","closeup of a red detergent bottle is kept on a white counter in a room, in front of an open wardrobe with clothes, white colors, minimal, product photography"
