image_file,caption
"A cereal box standing against a pink background, with some fresh blueberries and some natural strawberries on one side_0.png","A cereal box standing against a pink background, with some fresh blueberries and some natural strawberries on one side"
A pink raspberry mojito bottle standing against a blue background with some raspberries and mint leaves on either side of it_1.png,A pink raspberry mojito bottle standing against a blue background with some raspberries and mint leaves on either side of it
A mojito can standing against a blue background with some raspberries and mint leaves on either side of it_4.png,A mojito can standing against a blue background with some raspberries and mint leaves on either side of it
A mojito can standing against a blue background with some raspberries and mint leaves on either side of it_5.png,A mojito can standing against a blue background with some raspberries and mint leaves on either side of it
A cold drink can standing against a blue background with some raspberries and mint leaves on either side of it_3.png,A cold drink can standing against a blue background with some raspberries and mint leaves on either side of it
"A short fruit jam bottle standing against a pastel yellow background, with neatly cut banana slices on one side and vibrant red strawberry halves on the other_9.png","A short fruit jam bottle standing against a pastel yellow background, with neatly cut banana slices on one side and vibrant red strawberry halves on the other"
"A short fruit jam bottle standing against a pastel yellow background, with neatly cut banana slices on one side and vibrant red strawberry halves on the other_8.png","A short fruit jam bottle standing against a pastel yellow background, with neatly cut banana slices on one side and vibrant red strawberry halves on the other"
"A short fruit jam bottle standing against a pastel yellow background, with neatly cut banana slices on one side and vibrant red strawberry halves on the other_6.png","A short fruit jam bottle standing against a pastel yellow background, with neatly cut banana slices on one side and vibrant red strawberry halves on the other"
"A short fruit jam bottle standing against a pastel yellow background, with neatly cut banana slices on one side and vibrant red strawberry halves on the other_7.png","A short fruit jam bottle standing against a pastel yellow background, with neatly cut banana slices on one side and vibrant red strawberry halves on the other"
"A cereal box standing against a pink background, with some fresh blueberries and some strawberries on one side_2.png","A cereal box standing against a pink background, with some fresh blueberries and some strawberries on one side"
A sleek blueberry smoothie bottle in a pink background with some fresh blueberries and some strawberries on one side_10.png,A sleek blueberry smoothie bottle in a pink background with some fresh blueberries and some strawberries on one side
A sleek blueberry smoothie bottle in a pink background with some fresh blueberries and some strawberries on one side_11.png,A sleek blueberry smoothie bottle in a pink background with some fresh blueberries and some strawberries on one side
"A cereal box standing against a pink background, with some fresh blueberries and some strawberries on one side_1.png","A cereal box standing against a pink background, with some fresh blueberries and some strawberries on one side"
