image_file,caption
"product photoshoot of a wine bottle on a rock on a hill with a dreamy castle palace far away in the background, focus on product, close up shot, surreal, non-photorealistic fogy white sky background_9.png","product photoshoot of a wine bottle on a rock on a hill with a dreamy castle palace far away in the background, focus on product, close up shot, surreal, non-photorealistic fogy white sky background"
"product photoshoot of a blue bottle on a rock on a hill with a dreamy castle palace far away in the background, focus on product, close up shot, surreal, non-photorealistic fogy white sky background_2.png","product photoshoot of a blue bottle on a rock on a hill with a dreamy castle palace far away in the background, focus on product, close up shot, surreal, non-photorealistic fogy white sky background"
"product photoshoot of a blue bottle on a rock on a hill with a dreamy castle palace far away in the background, focus on product, close up shot, surreal, non-photorealistic fogy white sky background_1.png","product photoshoot of a blue bottle on a rock on a hill with a dreamy castle palace far away in the background, focus on product, close up shot, surreal, non-photorealistic fogy white sky background"
"product photoshoot of a yellow bagpack on a rock on a hill with a dreamy castle palace far away in the background, focus on product, close up shot, surreal, non-photorealistic fogy white sky background_11.png","product photoshoot of a yellow bagpack on a rock on a hill with a dreamy castle palace far away in the background, focus on product, close up shot, surreal, non-photorealistic fogy white sky background"
"product photoshoot of a wine bottle on a rock on a hill with a dreamy castle palace far away in the background, focus on product, close up shot, surreal, non-photorealistic fogy white sky background_8.png","product photoshoot of a wine bottle on a rock on a hill with a dreamy castle palace far away in the background, focus on product, close up shot, surreal, non-photorealistic fogy white sky background"
"product photoshoot of a brown serum bottle on a rock on a hill with a dreamy castle palace far away in the background, focus on product, close up shot, surreal, non-photorealistic background_4.png","product photoshoot of a brown serum bottle on a rock on a hill with a dreamy castle palace far away in the background, focus on product, close up shot, surreal, non-photorealistic background"
"product photoshoot of a yellow bagpack on a rock on a hill with a dreamy castle palace far away in the background, focus on product, close up shot, surreal, non-photorealistic fogy white sky background_10.png","product photoshoot of a yellow bagpack on a rock on a hill with a dreamy castle palace far away in the background, focus on product, close up shot, surreal, non-photorealistic fogy white sky background"
"product photoshoot of a skincare tube on a rock on a hill with a dreamy castle palace far away in the background, focus on product, close up shot, surreal, non-photorealistic fogy white sky background_7.png","product photoshoot of a skincare tube on a rock on a hill with a dreamy castle palace far away in the background, focus on product, close up shot, surreal, non-photorealistic fogy white sky background"
"product photoshoot of a skincare tube on a rock on a hill with a dreamy castle palace far away in the background, focus on product, close up shot, surreal, non-photorealistic fogy white sky background_5.png","product photoshoot of a skincare tube on a rock on a hill with a dreamy castle palace far away in the background, focus on product, close up shot, surreal, non-photorealistic fogy white sky background"
"product photoshoot of a blue bottle on a rock on a hill with a dreamy castle palace far away in the background, focus on product, close up shot, surreal, non-photorealistic fogy white sky background_0.png","product photoshoot of a blue bottle on a rock on a hill with a dreamy castle palace far away in the background, focus on product, close up shot, surreal, non-photorealistic fogy white sky background"
"product photoshoot of a skincare tube on a rock on a hill with a dreamy castle palace far away in the background, focus on product, close up shot, surreal, non-photorealistic fogy white sky background_6.png","product photoshoot of a skincare tube on a rock on a hill with a dreamy castle palace far away in the background, focus on product, close up shot, surreal, non-photorealistic fogy white sky background"
"product photoshoot of a blue perfume bottle on a rock on a hill with a dreamy castle palace far away in the background, focus on product, close up shot, surreal, non-photorealistic fogy white sky background_3.png","product photoshoot of a blue perfume bottle on a rock on a hill with a dreamy castle palace far away in the background, focus on product, close up shot, surreal, non-photorealistic fogy white sky background"
