image_file,caption
"Bird eye view of a brown perfume bottle lying on a white surface, surrounded by few lavender branches, few raisins and few nuts aesthetically placed, product shot_2.png","Bird eye view of a brown perfume bottle lying on a white surface, surrounded by few lavender branches, few raisins and few nuts aesthetically placed, product shot"
"Bird eye view of a brown perfume bottle lying on a glass surface, surrounded by few lavender branches, few raisins and few nuts aesthetically placed, product shot_1.png","Bird eye view of a brown perfume bottle lying on a glass surface, surrounded by few lavender branches, few raisins and few nuts aesthetically placed, product shot"
"Bird eye view of a red perfume bottle lying on a blue surface, surrounded by few lavender branches, few coffee beans, nuts aesthetically placed, product shot_4.png","Bird eye view of a red perfume bottle lying on a blue surface, surrounded by few lavender branches, few coffee beans, nuts aesthetically placed, product shot"
"Bird eye view of a red perfume bottle lying on a blue surface, surrounded by few lavender branches, few coffee beans, nuts aesthetically placed, product shot_3.png","Bird eye view of a red perfume bottle lying on a blue surface, surrounded by few lavender branches, few coffee beans, nuts aesthetically placed, product shot"
"Bird eye view of a brown perfume bottle lying on a glass surface, surrounded by few lavender branches, few raisins and few nuts aesthetically placed, product shot_3.png","Bird eye view of a brown perfume bottle lying on a glass surface, surrounded by few lavender branches, few raisins and few nuts aesthetically placed, product shot"
"Bird eye view of a red perfume bottle lying on a blue surface, surrounded by few lavender branches, few coffee beans, nuts aesthetically placed, product shot_2.png","Bird eye view of a red perfume bottle lying on a blue surface, surrounded by few lavender branches, few coffee beans, nuts aesthetically placed, product shot"
"Bird eye view of a red perfume bottle lying on a blue surface, surrounded by few lavender branches, few coffee beans, nuts aesthetically placed, product shot_1.png","Bird eye view of a red perfume bottle lying on a blue surface, surrounded by few lavender branches, few coffee beans, nuts aesthetically placed, product shot"
"Bird eye view of a brown perfume bottle lying on a glass surface, surrounded by few lavender branches, few raisins and few nuts aesthetically placed, product shot_4.png","Bird eye view of a brown perfume bottle lying on a glass surface, surrounded by few lavender branches, few raisins and few nuts aesthetically placed, product shot"
