image_file,caption
"A blue serum bottle on top of books on a wooden table next to a pencil, white background, front view_0.png","A blue serum bottle on top of books on a wooden table next to a pencil, white background, front view"
"A brown scented candle on top of books on a wooden table next to a pencil, white background, front view_6.png","A brown scented candle on top of books on a wooden table next to a pencil, white background, front view"
"A blue serum bottle on top of books on a wooden table next to a pencil, white background, front view_1.png","A blue serum bottle on top of books on a wooden table next to a pencil, white background, front view"
"A brown scented candle on top of books on a wooden table next to a pencil, white background, front view_4.png","A brown scented candle on top of books on a wooden table next to a pencil, white background, front view"
"A blue serum bottle on top of books on a wooden table next to a pencil, white background, front view_3.png","A blue serum bottle on top of books on a wooden table next to a pencil, white background, front view"
"A brown scented candle on top of books on a wooden table next to a pencil, white background, front view_5.png","A brown scented candle on top of books on a wooden table next to a pencil, white background, front view"
"A red bottle on top of books on a wooden table next to a pencil, white background, front view_11.png","A red bottle on top of books on a wooden table next to a pencil, white background, front view"
"A red bottle on top of books on a wooden table next to a pencil, white background, front view_8.png","A red bottle on top of books on a wooden table next to a pencil, white background, front view"
"A red bottle on top of books on a wooden table next to a pencil, white background, front view_10.png","A red bottle on top of books on a wooden table next to a pencil, white background, front view"
"A brown scented candle on top of books on a wooden table next to a pencil, white background, front view_7.png","A brown scented candle on top of books on a wooden table next to a pencil, white background, front view"
"A blue serum bottle on top of books on a wooden table next to a pencil, white background, front view_2.png","A blue serum bottle on top of books on a wooden table next to a pencil, white background, front view"
