image_file,caption
"two shampoo bottles on two white circular podiums with spring flowers around the base of the podium, photography, soft sunlight_10.png","two shampoo bottles on two white circular podiums with spring flowers around the base of the podium, photography, soft sunlight"
"two shampoo bottles on two white circular podiums with spring flowers around the base of the podium, photography, soft sunlight_9.png","two shampoo bottles on two white circular podiums with spring flowers around the base of the podium, photography, soft sunlight"
"A brown serum bottle on a white circular podium with spring flowers around the base of the podium, photography, soft sunlight_1.png","A brown serum bottle on a white circular podium with spring flowers around the base of the podium, photography, soft sunlight"
"two shampoo bottles on two white circular podiums with spring flowers around the base of the podium, photography, soft sunlight_8.png","two shampoo bottles on two white circular podiums with spring flowers around the base of the podium, photography, soft sunlight"
"A pink skincare tube on a white circular podium with spring flowers around the base of the podium, photography, soft sunlight_4.png","A pink skincare tube on a white circular podium with spring flowers around the base of the podium, photography, soft sunlight"
"A wine bottle on a white podium with spring flowers around the base of the podium, photography, soft sunlight_7.png","A wine bottle on a white podium with spring flowers around the base of the podium, photography, soft sunlight"
"A brown serum bottle on a white circular podium with spring flowers around the base of the podium, photography, soft sunlight_2.png","A brown serum bottle on a white circular podium with spring flowers around the base of the podium, photography, soft sunlight"
"A wine bottle on a white podium with spring flowers around the base of the podium, photography, soft sunlight_6.png","A wine bottle on a white podium with spring flowers around the base of the podium, photography, soft sunlight"
"A pink skincare tube on a white circular podium with spring flowers around the base of the podium, photography, soft sunlight_5.png","A pink skincare tube on a white circular podium with spring flowers around the base of the podium, photography, soft sunlight"
"A brown serum bottle on a white circular podium with spring flowers around the base of the podium, photography, soft sunlight_0.png","A brown serum bottle on a white circular podium with spring flowers around the base of the podium, photography, soft sunlight"
"A pink skincare tube on a white circular podium with spring flowers around the base of the podium, photography, soft sunlight_3.png","A pink skincare tube on a white circular podium with spring flowers around the base of the podium, photography, soft sunlight"
