image_file,caption
"A chanel perfume on wooden log surrounded by blue flowers, evening sky background_3.png","A chanel perfume on wooden log surrounded by blue flowers, evening sky background"
"A brown serum bottle on wooden log surrounded by white flowers, evening sky background_1.png","A brown serum bottle on wooden log surrounded by white flowers, evening sky background"
"A wine bottle on wooden log surrounded by red flowers, evening sky background_9.png","A wine bottle on wooden log surrounded by red flowers, evening sky background"
"A brown serum bottle on wooden log surrounded by white flowers, evening sky background_0.png","A brown serum bottle on wooden log surrounded by white flowers, evening sky background"
"A chanel perfume on wooden log surrounded by blue flowers, evening sky background_4.png","A chanel perfume on wooden log surrounded by blue flowers, evening sky background"
"A chanel perfume on wooden log surrounded by blue flowers, evening sky background_2.png","A chanel perfume on wooden log surrounded by blue flowers, evening sky background"
"A wine bottle on wooden log surrounded by red flowers, evening sky background_8.png","A wine bottle on wooden log surrounded by red flowers, evening sky background"
"A skincare tube on wooden log surrounded by red flowers, evening sky background_7.png","A skincare tube on wooden log surrounded by red flowers, evening sky background"
"A chanel perfume on wooden log surrounded by blue flowers, evening sky background_5.png","A chanel perfume on wooden log surrounded by blue flowers, evening sky background"
"A skincare tube on wooden log surrounded by red flowers, evening sky background_6.png","A skincare tube on wooden log surrounded by red flowers, evening sky background"
