image_file,caption
"brown serum standing on green grass, with a wooden log in the side, warm tones, sunlight coming from a side_1.png","brown serum standing on green grass, with a wooden log in the side, warm tones, sunlight coming from a side"
"Perfume bottle standing on green grass, small wooden branch in the side, warm tones, sunlight coming from a side, product shot_2.png","Perfume bottle standing on green grass, small wooden branch in the side, warm tones, sunlight coming from a side, product shot"
"brown serum standing on green grass, with a wooden log in the side, warm tones, sunlight coming from a side_2.png","brown serum standing on green grass, with a wooden log in the side, warm tones, sunlight coming from a side"
"Perfume bottle standing on green grass, small wooden branch in the side, warm tones, sunlight coming from a side, product shot_1.png","Perfume bottle standing on green grass, small wooden branch in the side, warm tones, sunlight coming from a side, product shot"
"A close up of a beer bottle kept on grass with tiny white flowers with houses in background, summer time, bright sky_2.png","A close up of a beer bottle kept on grass with tiny white flowers with houses in background, summer time, bright sky"
 A shampoo bottle standing on green grass with small white flower petals_1.png, A shampoo bottle standing on green grass with small white flower petals
"A close up of a beer bottle kept on grass with tiny white flowers with houses in background, summer time, bright sky_3.png","A close up of a beer bottle kept on grass with tiny white flowers with houses in background, summer time, bright sky"
"A close up of a beer bottle kept on grass with tiny white flowers with houses in background, summer time, bright sky_4.png","A close up of a beer bottle kept on grass with tiny white flowers with houses in background, summer time, bright sky"
"A close up of a beer bottle kept on grass with houses in background, summer time, bright sky_1.png","A close up of a beer bottle kept on grass with houses in background, summer time, bright sky"
A shampoo bottle standing on green grass with small white flower petals_1.png,A shampoo bottle standing on green grass with small white flower petals
