image_file,caption
"A cereal box, kept on a rock in front of the sea or an ocean, product shoot_2.png","A cereal box, kept on a rock in front of the sea or an ocean, product shoot"
"A cereal box, kept on a rock in front of the sea or an ocean, product shoot_1.png","A cereal box, kept on a rock in front of the sea or an ocean, product shoot"
"A spray bottle, kept on a rock in front of the sea or an ocean, product shoot_1.png","A spray bottle, kept on a rock in front of the sea or an ocean, product shoot"
"A cereal box, kept on a rock in front of the sea or an ocean, product shoot_3.png","A cereal box, kept on a rock in front of the sea or an ocean, product shoot"
"A spray bottle, kept on a rock in front of the sea or an ocean, product shoot_3.png","A spray bottle, kept on a rock in front of the sea or an ocean, product shoot"
"A cream jar, kept on a rock in front of the sea or an ocean, product shoot_1.png","A cream jar, kept on a rock in front of the sea or an ocean, product shoot"
"A cream jar, kept on a rock in front of the sea or an ocean, product shoot_3.png","A cream jar, kept on a rock in front of the sea or an ocean, product shoot"
"A spray bottle, kept on a rock in front of the sea or an ocean, product shoot_2.png","A spray bottle, kept on a rock in front of the sea or an ocean, product shoot"
"A spray bottle, kept on a rock in front of the sea or an ocean, product shoot_4.png","A spray bottle, kept on a rock in front of the sea or an ocean, product shoot"
"A cereal box, kept on a rock in front of the sea or an ocean, product shoot_4.png","A cereal box, kept on a rock in front of the sea or an ocean, product shoot"
"A cream jar, kept on a rock in front of the sea or an ocean, product shoot_2.png","A cream jar, kept on a rock in front of the sea or an ocean, product shoot"
"A cream jar, kept on a rock in front of the sea or an ocean, product shoot_4.png","A cream jar, kept on a rock in front of the sea or an ocean, product shoot"
