image_file,caption
A blue perfume bottle standing on a rock in a pond in a garden of flowers_2.png,A blue perfume bottle standing on a rock in a pond in a garden of flowers
A blue perfume bottle standing on a rock in a pond in a garden of flowers_3.png,A blue perfume bottle standing on a rock in a pond in a garden of flowers
A blue perfume bottle standing on a rock in a pond in a garden of flowers_1.png,A blue perfume bottle standing on a rock in a pond in a garden of flowers
A blue perfume bottle standing on a rock in a pond in a garden of flowers_0.png,A blue perfume bottle standing on a rock in a pond in a garden of flowers
A brown serum bottle standing on a rock in a pond in a garden of flowers_5.png,A brown serum bottle standing on a rock in a pond in a garden of flowers
A pink perfume bottle standing on a rock in a pond in a garden of flowers_8.png,A pink perfume bottle standing on a rock in a pond in a garden of flowers
A pink perfume bottle standing on a rock in a pond in a garden of flowers_9.png,A pink perfume bottle standing on a rock in a pond in a garden of flowers
A brown serum bottle standing on a rock in a pond in a garden of flowers_4.png,A brown serum bottle standing on a rock in a pond in a garden of flowers
A brown serum bottle standing on a rock in a pond in a garden of flowers_6.png,A brown serum bottle standing on a rock in a pond in a garden of flowers
A pink perfume bottle standing on a rock in a pond in a garden of flowers_7.png,A pink perfume bottle standing on a rock in a pond in a garden of flowers
"close up, A wine bottle standing on a rock in a pond in a garden of flowers, blue sky_14.png","close up, A wine bottle standing on a rock in a pond in a garden of flowers, blue sky"
A pink perfume bottle standing on a rock in a pond in a garden of flowers_10.png,A pink perfume bottle standing on a rock in a pond in a garden of flowers
"close up, A wine bottle standing on a rock in a pond in a garden of flowers_11.png","close up, A wine bottle standing on a rock in a pond in a garden of flowers"
"close up, A wine bottle standing on a rock in a pond in a garden of flowers, blue sky_15.png","close up, A wine bottle standing on a rock in a pond in a garden of flowers, blue sky"
"close up, A wine bottle standing on a rock in a pond in a garden of flowers_13.png","close up, A wine bottle standing on a rock in a pond in a garden of flowers"
"close up, A wine bottle standing on a rock in a pond in a garden of flowers_12.png","close up, A wine bottle standing on a rock in a pond in a garden of flowers"
