image_file,caption
"A wine bottle standing on a circular white platform surrounded by grass and flowers, blue sky with clouds in background_6.png","A wine bottle standing on a circular white platform surrounded by grass and flowers, blue sky with clouds in background"
"A yellow bag standing on a circular white platform surrounded by grass and flowers, blue sky with clouds in background_7.png","A yellow bag standing on a circular white platform surrounded by grass and flowers, blue sky with clouds in background"
"A pink perfume bottle standing on a circular white platform surrounded by grass and flowers, blue sky with clouds in background_3.png","A pink perfume bottle standing on a circular white platform surrounded by grass and flowers, blue sky with clouds in background"
"A pink perfume bottle standing on a circular white platform surrounded by grass and flowers, blue sky with clouds in background_5.png","A pink perfume bottle standing on a circular white platform surrounded by grass and flowers, blue sky with clouds in background"
"A pink perfume bottle standing on a circular white platform surrounded by grass and flowers, blue sky with clouds in background_4.png","A pink perfume bottle standing on a circular white platform surrounded by grass and flowers, blue sky with clouds in background"
"A yellow bag standing on a circular white platform surrounded by grass and flowers, blue sky with clouds in background_8.png","A yellow bag standing on a circular white platform surrounded by grass and flowers, blue sky with clouds in background"
"A brown serum bottle standing on a circular white platform surrounded by grass and flowers, blue sky with clouds in background_2.png","A brown serum bottle standing on a circular white platform surrounded by grass and flowers, blue sky with clouds in background"
"A brown serum bottle standing on a circular white platform surrounded by grass and flowers, blue sky with clouds in background_1.png","A brown serum bottle standing on a circular white platform surrounded by grass and flowers, blue sky with clouds in background"
"A brown serum bottle standing on a circular white platform surrounded by grass and flowers, blue sky with clouds in background_0.png","A brown serum bottle standing on a circular white platform surrounded by grass and flowers, blue sky with clouds in background"
