image_file,caption
"Close up of a blue perfume bottle standing on a beige surface with palm leafs on both side, with a pool of water in foreground, reflection visible in water_1.png","Close up of a blue perfume bottle standing on a beige surface with palm leafs on both side, with a pool of water in foreground, reflection visible in water"
"close up of a green bottle standing on a beige surface with palm leafs on both side, with a pool of water in foreground, reflection visible in water_2.png","close up of a green bottle standing on a beige surface with palm leafs on both side, with a pool of water in foreground, reflection visible in water"
"yellow bag standing on a beige surface with palm leafs on both side, with a pool of water in foreground, reflection visible in water_1.png","yellow bag standing on a beige surface with palm leafs on both side, with a pool of water in foreground, reflection visible in water"
"green bottle standing on a beige surface with palm leafs on both side, with a pool of water in foreground, reflection visible in water_1.png","green bottle standing on a beige surface with palm leafs on both side, with a pool of water in foreground, reflection visible in water"
"green bottle on a beige surface with palm leafs on both side, with a pool of water in foreground, reflection visible in water, dark enviornment_1.png","green bottle on a beige surface with palm leafs on both side, with a pool of water in foreground, reflection visible in water, dark enviornment"
"Close up of a brown serum bottle standing on a beige surface with palm leafs on both side, with a pool of water in foreground, reflection visible in water_2.png","Close up of a brown serum bottle standing on a beige surface with palm leafs on both side, with a pool of water in foreground, reflection visible in water"
"close up of a green bottle standing on a beige surface with palm leafs on both side, with a pool of water in foreground, reflection visible in water_1.png","close up of a green bottle standing on a beige surface with palm leafs on both side, with a pool of water in foreground, reflection visible in water"
"green bottle standing on a beige surface with palm leafs on both side, with a pool of water in foreground, reflection visible in water_2.png","green bottle standing on a beige surface with palm leafs on both side, with a pool of water in foreground, reflection visible in water"
"blue perfume bottle on a beige surface with palm leafs on both side, with a pool of water in foreground, reflection visible in water_1.png","blue perfume bottle on a beige surface with palm leafs on both side, with a pool of water in foreground, reflection visible in water"
"yellow bag standing on a beige surface with palm leafs on both side, with a pool of water in foreground, reflection visible in water_4.png","yellow bag standing on a beige surface with palm leafs on both side, with a pool of water in foreground, reflection visible in water"
"yellow bag standing on a beige surface with palm leafs on both side, with a pool of water in foreground, reflection visible in water_2.png","yellow bag standing on a beige surface with palm leafs on both side, with a pool of water in foreground, reflection visible in water"
