image_file,caption
"closeup, top angle shot, A brown serum bottle lying on a wooden tray, half out, product photoshoot, minimal_2.png","closeup, top angle shot, A brown serum bottle lying on a wooden tray, half out, product photoshoot, minimal"
"closeup, top angle shot, A brown serum bottle lying on a wooden tray, half out, product photoshoot_5.png","closeup, top angle shot, A brown serum bottle lying on a wooden tray, half out, product photoshoot"
"closeup, top angle shot, A brown serum bottle lying on a wooden tray, half out, product photoshoot, minimal_3.png","closeup, top angle shot, A brown serum bottle lying on a wooden tray, half out, product photoshoot, minimal"
"closeup, top angle shot, A brown serum bottle lying on a wooden tray, half out, minimal, white background, product photoshoot_0.png","closeup, top angle shot, A brown serum bottle lying on a wooden tray, half out, minimal, white background, product photoshoot"
"closeup, top angle shot, A white facewash tube lying on a wooden tray, half out, product photoshoot, minimal_6.png","closeup, top angle shot, A white facewash tube lying on a wooden tray, half out, product photoshoot, minimal"
"closeup, top angle shot, A white facewash tube lying on a wooden tray, half out, product photoshoot, minimal_7.png","closeup, top angle shot, A white facewash tube lying on a wooden tray, half out, product photoshoot, minimal"
"closeup, top angle shot, A brown serum bottle lying on a wooden tray, half out, product photoshoot, minimal_1.png","closeup, top angle shot, A brown serum bottle lying on a wooden tray, half out, product photoshoot, minimal"
"closeup, top angle shot, A brown serum bottle lying on a wooden tray, half out, product photoshoot_4.png","closeup, top angle shot, A brown serum bottle lying on a wooden tray, half out, product photoshoot"
