image_file,caption
"A wine bottle standing next to a single dried hydrangea branch on a white background, shadows, luxury shoot, product shot_7.png","A wine bottle standing next to a single dried hydrangea branch on a white background, shadows, luxury shoot, product shot"
"A brown serum bottle standing next to a single dried hydrangea branch on a white background, shadows, luxury shoot, product shot_2.png","A brown serum bottle standing next to a single dried hydrangea branch on a white background, shadows, luxury shoot, product shot"
"A brown serum bottle standing next to a single dried hydrangea branch on a white background, shadows, luxury shoot, product shot_1.png","A brown serum bottle standing next to a single dried hydrangea branch on a white background, shadows, luxury shoot, product shot"
"A brown serum bottle standing next to a single dried hydrangea branch on a white background, shadows, luxury shoot, product shot_0.png","A brown serum bottle standing next to a single dried hydrangea branch on a white background, shadows, luxury shoot, product shot"
"A wine bottle standing next to a single dried hydrangea branch on a white background, shadows, luxury shoot, product shot_10.png","A wine bottle standing next to a single dried hydrangea branch on a white background, shadows, luxury shoot, product shot"
"A wine bottle standing next to a single dried hydrangea branch on a white background, shadows, luxury shoot, product shot_8.png","A wine bottle standing next to a single dried hydrangea branch on a white background, shadows, luxury shoot, product shot"
"A golden perfum bottle standing next to a single dried hydrangea branch on a white background, shadows, luxury shoot, product shot_4.png","A golden perfum bottle standing next to a single dried hydrangea branch on a white background, shadows, luxury shoot, product shot"
"A golden perfum bottle standing next to a single dried hydrangea branch on a white background, shadows, luxury shoot, product shot_5.png","A golden perfum bottle standing next to a single dried hydrangea branch on a white background, shadows, luxury shoot, product shot"
"A wine bottle standing next to a single dried hydrangea branch on a white background, shadows, luxury shoot, product shot_9.png","A wine bottle standing next to a single dried hydrangea branch on a white background, shadows, luxury shoot, product shot"
"A golden perfum bottle standing next to a single dried hydrangea branch on a white background, shadows, luxury shoot, product shot_6.png","A golden perfum bottle standing next to a single dried hydrangea branch on a white background, shadows, luxury shoot, product shot"
"A golden perfum bottle standing next to a single dried hydrangea branch on a white background, shadows, luxury shoot, product shot_3.png","A golden perfum bottle standing next to a single dried hydrangea branch on a white background, shadows, luxury shoot, product shot"
hydrangea_luxury.png,hydrangea_luxury