image_file,caption
A red pepsi can next to two ice cubes in front of red background_0.png,A red pepsi can next to two ice cubes in front of red background
A red pepsi can next to two ice cubes in front of red background_1.png,A red pepsi can next to two ice cubes in front of red background
A red pepsi can next to two ice cubes in front of red background_2.png,A red pepsi can next to two ice cubes in front of red background
closeup of a blue skincare tube next to two ice cubes in front of blue background_3.png,closeup of a blue skincare tube next to two ice cubes in front of blue background
closeup of a brown serum bottle next to two ice cubes in front of blue background_4.png,closeup of a brown serum bottle next to two ice cubes in front of blue background
closeup of a brown serum bottle next to two ice cubes in front of blue background_5.png,closeup of a brown serum bottle next to two ice cubes in front of blue background
closeup of a brown serum bottle next to two ice cubes in front of blue background_6.png,closeup of a brown serum bottle next to two ice cubes in front of blue background
closeup of a wine bottle next to two ice cubes in front of blue background_7.png,closeup of a wine bottle next to two ice cubes in front of blue background
closeup of a yellow can next to two ice cubes in front of yellow background_10.png,closeup of a yellow can next to two ice cubes in front of yellow background
closeup of a yellow can next to two ice cubes in front of yellow background_8.png,closeup of a yellow can next to two ice cubes in front of yellow background
closeup of a yellow can next to two ice cubes in front of yellow background_9.png,closeup of a yellow can next to two ice cubes in front of yellow background
