image_file,caption
"A brown serum bottle, kept in a cozy aesthetic environment with clouds and stars in the side, product shoot, focus on product, and not the surrounding, shallow depth of field_5.png","A brown serum bottle, kept in a cozy aesthetic environment with clouds and stars in the side, product shoot, focus on product, and not the surrounding, shallow depth of field"
"A brown serum bottle, kept in a cozy aesthetic environment with clouds and stars in the side, product shoot, focus on product, and not the surrounding, shallow depth of field_7.png","A brown serum bottle, kept in a cozy aesthetic environment with clouds and stars in the side, product shoot, focus on product, and not the surrounding, shallow depth of field"
"A beige colored scented candle, kept in a cozy aesthetic environment with clouds and stars in the side, product shoot, focus on product, and not the surrounding, shallow depth of field_1.png","A beige colored scented candle, kept in a cozy aesthetic environment with clouds and stars in the side, product shoot, focus on product, and not the surrounding, shallow depth of field"
"A brown serum bottle, kept in a cozy aesthetic environment with clouds and stars in the side, product shoot, focus on product, and not the surrounding, shallow depth of field_6.png","A brown serum bottle, kept in a cozy aesthetic environment with clouds and stars in the side, product shoot, focus on product, and not the surrounding, shallow depth of field"
"A blue shampoo bottle, kept in a cozy aesthetic environment with clouds and stars in the side, product shoot, focus on product, and not the surrounding, shallow depth of field_4.png","A blue shampoo bottle, kept in a cozy aesthetic environment with clouds and stars in the side, product shoot, focus on product, and not the surrounding, shallow depth of field"
"A beige colored scented candle, kept in a cozy aesthetic environment with clouds and stars in the side, product shoot, focus on product, and not the surrounding, shallow depth of field_0.png","A beige colored scented candle, kept in a cozy aesthetic environment with clouds and stars in the side, product shoot, focus on product, and not the surrounding, shallow depth of field"
"A wine bottle, kept in a cozy aesthetic environment with clouds and stars in the side, product shoot, focus on product, and not the surrounding, shallow depth of field_9.png","A wine bottle, kept in a cozy aesthetic environment with clouds and stars in the side, product shoot, focus on product, and not the surrounding, shallow depth of field"
"A beige colored scented candle, kept in a cozy aesthetic environment with clouds and stars in the side, product shoot, focus on product, and not the surrounding, shallow depth of field_2.png","A beige colored scented candle, kept in a cozy aesthetic environment with clouds and stars in the side, product shoot, focus on product, and not the surrounding, shallow depth of field"
"A blue shampoo bottle, kept in a cozy aesthetic environment with clouds and stars in the side, product shoot, focus on product, and not the surrounding, shallow depth of field_3.png","A blue shampoo bottle, kept in a cozy aesthetic environment with clouds and stars in the side, product shoot, focus on product, and not the surrounding, shallow depth of field"
"A brown serum bottle, kept in a cozy aesthetic environment with clouds and stars in the side, product shoot, focus on product, and not the surrounding, shallow depth of field_8.png","A brown serum bottle, kept in a cozy aesthetic environment with clouds and stars in the side, product shoot, focus on product, and not the surrounding, shallow depth of field"
