image_file,caption
"A soft drink can kept on a velwet pillow, with a indian diya kept lit on the adjacent table, shallow depth of field, fairy lights in the background, product shoot_5.png","A soft drink can kept on a velwet pillow, with a indian diya kept lit on the adjacent table, shallow depth of field, fairy lights in the background, product shoot"
"A scented candle kept on a velvet pillow, with a indian diya kept lit on the adjacent table, shallow depth of field, fairy lights in the background, product shoot_1.png","A scented candle kept on a velvet pillow, with a indian diya kept lit on the adjacent table, shallow depth of field, fairy lights in the background, product shoot"
"A can kept on a velwet pillow, with a indian diya kept lit on the adjacent table, shallow depth of field, fairy lights in the background, product shoot_8.png","A can kept on a velwet pillow, with a indian diya kept lit on the adjacent table, shallow depth of field, fairy lights in the background, product shoot"
"A watch kept on a velwet pillow, with a indian diya kept lit on the adjacent table, shallow depth of field, fairy lights in the background, product shoot_10.png","A watch kept on a velwet pillow, with a indian diya kept lit on the adjacent table, shallow depth of field, fairy lights in the background, product shoot"
"A can kept on a velwet pillow, with a indian diya kept lit on the adjacent table, shallow depth of field, fairy lights in the background, product shoot_6.png","A can kept on a velwet pillow, with a indian diya kept lit on the adjacent table, shallow depth of field, fairy lights in the background, product shoot"
"A scented canlde kept on a velvet pillow, with a indian diya kept lit on the adjacent table, shallow depth of field, fairy lights in the background, product shoot_3.png","A scented canlde kept on a velvet pillow, with a indian diya kept lit on the adjacent table, shallow depth of field, fairy lights in the background, product shoot"
"A candle kept on a velvet pillow, with a indian diya kept lit on the adjacent table, shallow depth of field, fairy lights in the background, product shoot_2.png","A candle kept on a velvet pillow, with a indian diya kept lit on the adjacent table, shallow depth of field, fairy lights in the background, product shoot"
"A watch kept on a velwet pillow, with a indian diya kept lit on the adjacent table, shallow depth of field, fairy lights in the background, product shoot_12.png","A watch kept on a velwet pillow, with a indian diya kept lit on the adjacent table, shallow depth of field, fairy lights in the background, product shoot"
"A watch kept on a velwet pillow, with a indian diya kept lit on the adjacent table, shallow depth of field, fairy lights in the background, product shoot_9.png","A watch kept on a velwet pillow, with a indian diya kept lit on the adjacent table, shallow depth of field, fairy lights in the background, product shoot"
"A watch kept on a velwet pillow, with a indian diya kept lit on the adjacent table, shallow depth of field, fairy lights in the background, product shoot_11.png","A watch kept on a velwet pillow, with a indian diya kept lit on the adjacent table, shallow depth of field, fairy lights in the background, product shoot"
"A soft drink can kept on a velwet pillow, with a indian diya kept lit on the adjacent table, shallow depth of field, fairy lights in the background, product shoot_7.png","A soft drink can kept on a velwet pillow, with a indian diya kept lit on the adjacent table, shallow depth of field, fairy lights in the background, product shoot"
"A cup kept on a velwet pillow, with a indian diya kept lit on the adjacent table, shallow depth of field, fairy lights in the background, product shoot_4.png","A cup kept on a velwet pillow, with a indian diya kept lit on the adjacent table, shallow depth of field, fairy lights in the background, product shoot"
