image_file,caption
"top angle view, A pink perfume lying on a light pink surface, two lavender flowers below it_5.png","top angle view, A pink perfume lying on a light pink surface, two lavender flowers below it"
"top angle view, A pink perfume lying on a light pink surface, two lavender flowers below it_6.png","top angle view, A pink perfume lying on a light pink surface, two lavender flowers below it"
"top angle view, A red perfume lying on a light pink surface, two red roses with green stem below it_7.png","top angle view, A red perfume lying on a light pink surface, two red roses with green stem below it"
"top angle view, A pink perfume lying on a light pink surface, lavender flowers below it_4.png","top angle view, A pink perfume lying on a light pink surface, lavender flowers below it"
"top angle view, A wine bottle lying on a beige surface, two lilies with green stem below it_9.png","top angle view, A wine bottle lying on a beige surface, two lilies with green stem below it"
"top angle view, A wine bottle lying on a beige surface, two lilies with green stem below it_10.png","top angle view, A wine bottle lying on a beige surface, two lilies with green stem below it"
"top angle view, A brown serum bottle lying on a white surface, two sunflowers with green stem below it_1.png","top angle view, A brown serum bottle lying on a white surface, two sunflowers with green stem below it"
"top angle view, A brown serum bottle lying on a white surface, two sunflowers with green stem below it_3.png","top angle view, A brown serum bottle lying on a white surface, two sunflowers with green stem below it"
"high angle view, A brown perfume standing on a beige surface, two red roses with green stem below it_0.png","high angle view, A brown perfume standing on a beige surface, two red roses with green stem below it"
"top angle view, A brown serum bottle lying on a white surface, two sunflowers with green stem below it_2.png","top angle view, A brown serum bottle lying on a white surface, two sunflowers with green stem below it"
"top angle view, A red perfume lying on a light pink surface, two red roses with green stem below it_8.png","top angle view, A red perfume lying on a light pink surface, two red roses with green stem below it"
