image_file,caption
"A yellow skincare tube on sand on beach, highly detailed_8.png","A yellow skincare tube on sand on beach, highly detailed"
"A pink shampoo bottle on sand on beach, highly detailed_5.png","A pink shampoo bottle on sand on beach, highly detailed"
"A pink shampoo bottle on sand on beach, highly detailed_3.png","A pink shampoo bottle on sand on beach, highly detailed"
"A brown serum bottle on sand on beach, highly detailed_2.png","A brown serum bottle on sand on beach, highly detailed"
"A red perfume bottle on sand on beach, highly detailed_7.png","A red perfume bottle on sand on beach, highly detailed"
"A red perfume bottle on sand on beach, highly detailed_6.png","A red perfume bottle on sand on beach, highly detailed"
"A brown serum bottle on sand on beach, highly detailed_1.png","A brown serum bottle on sand on beach, highly detailed"
"A brown serum bottle on sand on beach, highly detailed_0.png","A brown serum bottle on sand on beach, highly detailed"
"A yellow skincare tube on sand on beach, highly detailed_9.png","A yellow skincare tube on sand on beach, highly detailed"
"A pink shampoo bottle on sand on beach, highly detailed_4.png","A pink shampoo bottle on sand on beach, highly detailed"
