image_file,caption
"A white bottle standing on black gravel, purple night sky with stars in background, product shot_4.png","A white bottle standing on black gravel, purple night sky with stars in background, product shot"
"A white bottle standing on black gravel, purple night sky with stars in background, product shot_5.png","A white bottle standing on black gravel, purple night sky with stars in background, product shot"
"A golden facewash tube bottle standing on black gravel, purple night sky with stars in background, product shot_3.png","A golden facewash tube bottle standing on black gravel, purple night sky with stars in background, product shot"
"A golden facewash tube bottle standing on black gravel, purple night sky with stars in background, product shot_2.png","A golden facewash tube bottle standing on black gravel, purple night sky with stars in background, product shot"
"A white bottle standing on black gravel, purple night sky with stars in background, product shot_6.png","A white bottle standing on black gravel, purple night sky with stars in background, product shot"
"A wine bottle standing on black gravel, purple night sky with stars in background, product shot_7.png","A wine bottle standing on black gravel, purple night sky with stars in background, product shot"
"A brown serum bottle standing on black gravel, purple night sky with stars in background, product shot_0.png","A brown serum bottle standing on black gravel, purple night sky with stars in background, product shot"
"A wine bottle standing on black gravel, purple night sky with stars in background, product shot_8.png","A wine bottle standing on black gravel, purple night sky with stars in background, product shot"
"A brown serum bottle standing on black gravel, purple night sky with stars in background, product shot_1.png","A brown serum bottle standing on black gravel, purple night sky with stars in background, product shot"
