image_file,caption
"product photograph of a necklace on plain blue folded paper, minimal_8.png","product photograph of a necklace on plain blue folded paper, minimal"
"product photograph of a jewellery on plain blue folded paper, minimal_6.png","product photograph of a jewellery on plain blue folded paper, minimal"
"product photograph of a bangle on plain blue folded paper, minimal_0.png","product photograph of a bangle on plain blue folded paper, minimal"
"product photograph of a jewellery on plain blue folded paper, minimal_5.png","product photograph of a jewellery on plain blue folded paper, minimal"
"product photograph of a bangle on plain blue folded paper, minimal_1.png","product photograph of a bangle on plain blue folded paper, minimal"
"product photograph of a heavy jewellery on plain blue folded paper, minimal_3.png","product photograph of a heavy jewellery on plain blue folded paper, minimal"
"product photograph of a bracelet on plain blue folded paper, minimal_2.png","product photograph of a bracelet on plain blue folded paper, minimal"
"product photograph of a necklace on plain blue folded paper, minimal_9.png","product photograph of a necklace on plain blue folded paper, minimal"
"product photograph of a necklace on plain blue folded paper, minimal_10.png","product photograph of a necklace on plain blue folded paper, minimal"
"product photograph of a jewellery on plain blue folded paper, minimal_7.png","product photograph of a jewellery on plain blue folded paper, minimal"
"product photograph of a jewellery on blue folded paper, minimal_4.png","product photograph of a jewellery on blue folded paper, minimal"
