image_file,caption
"a hand holding a brown serum bottle in open palm, black textured background_4.png","a hand holding a brown serum bottle in open palm, black textured background"
"a feminine hand holding a pocket pefume bottle in open palm, black textured background_2.png","a feminine hand holding a pocket pefume bottle in open palm, black textured background"
"a hand holding a brown serum bottle in open palm, black textured background_6.png","a hand holding a brown serum bottle in open palm, black textured background"
"a feminine hand holding a pocket pefume bottle in open palm, black textured background_3.png","a feminine hand holding a pocket pefume bottle in open palm, black textured background"
"a hand holding a brown serum bottle in open palm, black textured background_5.png","a hand holding a brown serum bottle in open palm, black textured background"
"a hand holding a brown serum bottle in open palm, black textured background_7.png","a hand holding a brown serum bottle in open palm, black textured background"
"a hand holding a brown serum bottle in open palm, black textured background_8.png","a hand holding a brown serum bottle in open palm, black textured background"
"a feminine hand holding a pocket pefume bottle in open palm, black textured background_1.png","a feminine hand holding a pocket pefume bottle in open palm, black textured background"
