image_file,caption
A wine bottle on a grey surface in front of a wall with graffiti_10.png,A wine bottle on a grey surface in front of a wall with graffiti
A brown serum bottle on a grey surface in front of a wall with graffiti_3.png,A brown serum bottle on a grey surface in front of a wall with graffiti
A wine bottle on a grey surface in front of a wall with flouroscent graffiti_7.png,A wine bottle on a grey surface in front of a wall with flouroscent graffiti
A black backpack on a grey surface in front of a wall with graffiti_0.png,A black backpack on a grey surface in front of a wall with graffiti
A coffee can on a grey surface in front of a wall with graffiti_5.png,A coffee can on a grey surface in front of a wall with graffiti
A wine bottle on a grey surface in front of a wall with graffiti_12.png,A wine bottle on a grey surface in front of a wall with graffiti
A black backpack on a grey surface in front of a wall with graffiti_1.png,A black backpack on a grey surface in front of a wall with graffiti
A wine bottle on a grey surface in front of a wall with flouroscent graffiti_8.png,A wine bottle on a grey surface in front of a wall with flouroscent graffiti
A coffee can on a grey surface in front of a wall with graffiti_6.png,A coffee can on a grey surface in front of a wall with graffiti
A wine bottle on a grey surface in front of a wall with graffiti_11.png,A wine bottle on a grey surface in front of a wall with graffiti
A brown serum bottle on a grey surface in front of a wall with graffiti_2.png,A brown serum bottle on a grey surface in front of a wall with graffiti
A coffee can on a grey surface in front of a wall with graffiti_4.png,A coffee can on a grey surface in front of a wall with graffiti
A wine bottle on a grey surface in front of a wall with graffiti_9.png,A wine bottle on a grey surface in front of a wall with graffiti
