image_file,caption
a wine bottle set in a forest fantasy background_7.png,a wine bottle set in a forest fantasy background
a brown serum bottle set in a forest fantasy background_4.png,a brown serum bottle set in a forest fantasy background
a wine bottle set in a forest fantasy background_8.png,a wine bottle set in a forest fantasy background
a yellow skincare tube set in a forest fantasy background_10.png,a yellow skincare tube set in a forest fantasy background
a blue shampoo bottle set in a forest fantasy background_0.png,a blue shampoo bottle set in a forest fantasy background
a yellow skincare tube set in a forest fantasy background_9.png,a yellow skincare tube set in a forest fantasy background
a wine bottle set in a forest fantasy background_6.png,a wine bottle set in a forest fantasy background
a brown serum bottle set in a forest fantasy background_3.png,a brown serum bottle set in a forest fantasy background
a brown serum bottle set in a greek fantasy background_5.png,a brown serum bottle set in a greek fantasy background
a blue shampoo bottle set in a forest fantasy background_1.png,a blue shampoo bottle set in a forest fantasy background
a brown serum bottle set in a forest fantasy background_2.png,a brown serum bottle set in a forest fantasy background
