image_file,caption
"close up, wine bottle on a wooden platform surrounded by few strawberries and leaves hanging in garden, minimal_9.png","close up, wine bottle on a wooden platform surrounded by few strawberries and leaves hanging in garden, minimal"
"close up, wine bottle on a wooden platform surrounded by few strawberries and leaves hanging in garden, minimal_10.png","close up, wine bottle on a wooden platform surrounded by few strawberries and leaves hanging in garden, minimal"
"close up, wine bottle on a wooden platform surrounded by few oranges and leaves hanging in garden, minimal_8.png","close up, wine bottle on a wooden platform surrounded by few oranges and leaves hanging in garden, minimal"
A wine bottle on a wooden platform surrounded by apples hanging on branches_0.png,A wine bottle on a wooden platform surrounded by apples hanging on branches
"close up, wine bottle on a wooden platform surrounded by few oranges and leaves hanging in garden, minimal_7.png","close up, wine bottle on a wooden platform surrounded by few oranges and leaves hanging in garden, minimal"
"close up, wine bottle on a wooden platform surrounded by few oranges and leaves hanging in garden, minimal_6.png","close up, wine bottle on a wooden platform surrounded by few oranges and leaves hanging in garden, minimal"
"close up, wine bottle on a wooden platform surrounded by strawberries hanging in garden on both sides_12.png","close up, wine bottle on a wooden platform surrounded by strawberries hanging in garden on both sides"
"close up, wine bottle on a wooden platform surrounded by few oranges and leaves hanging in garden, minimal_5.png","close up, wine bottle on a wooden platform surrounded by few oranges and leaves hanging in garden, minimal"
"close up, wine bottle on a wooden platform surrounded by few apples and leaves hanging in garden, minimal_4.png","close up, wine bottle on a wooden platform surrounded by few apples and leaves hanging in garden, minimal"
"close up, wine bottle on a wooden platform surrounded by pomegranates hanging in garden on both sides_11.png","close up, wine bottle on a wooden platform surrounded by pomegranates hanging in garden on both sides"
"close up, wine bottle on a wooden platform surrounded by few apples and leaves hanging in garden, minimal_1.png","close up, wine bottle on a wooden platform surrounded by few apples and leaves hanging in garden, minimal"
"close up, wine bottle on a wooden platform surrounded by few apples and leaves hanging in garden, minimal_3.png","close up, wine bottle on a wooden platform surrounded by few apples and leaves hanging in garden, minimal"
"close up, wine bottle on a wooden platform surrounded by few apples and leaves hanging in garden, minimal_2.png","close up, wine bottle on a wooden platform surrounded by few apples and leaves hanging in garden, minimal"
