image_file,caption
"A red bottle lying on a big green leaf, dark background_2.png","A red bottle lying on a big green leaf, dark background"
"closeup of a serum bottle lying on a palm leaf, dark background_2.png","closeup of a serum bottle lying on a palm leaf, dark background"
"A red bottle lying on a big green leaf, dark background_1.png","A red bottle lying on a big green leaf, dark background"
"closeup of a red perfume bottle lying on a palm leaf, black background_2.png","closeup of a red perfume bottle lying on a palm leaf, black background"
"closeup of a serum bottle lying on a palm leaf, dark background_1.png","closeup of a serum bottle lying on a palm leaf, dark background"
"closeup of a red perfume bottle lying on a palm leaf, black background_1.png","closeup of a red perfume bottle lying on a palm leaf, black background"
"closeup of a red perfume bottle lying on a palm leaf, black background_3.png","closeup of a red perfume bottle lying on a palm leaf, black background"
"closeup of a serum bottle lying on a green leaf, dark background_1.png","closeup of a serum bottle lying on a green leaf, dark background"
"closeup of a serum bottle lying on a palm leaf, dark background_4.png","closeup of a serum bottle lying on a palm leaf, dark background"
"closeup of a red perfume bottle lying on a palm leaf, black background_4.png","closeup of a red perfume bottle lying on a palm leaf, black background"
"closeup of a serum bottle lying on a green leaf, dark background_7.png","closeup of a serum bottle lying on a green leaf, dark background"
"closeup of a serum bottle lying on a green leaf, dark background_6.png","closeup of a serum bottle lying on a green leaf, dark background"
"closeup of a serum bottle lying on a palm leaf, dark background_5.png","closeup of a serum bottle lying on a palm leaf, dark background"
