image_file,caption
"blue perfume bottle on wood platform, standing on a snow next to snowy branches, cool color tones, 4k_2.png","blue perfume bottle on wood platform, standing on a snow next to snowy branches, cool color tones, 4k"
"blue perfume bottle on wood platform, standing on a snow next to snowy branches, cool color tones, 4k_1.png","blue perfume bottle on wood platform, standing on a snow next to snowy branches, cool color tones, 4k"
"yellow skincare tube on wood platform, standing on a snow next to snowy branches, cool color tones, 4k_7.png","yellow skincare tube on wood platform, standing on a snow next to snowy branches, cool color tones, 4k"
"wine bottle on wood platform, standing on a snow next to snowy branches, cool color tones, 4k_5.png","wine bottle on wood platform, standing on a snow next to snowy branches, cool color tones, 4k"
"blue perfume bottle on wood platform, standing on a snow next to snowy branches, cool color tones, 4k_0.png","blue perfume bottle on wood platform, standing on a snow next to snowy branches, cool color tones, 4k"
"blue perfume bottle on wood platform, standing on a snow next to snowy branches, cool color tones, 4k_3.png","blue perfume bottle on wood platform, standing on a snow next to snowy branches, cool color tones, 4k"
"wine bottle on wood platform, standing on a snow next to snowy branches, cool color tones, 4k_4.png","wine bottle on wood platform, standing on a snow next to snowy branches, cool color tones, 4k"
"yellow skincare tube on wood platform, standing on a snow next to snowy branches, cool color tones, 4k_8.png","yellow skincare tube on wood platform, standing on a snow next to snowy branches, cool color tones, 4k"
"yellow skincare tube on wood platform, standing on a snow next to snowy branches, cool color tones, 4k_6.png","yellow skincare tube on wood platform, standing on a snow next to snowy branches, cool color tones, 4k"
