image_file,caption
"A brown shampoo bottle placed on a beach with sea on one side and beach on one side, sun in background_2.png","A brown shampoo bottle placed on a beach with sea on one side and beach on one side, sun in background"
A serum bottle placed on a beach with sea on one side and beach on one side_8.png,A serum bottle placed on a beach with sea on one side and beach on one side
A pink perfume bottle placed on a beach with sea on one side and beach on one side_3.png,A pink perfume bottle placed on a beach with sea on one side and beach on one side
A brown serum bottle placed on a beach with sea on one side and beach on one side_0.png,A brown serum bottle placed on a beach with sea on one side and beach on one side
A serum bottle placed on a beach with sea on one side and beach on one side_7.png,A serum bottle placed on a beach with sea on one side and beach on one side
A serum bottle placed on a beach with sea on one side and beach on one side_6.png,A serum bottle placed on a beach with sea on one side and beach on one side
"A brown shampoo bottle placed on a beach with sea on one side and beach on one side, sun in background_1.png","A brown shampoo bottle placed on a beach with sea on one side and beach on one side, sun in background"
A serum bottle placed on a beach with sea on one side and beach on one side_9.png,A serum bottle placed on a beach with sea on one side and beach on one side
A pink perfume bottle placed on a beach with sea on one side and beach on one side_4.png,A pink perfume bottle placed on a beach with sea on one side and beach on one side
A serum bottle placed on a beach with sea on one side and beach on one side_5.png,A serum bottle placed on a beach with sea on one side and beach on one side
