image_file,caption
"A perfume bottle lying on a bed of crimpled satin cloth, top down flatlay shot, product shoot_3.png","A perfume bottle lying on a bed of crimpled satin cloth, top down flatlay shot, product shoot"
"A coke can lying on a bed of crimpled satin cloth, top down flatlay shot, product shoot_2.png","A coke can lying on a bed of crimpled satin cloth, top down flatlay shot, product shoot"
"A perfume bottle lying on a bed of crimpled satin cloth, top down flatlay shot, product shoot_1.png","A perfume bottle lying on a bed of crimpled satin cloth, top down flatlay shot, product shoot"
"A perfume bottle lying on a bed of crimpled satin cloth, top down flatlay shot, product shoot_2.png","A perfume bottle lying on a bed of crimpled satin cloth, top down flatlay shot, product shoot"
"A coke can lying on a bed of crimpled satin cloth, top down flatlay shot, product shoot_3.png","A coke can lying on a bed of crimpled satin cloth, top down flatlay shot, product shoot"
"A perfume bottle lying on a bed of crimpled satin cloth, top down flatlay shot, product shoot_4.png","A perfume bottle lying on a bed of crimpled satin cloth, top down flatlay shot, product shoot"
"A beer bottle lying on a bed of crimpled satin cloth, top down flatlay shot, product shoot_3.png","A beer bottle lying on a bed of crimpled satin cloth, top down flatlay shot, product shoot"
"A coke can lying on a bed of crimpled satin cloth, top down flatlay shot, product shoot_1.png","A coke can lying on a bed of crimpled satin cloth, top down flatlay shot, product shoot"
"A beer bottle lying on a bed of crimpled satin cloth, top down flatlay shot, product shoot_1.png","A beer bottle lying on a bed of crimpled satin cloth, top down flatlay shot, product shoot"
"A beer bottle lying on a bed of crimpled satin cloth, top down flatlay shot, product shoot_4.png","A beer bottle lying on a bed of crimpled satin cloth, top down flatlay shot, product shoot"
"A coke can lying on a bed of crimpled satin cloth, top down flatlay shot, product shoot_4.png","A coke can lying on a bed of crimpled satin cloth, top down flatlay shot, product shoot"
"A beer bottle lying on a bed of crimpled satin cloth, top down flatlay shot, product shoot_2.png","A beer bottle lying on a bed of crimpled satin cloth, top down flatlay shot, product shoot"
