image_file,caption
"A beer can in the desert at night,_2.png","A beer can in the desert at night,"
"closeup, A wine bottle in the desert at night,_6.png","closeup, A wine bottle in the desert at night,"
"closeup, A brown serum bottle in the desert at night,_4.png","closeup, A brown serum bottle in the desert at night,"
"closeup, A wine bottle in the desert at night,_7.png","closeup, A wine bottle in the desert at night,"
"A beer can in the desert at night,_1.png","A beer can in the desert at night,"
"closeup, A brown serum bottle in the desert at night,_3.png","closeup, A brown serum bottle in the desert at night,"
"A beer can in the desert at night,_0.png","A beer can in the desert at night,"
"closeup, A red bottle in the desert at night,_5.png","closeup, A red bottle in the desert at night,"
