image_file,caption
"A yellow perfume bottle standing on a blue surface, in front of a blue paper art background with paper clouds, paper moon_3.webp","A yellow perfume bottle standing on a blue surface, in front of a blue paper art background with paper clouds, paper moon"
"A blue purse bottle standing on a yellow surface, in front of a yellow paper art background with paper clouds, paper moon_1.webp","A blue purse bottle standing on a yellow surface, in front of a yellow paper art background with paper clouds, paper moon"
"A yellow perfume bottle standing on a pink surface, in front of a pink paper art background with paper clouds, paper moon_5.webp","A yellow perfume bottle standing on a pink surface, in front of a pink paper art background with paper clouds, paper moon"
"A yellow perfume bottle standing on a pink surface, in front of a pink paper art background with paper clouds, paper moon_6.webp","A yellow perfume bottle standing on a pink surface, in front of a pink paper art background with paper clouds, paper moon"
"A blue purse bottle standing on a yellow surface, in front of a yellow paper art background with paper clouds, paper moon_2.webp","A blue purse bottle standing on a yellow surface, in front of a yellow paper art background with paper clouds, paper moon"
"A blue paper bottle standing on a yellow surface, in front of a yellow paper art background with paper clouds, paper moon_3.webp","A blue paper bottle standing on a yellow surface, in front of a yellow paper art background with paper clouds, paper moon"
"A pink serum bottle standing on a pink surface, in front of a pink paper art background with paper clouds, paper moon_2.webp","A pink serum bottle standing on a pink surface, in front of a pink paper art background with paper clouds, paper moon"
"A grey can standing on a beige surface, in front of a beige paper art background with paper paper sun, paper birds_1.webp","A grey can standing on a beige surface, in front of a beige paper art background with paper paper sun, paper birds"
"A brown serum bottle standing on a beige surface, in front of a beige paper art background with paper clouds, paper moon_2.webp","A brown serum bottle standing on a beige surface, in front of a beige paper art background with paper clouds, paper moon"
"A yellow perfume bottle standing on a blue surface, in front of a blue paper art background with paper clouds, paper moon_4.webp","A yellow perfume bottle standing on a blue surface, in front of a blue paper art background with paper clouds, paper moon"
"A pink gin bottle standing on a pink surface, in front of a pink paper art background with paper clouds, paper moon_1.webp","A pink gin bottle standing on a pink surface, in front of a pink paper art background with paper clouds, paper moon"
"A pink serum bottle standing on a pink surface, in front of a pink paper art background with paper clouds, paper moon_3.webp","A pink serum bottle standing on a pink surface, in front of a pink paper art background with paper clouds, paper moon"
"A brown serum bottle standing on a beige surface, in front of a beige paper art background with paper clouds, paper moon_1.webp","A brown serum bottle standing on a beige surface, in front of a beige paper art background with paper clouds, paper moon"
"A brown serum bottle standing on a beige surface, in front of a beige paper art background with paper clouds, paper moon_3.webp","A brown serum bottle standing on a beige surface, in front of a beige paper art background with paper clouds, paper moon"
