image_file,caption
"A yellow perfume bottle standing on a blue surface, in front of a blue paper art background with paper clouds, paper moon_3.png","A yellow perfume bottle standing on a blue surface, in front of a blue paper art background with paper clouds, paper moon"
"A blue purse bottle standing on a yellow surface, in front of a yellow paper art background with paper clouds, paper moon_1.png","A blue purse bottle standing on a yellow surface, in front of a yellow paper art background with paper clouds, paper moon"
"A yellow perfume bottle standing on a pink surface, in front of a pink paper art background with paper clouds, paper moon_5.png","A yellow perfume bottle standing on a pink surface, in front of a pink paper art background with paper clouds, paper moon"
"A yellow perfume bottle standing on a pink surface, in front of a pink paper art background with paper clouds, paper moon_6.png","A yellow perfume bottle standing on a pink surface, in front of a pink paper art background with paper clouds, paper moon"
"A blue purse bottle standing on a yellow surface, in front of a yellow paper art background with paper clouds, paper moon_2.png","A blue purse bottle standing on a yellow surface, in front of a yellow paper art background with paper clouds, paper moon"
"A blue paper bottle standing on a yellow surface, in front of a yellow paper art background with paper clouds, paper moon_3.png","A blue paper bottle standing on a yellow surface, in front of a yellow paper art background with paper clouds, paper moon"
"A pink serum bottle standing on a pink surface, in front of a pink paper art background with paper clouds, paper moon_2.png","A pink serum bottle standing on a pink surface, in front of a pink paper art background with paper clouds, paper moon"
"A grey can standing on a beige surface, in front of a beige paper art background with paper paper sun, paper birds_1.png","A grey can standing on a beige surface, in front of a beige paper art background with paper paper sun, paper birds"
"A brown serum bottle standing on a beige surface, in front of a beige paper art background with paper clouds, paper moon_2.png","A brown serum bottle standing on a beige surface, in front of a beige paper art background with paper clouds, paper moon"
"A yellow perfume bottle standing on a blue surface, in front of a blue paper art background with paper clouds, paper moon_4.png","A yellow perfume bottle standing on a blue surface, in front of a blue paper art background with paper clouds, paper moon"
"A pink gin bottle standing on a pink surface, in front of a pink paper art background with paper clouds, paper moon_1.png","A pink gin bottle standing on a pink surface, in front of a pink paper art background with paper clouds, paper moon"
"A pink serum bottle standing on a pink surface, in front of a pink paper art background with paper clouds, paper moon_3.png","A pink serum bottle standing on a pink surface, in front of a pink paper art background with paper clouds, paper moon"
"A brown serum bottle standing on a beige surface, in front of a beige paper art background with paper clouds, paper moon_1.png","A brown serum bottle standing on a beige surface, in front of a beige paper art background with paper clouds, paper moon"
"A brown serum bottle standing on a beige surface, in front of a beige paper art background with paper clouds, paper moon_3.png","A brown serum bottle standing on a beige surface, in front of a beige paper art background with paper clouds, paper moon"
