image_file,caption
"A top down view of a serum bottle lying in a pool of water with strawberries floating, colorful, minimalistic, natural light, pinkish white background_2.png","A top down view of a serum bottle lying in a pool of water with strawberries floating, colorful, minimalistic, natural light, pinkish white background"
"a bottle standing in a pool of water with strawberries floating, colorful, minimalistic, natural light, pinkish white background_1.png","a bottle standing in a pool of water with strawberries floating, colorful, minimalistic, natural light, pinkish white background"
"A top down view of a serum bottle lying in a pool of water with strawberries floating, colorful, minimalistic, natural light, pinkish white background_1.png","A top down view of a serum bottle lying in a pool of water with strawberries floating, colorful, minimalistic, natural light, pinkish white background"
"A top down view of a serum bottle lying in a pool of water with strawberries floating, colorful, minimalistic, natural light, white background_4.png","A top down view of a serum bottle lying in a pool of water with strawberries floating, colorful, minimalistic, natural light, white background"
"a shampoo bottle standing in a pool of water with strawberries floating, colorful, minimalistic, natural light, pinkish white background_1.png","a shampoo bottle standing in a pool of water with strawberries floating, colorful, minimalistic, natural light, pinkish white background"
"a shampoo bottle standing in a pool of water with strawberries floating, colorful, minimalistic, natural light, pinkish white background_2.png","a shampoo bottle standing in a pool of water with strawberries floating, colorful, minimalistic, natural light, pinkish white background"
"A top down view of a serum bottle lying in a pool of water with strawberries floating, colorful, minimalistic, natural light, pinkish white background_3.png","A top down view of a serum bottle lying in a pool of water with strawberries floating, colorful, minimalistic, natural light, pinkish white background"
"A top down view of a shampoo bottle lying in a pool of water with strawberries floating, colorful, minimalistic, natural light, pinkish white background_2.png","A top down view of a shampoo bottle lying in a pool of water with strawberries floating, colorful, minimalistic, natural light, pinkish white background"
"a shampoo bottle standing in a pool of water with strawberries floating, colorful, minimalistic, natural light, pinkish white background_5.png","a shampoo bottle standing in a pool of water with strawberries floating, colorful, minimalistic, natural light, pinkish white background"
"a shampoo bottle standing in a pool of water with strawberries floating, colorful, minimalistic, natural light, pinkish white background_3.png","a shampoo bottle standing in a pool of water with strawberries floating, colorful, minimalistic, natural light, pinkish white background"
