image_file,caption
"perfume bottle on a circular marble platform surrounded by smoke, in front of soft shadows_0.png","perfume bottle on a circular marble platform surrounded by smoke, in front of soft shadows"
"perfume bottle on a circular marble platform surrounded by smoke, in front of soft shadows_3.png","perfume bottle on a circular marble platform surrounded by smoke, in front of soft shadows"
"perfume bottle on a circular marble platform surrounded by smoke, in front of soft shadows_2.png","perfume bottle on a circular marble platform surrounded by smoke, in front of soft shadows"
"scented candle on a circular marble platform surrounded by smoke, in front of soft shadows_4.png","scented candle on a circular marble platform surrounded by smoke, in front of soft shadows"
"speaker on a circular marble platform surrounded by smoke, in front of colorful soft shadows_7.png","speaker on a circular marble platform surrounded by smoke, in front of colorful soft shadows"
"serum bottle on a circular marble platform surrounded by smoke, in front of soft shadows_5.png","serum bottle on a circular marble platform surrounded by smoke, in front of soft shadows"
"wine bottle on a circular marble platform surrounded by smoke, in front of soft shadows_8.png","wine bottle on a circular marble platform surrounded by smoke, in front of soft shadows"
"perfume bottle on a circular marble platform surrounded by smoke, in front of soft shadows_1.png","perfume bottle on a circular marble platform surrounded by smoke, in front of soft shadows"
"smartphone on a circular marble platform surrounded by smoke, in front of soft shadows_6.png","smartphone on a circular marble platform surrounded by smoke, in front of soft shadows"
