image_file,caption
"closeup, a blue shampoo bottle mid air between large blue spheres, blue background_7.png","closeup, a blue shampoo bottle mid air between large blue spheres, blue background"
"closeup, a blue shampoo bottle mid air between large blue spheres, blue background_6.png","closeup, a blue shampoo bottle mid air between large blue spheres, blue background"
"closeup, a blue shampoo bottle mid air between large blue spheres, blue background_5.png","closeup, a blue shampoo bottle mid air between large blue spheres, blue background"
"closeup, a brown serum bottle mid air between large brown spheres, beige background_8.png","closeup, a brown serum bottle mid air between large brown spheres, beige background"
"closeup, a brown serum bottle mid air between large brown spheres, beige background_9.png","closeup, a brown serum bottle mid air between large brown spheres, beige background"
"A pink wine bottle mid air between large pink spheres, pink background_3.png","A pink wine bottle mid air between large pink spheres, pink background"
"A pink wine bottle mid air between large pink spheres, pink background_2.png","A pink wine bottle mid air between large pink spheres, pink background"
"A pink wine bottle mid air between large pink spheres, pink background_0.png","A pink wine bottle mid air between large pink spheres, pink background"
"A pink wine bottle mid air between large pink spheres, pink background_1.png","A pink wine bottle mid air between large pink spheres, pink background"
"closeup, a black can mid air between large black spheres, black background_4.png","closeup, a black can mid air between large black spheres, black background"
