image_file,caption
"product photoshoot of a blue perfume bottle on an ice platform with a bird's eye view shot of flowing river on an iceberg far away in the background, focus on product_3.png","product photoshoot of a blue perfume bottle on an ice platform with a bird's eye view shot of flowing river on an iceberg far away in the background, focus on product"
"product photoshoot of a skincare tube on an ice platform with a bird's eye view shot of flowing river on an iceberg far away in the background, focus on product_6.png","product photoshoot of a skincare tube on an ice platform with a bird's eye view shot of flowing river on an iceberg far away in the background, focus on product"
"product photoshoot of a yellow shampoo bottle on an ice platform with a bird's eye view shot of flowing river on an iceberg far away in the background, focus on product_9.png","product photoshoot of a yellow shampoo bottle on an ice platform with a bird's eye view shot of flowing river on an iceberg far away in the background, focus on product"
"product photoshoot of a wine bottle on an ice platform with a bird's eye view shot of flowing river on an iceberg far away in the background, focus on product_8.png","product photoshoot of a wine bottle on an ice platform with a bird's eye view shot of flowing river on an iceberg far away in the background, focus on product"
"prodcut photoshoot of a brown serum bottle on an ice platform with a bird's eye view shot of flowing river on an iceberg far away in the background, focus on product_2.png","prodcut photoshoot of a brown serum bottle on an ice platform with a bird's eye view shot of flowing river on an iceberg far away in the background, focus on product"
"product photoshoot of a skincare tube on an ice platform with a bird's eye view shot of flowing river on an iceberg far away in the background, focus on product_5.png","product photoshoot of a skincare tube on an ice platform with a bird's eye view shot of flowing river on an iceberg far away in the background, focus on product"
"product photoshoot of a wine bottle on an ice platform with a bird's eye view shot of flowing river on an iceberg far away in the background, focus on product_7.png","product photoshoot of a wine bottle on an ice platform with a bird's eye view shot of flowing river on an iceberg far away in the background, focus on product"
"prodcut photoshoot of a brown serum bottle on an ice platform with a bird's eye view shot of flowing river on an iceberg far away in the background, focus on product_1.png","prodcut photoshoot of a brown serum bottle on an ice platform with a bird's eye view shot of flowing river on an iceberg far away in the background, focus on product"
"product photoshoot of a yellow shampoo bottle on an ice platform with a bird's eye view shot of flowing river on an iceberg far away in the background, focus on product_10.png","product photoshoot of a yellow shampoo bottle on an ice platform with a bird's eye view shot of flowing river on an iceberg far away in the background, focus on product"
"product photoshoot of a blue perfume bottle on an ice platform with a bird's eye view shot of flowing river on an iceberg far away in the background, focus on product_4.png","product photoshoot of a blue perfume bottle on an ice platform with a bird's eye view shot of flowing river on an iceberg far away in the background, focus on product"
"prodcut photoshoot of a bodywash tube bottle on an ice platform with a bird's eye view shot of flowing river on an iceberg far away in the background, focus on product_0.png","prodcut photoshoot of a bodywash tube bottle on an ice platform with a bird's eye view shot of flowing river on an iceberg far away in the background, focus on product"
