image_file,caption
"A brown serum bottle e on a white cube platform surrounded by pink tulips in foreground, beige background_4.png","A brown serum bottle e on a white cube platform surrounded by pink tulips in foreground, beige background"
"A brown serum bottle e on a white cube platform surrounded by pink tulips, beige background_5.png","A brown serum bottle e on a white cube platform surrounded by pink tulips, beige background"
"A blue lotion bottle on a white cube platform surrounded by pink tulips, brown background_0.png","A blue lotion bottle on a white cube platform surrounded by pink tulips, brown background"
"A pink skincare tube on a white cube platform surrounded by pink tulips, blue background_8.png","A pink skincare tube on a white cube platform surrounded by pink tulips, blue background"
"A pink skincare tube on a white cube platform surrounded by pink tulips, blue background_7.png","A pink skincare tube on a white cube platform surrounded by pink tulips, blue background"
"A wine bottle e on a white cube platform surrounded by pink tulips, green background_9.png","A wine bottle e on a white cube platform surrounded by pink tulips, green background"
"A blue lotion bottle on a white cube platform surrounded by pink tulips, brown background_2.png","A blue lotion bottle on a white cube platform surrounded by pink tulips, brown background"
"A brown serum bottle e on a white cube platform surrounded by pink tulips in foreground, beige background_3.png","A brown serum bottle e on a white cube platform surrounded by pink tulips in foreground, beige background"
"A brown serum bottle e on a white cube platform surrounded by pink tulips, beige background_6.png","A brown serum bottle e on a white cube platform surrounded by pink tulips, beige background"
"A wine bottle e on a white cube platform surrounded by pink tulips, green background_11.png","A wine bottle e on a white cube platform surrounded by pink tulips, green background"
"A wine bottle e on a white cube platform surrounded by pink tulips, green background_10.png","A wine bottle e on a white cube platform surrounded by pink tulips, green background"
"A blue lotion bottle on a white cube platform surrounded by pink tulips, brown background_1.png","A blue lotion bottle on a white cube platform surrounded by pink tulips, brown background"
