image_file,caption
"A close up shot of a serum bottle standing on a white marble countertop, with a halved, vividly yellow lime beside it_17.png","A close up shot of a serum bottle standing on a white marble countertop, with a halved, vividly yellow lime beside it"
"A close up shot of a green perfume bottle standing on a white marble countertop, with a halved, vividly yellow lime beside it_15.png","A close up shot of a green perfume bottle standing on a white marble countertop, with a halved, vividly yellow lime beside it"
"A close up shot of a green perfume bottle standing on a white marble countertop, with a halved, vividly yellow lime beside it_16.png","A close up shot of a green perfume bottle standing on a white marble countertop, with a halved, vividly yellow lime beside it"
"A close up shot of a green glass kitchen cleaning spray bottle stands on a white marble countertop, with a halved, vividly yellow lemon beside it_13.png","A close up shot of a green glass kitchen cleaning spray bottle stands on a white marble countertop, with a halved, vividly yellow lemon beside it"
"A close up shot of a yellow glass kitchen cleaning spray bottle stands on a wooden countertop, with a halved, vividly green lime beside it_12.png","A close up shot of a yellow glass kitchen cleaning spray bottle stands on a wooden countertop, with a halved, vividly green lime beside it"
"A close up shot of a  lime yellow glass kitchen cleaning spray bottle stands on a wooden countertop, with a halved, vividly yellow lemon beside it_1.png","A close up shot of a  lime yellow glass kitchen cleaning spray bottle stands on a wooden countertop, with a halved, vividly yellow lemon beside it"
