image_file,caption
"high angle, A blue perfume standing on white surface, in front of very beautiful branch of Dicentra spectabilis flowers, light petals, iridescent opalescent colours_6.png","high angle, A blue perfume standing on white surface, in front of very beautiful branch of Dicentra spectabilis flowers, light petals, iridescent opalescent colours"
"high angle, A blue perfume standing on white surface, in front of very beautiful branch of Dicentra spectabilis flowers, light petals, iridescent opalescent colours_8.png","high angle, A blue perfume standing on white surface, in front of very beautiful branch of Dicentra spectabilis flowers, light petals, iridescent opalescent colours"
"high angle, A blue perfume standing on white surface, in front of very beautiful branch of Dicentra spectabilis flowers, light petals, iridescent opalescent colours_7.png","high angle, A blue perfume standing on white surface, in front of very beautiful branch of Dicentra spectabilis flowers, light petals, iridescent opalescent colours"
"A white bottle standing on white surface, in front of very beautiful branch of Dicentra spectabilis flowers, light petals, iridescent opalescent colours_2.png","A white bottle standing on white surface, in front of very beautiful branch of Dicentra spectabilis flowers, light petals, iridescent opalescent colours"
"A wine bottle standing on white surface, in front of very beautiful branch of Dicentra spectabilis flowers, light petals, iridescent opalescent colours_3.png","A wine bottle standing on white surface, in front of very beautiful branch of Dicentra spectabilis flowers, light petals, iridescent opalescent colours"
"A pink shampoo bottle standing on white surface, in front of very beautiful branch of Dicentra spectabilis flowers, light petals, iridescent opalescent colours_0.png","A pink shampoo bottle standing on white surface, in front of very beautiful branch of Dicentra spectabilis flowers, light petals, iridescent opalescent colours"
"A white bottle standing on white surface, in front of very beautiful branch of Dicentra spectabilis flowers, light petals, iridescent opalescent colours_1.png","A white bottle standing on white surface, in front of very beautiful branch of Dicentra spectabilis flowers, light petals, iridescent opalescent colours"
"A wine bottle standing on white surface, in front of very beautiful branch of Dicentra spectabilis flowers, light petals, iridescent opalescent colours_5.png","A wine bottle standing on white surface, in front of very beautiful branch of Dicentra spectabilis flowers, light petals, iridescent opalescent colours"
"A wine bottle standing on white surface, in front of very beautiful branch of Dicentra spectabilis flowers, light petals, iridescent opalescent colours_4.png","A wine bottle standing on white surface, in front of very beautiful branch of Dicentra spectabilis flowers, light petals, iridescent opalescent colours"
