image_file,caption
"closeup, a white facewash tube on a rock surrounded by beautfiful flowers_4.png","closeup, a white facewash tube on a rock surrounded by beautfiful flowers"
"closeup, a white facewash tube on a rock surrounded by beautfiful flowers_5.png","closeup, a white facewash tube on a rock surrounded by beautfiful flowers"
"closeup, a yellow purse on a rock surrounded by beautfiful flowers_10.png","closeup, a yellow purse on a rock surrounded by beautfiful flowers"
"closeup, a yellow purse on a rock surrounded by beautfiful flowers_11.png","closeup, a yellow purse on a rock surrounded by beautfiful flowers"
"closeup, a wine bottle on a rock surrounded by beautfiful flowers_8.png","closeup, a wine bottle on a rock surrounded by beautfiful flowers"
"closeup, a wine bottle on a rock surrounded by beautfiful flowers_6.png","closeup, a wine bottle on a rock surrounded by beautfiful flowers"
"closeup, a wine bottle on a rock surrounded by beautfiful flowers_7.png","closeup, a wine bottle on a rock surrounded by beautfiful flowers"
"closeup, a yellow purse on a rock surrounded by beautfiful flowers_9.png","closeup, a yellow purse on a rock surrounded by beautfiful flowers"
A serum bottle on a rock surrounded by beautfiful flowers_0.png,A serum bottle on a rock surrounded by beautfiful flowers
A serum bottle on a rock surrounded by beautfiful flowers_1.png,A serum bottle on a rock surrounded by beautfiful flowers
A serum bottle on a rock surrounded by beautfiful flowers_3.png,A serum bottle on a rock surrounded by beautfiful flowers
A serum bottle on a rock surrounded by beautfiful flowers_2.png,A serum bottle on a rock surrounded by beautfiful flowers
