image_file,caption
"product photoshoot of gold and diamond necklace on smooth grey surface, few pink rose flowers around it_6.png","product photoshoot of gold and diamond necklace on smooth grey surface, few pink rose flowers around it"
"product photoshoot of gold and diamond neck jewellery on smooth grey surface, few pink rose flowers around it_5.png","product photoshoot of gold and diamond neck jewellery on smooth grey surface, few pink rose flowers around it"
"product photoshoot of gold and diamond ring on smooth grey surface, few pink rose flowers around it_9.png","product photoshoot of gold and diamond ring on smooth grey surface, few pink rose flowers around it"
"product photoshoot of gold and diamond ring on smooth grey surface, few pink rose flowers around it_8.png","product photoshoot of gold and diamond ring on smooth grey surface, few pink rose flowers around it"
"product photoshoot of gold and diamond bracelet on smooth grey surface, few pink rose flowers around it_2.png","product photoshoot of gold and diamond bracelet on smooth grey surface, few pink rose flowers around it"
"product photoshoot of gold and diamond bracelet on smooth grey surface, few pink rose flowers around it_1.png","product photoshoot of gold and diamond bracelet on smooth grey surface, few pink rose flowers around it"
"product photoshoot of gold and diamond jewellery on smooth grey surface, few pink rose flowers around it_3.png","product photoshoot of gold and diamond jewellery on smooth grey surface, few pink rose flowers around it"
"product photoshoot of gold and diamond necklace on smooth grey surface, few pink rose flowers around it_7.png","product photoshoot of gold and diamond necklace on smooth grey surface, few pink rose flowers around it"
"product photoshoot of gold and diamond jewellery on smooth grey surface, few pink rose flowers around it_4.png","product photoshoot of gold and diamond jewellery on smooth grey surface, few pink rose flowers around it"
"product photoshoot of gold and diamond bracelet on smooth grey surface, few pink rose flowers around it_0.png","product photoshoot of gold and diamond bracelet on smooth grey surface, few pink rose flowers around it"
