image_file,caption
"A blue perfume bottle standing on red carpet in front of steps and an arch, luxury, product launch shoot_2.png","A blue perfume bottle standing on red carpet in front of steps and an arch, luxury, product launch shoot"
"A blue perfume bottle standing on red carpet in front of steps and an arch, luxury, product launch shoot_0.png","A blue perfume bottle standing on red carpet in front of steps and an arch, luxury, product launch shoot"
"A blue perfume bottle standing on red carpet in front of steps and an arch, luxury, product launch shoot_1.png","A blue perfume bottle standing on red carpet in front of steps and an arch, luxury, product launch shoot"
"closeup, A brown serum bottle standing on red carpet in front of steps and an arch, luxury, product launch shoot_10.png","closeup, A brown serum bottle standing on red carpet in front of steps and an arch, luxury, product launch shoot"
"closeup ,a blue perfume bottle standing on red carpet in front of steps and an arch, luxury, product launch shoot_7.png","closeup ,a blue perfume bottle standing on red carpet in front of steps and an arch, luxury, product launch shoot"
"closeup, A brown serum bottle standing on red carpet in front of steps and an arch, luxury, product launch shoot_8.png","closeup, A brown serum bottle standing on red carpet in front of steps and an arch, luxury, product launch shoot"
"closeup, A wine bottle standing on red carpet in front of steps and an arch, luxury, product launch shoot_12.png","closeup, A wine bottle standing on red carpet in front of steps and an arch, luxury, product launch shoot"
"closeup, A wine bottle standing on red carpet in front of steps and an arch, luxury, product launch shoot_13.png","closeup, A wine bottle standing on red carpet in front of steps and an arch, luxury, product launch shoot"
"closeup, A brown serum bottle standing on red carpet in front of steps and an arch, luxury, product launch shoot_9.png","closeup, A brown serum bottle standing on red carpet in front of steps and an arch, luxury, product launch shoot"
"closeup, A wine bottle standing on red carpet in front of steps and an arch, luxury, product launch shoot_11.png","closeup, A wine bottle standing on red carpet in front of steps and an arch, luxury, product launch shoot"
arch_3.png,arch
arch_6.png,arch
arch_4.png,arch
arch_5.png,arch
