image_file,caption
"A pink perfume bottle lying on red rose petals concentrated together in center, beige background, top angle view_9.png","A pink perfume bottle lying on red rose petals concentrated together in center, beige background, top angle view"
"A pink perfume bottle lying on red rose petals concentrated together in center, beige background, top angle view_8.png","A pink perfume bottle lying on red rose petals concentrated together in center, beige background, top angle view"
"A golden bottle lying on and surrounded by blue petals concentrated together in center, beige background, top angle view_3.png","A golden bottle lying on and surrounded by blue petals concentrated together in center, beige background, top angle view"
"A golden bottle lying on and surrounded by blue petals concentrated together in center, beige background, top angle view_5.png","A golden bottle lying on and surrounded by blue petals concentrated together in center, beige background, top angle view"
"A golden bottle lying on and surrounded by blue petals concentrated together in center, beige background, top angle view_4.png","A golden bottle lying on and surrounded by blue petals concentrated together in center, beige background, top angle view"
"A pink perfume bottle lying on red rose petals concentrated together in center, beige background, top angle view_6.png","A pink perfume bottle lying on red rose petals concentrated together in center, beige background, top angle view"
"A pink perfume bottle lying on red rose petals concentrated together in center, beige background, top angle view_7.png","A pink perfume bottle lying on red rose petals concentrated together in center, beige background, top angle view"
"A brown serum bottle lying on white petals concentrated together in center, beige background, top angle view_2.png","A brown serum bottle lying on white petals concentrated together in center, beige background, top angle view"
"A brown serum bottle lying on white petals concentrated together in center, beige background, top angle view_1.png","A brown serum bottle lying on white petals concentrated together in center, beige background, top angle view"
"A brown serum bottle lying on white petals concentrated together in center, beige background, top angle view_0.png","A brown serum bottle lying on white petals concentrated together in center, beige background, top angle view"
