image_file,caption
"A black backpack standing on a rock, in front of hills and mountains_3.png","A black backpack standing on a rock, in front of hills and mountains"
"A brown serum bottle standing on a rock, in front of hills and mountains_8.png","A brown serum bottle standing on a rock, in front of hills and mountains"
"A black backpack standing on a rock, in front of hills and mountains_0.png","A black backpack standing on a rock, in front of hills and mountains"
"A black bottle standing on a rock, in front of hills and mountains_6.png","A black bottle standing on a rock, in front of hills and mountains"
"A black bottle standing on a rock, in front of hills and mountains_5.png","A black bottle standing on a rock, in front of hills and mountains"
"A black backpack standing on a rock, in front of hills and mountains_1.png","A black backpack standing on a rock, in front of hills and mountains"
"A black bottle standing on a rock, in front of hills and mountains_7.png","A black bottle standing on a rock, in front of hills and mountains"
"A black bottle standing on a rock, in front of hills and mountains_4.png","A black bottle standing on a rock, in front of hills and mountains"
"A brown serum bottle standing on a rock, in front of hills and mountains_9.png","A brown serum bottle standing on a rock, in front of hills and mountains"
"A brown serum bottle standing on a rock, in front of hills and mountains_11.png","A brown serum bottle standing on a rock, in front of hills and mountains"
"A brown serum bottle standing on a rock, in front of hills and mountains_10.png","A brown serum bottle standing on a rock, in front of hills and mountains"
"A black backpack standing on a rock, in front of hills and mountains_2.png","A black backpack standing on a rock, in front of hills and mountains"
