image_file,caption
"A yellow purse bottle standing on a white marble counter, white background_12.png","A yellow purse bottle standing on a white marble counter, white background"
"A black sunglasses standing on a white marble counter, white background_1.png","A black sunglasses standing on a white marble counter, white background"
"A black sunglasses standing on a white marble counter, white background_2.png","A black sunglasses standing on a white marble counter, white background"
"A brown serum bottle standing on a white marble counter, white background_3.png","A brown serum bottle standing on a white marble counter, white background"
"A brown serum bottle standing on a white marble counter, white background_4.png","A brown serum bottle standing on a white marble counter, white background"
"A brown serum bottle standing on a white marble counter, white background_5.png","A brown serum bottle standing on a white marble counter, white background"
"A black sunglasses standing on a white marble counter, white background_0.png","A black sunglasses standing on a white marble counter, white background"
"A yellow purse bottle standing on a white marble counter, white background_10.png","A yellow purse bottle standing on a white marble counter, white background"
"A wine bottle standing on a white marble counter, white background_7.png","A wine bottle standing on a white marble counter, white background"
"A wine bottle standing on a white marble counter, white background_9.png","A wine bottle standing on a white marble counter, white background"
"A yellow purse bottle standing on a white marble counter, white background_11.png","A yellow purse bottle standing on a white marble counter, white background"
"A brown serum bottle standing on a white marble counter, white background_6.png","A brown serum bottle standing on a white marble counter, white background"
"A wine bottle standing on a white marble counter, white background_8.png","A wine bottle standing on a white marble counter, white background"
