image_file,caption
"a pink skincare tube placed on a pile of grass green leaves, with small white flowers, top-down angle, natural sun light from top left corner , clear shadow, bright tone, freash feeling, 8k_3.png","a pink skincare tube placed on a pile of grass green leaves, with small white flowers, top-down angle, natural sun light from top left corner , clear shadow, bright tone, freash feeling, 8k"
"a wine bottle placed on a pile of grass green leaves, with small white flowers, top-down angle, natural sun light from top left corner , clear shadow, bright tone, freash feeling, 8k_7.png","a wine bottle placed on a pile of grass green leaves, with small white flowers, top-down angle, natural sun light from top left corner , clear shadow, bright tone, freash feeling, 8k"
"a brown serum bottle placed on a pile of grass green leaves, with small white flowers, top-down angle, natural sun light from top left corner , clear shadow, bright tone, freash feeling, 8k_0.png","a brown serum bottle placed on a pile of grass green leaves, with small white flowers, top-down angle, natural sun light from top left corner , clear shadow, bright tone, freash feeling, 8k"
"closeup, a cylindrical silver skincare product placed on a pile of grass green leaves, with small white flowers, top-down angle, natural sun light from top left corner , clear shadow, bright tone, freash feeling, 8k_9.png","closeup, a cylindrical silver skincare product placed on a pile of grass green leaves, with small white flowers, top-down angle, natural sun light from top left corner , clear shadow, bright tone, freash feeling, 8k"
"a brown serum bottle placed on a pile of grass green leaves, with small white flowers, top-down angle, natural sun light from top left corner , clear shadow, bright tone, freash feeling, 8k_1.png","a brown serum bottle placed on a pile of grass green leaves, with small white flowers, top-down angle, natural sun light from top left corner , clear shadow, bright tone, freash feeling, 8k"
"closeup, a cylindrical silver skincare product placed on a pile of grass green leaves, with small white flowers, top-down angle, natural sun light from top left corner , clear shadow, bright tone, freash feeling, 8k_11.png","closeup, a cylindrical silver skincare product placed on a pile of grass green leaves, with small white flowers, top-down angle, natural sun light from top left corner , clear shadow, bright tone, freash feeling, 8k"
"a yellow backpack placed on a pile of grass green leaves, with small white flowers, top-down angle, natural sun light from top left corner , clear shadow, bright tone, freash feeling, 8k_8.png","a yellow backpack placed on a pile of grass green leaves, with small white flowers, top-down angle, natural sun light from top left corner , clear shadow, bright tone, freash feeling, 8k"
"a wine bottle placed on a pile of grass green leaves, with small white flowers, top-down angle, natural sun light from top left corner , clear shadow, bright tone, freash feeling, 8k_6.png","a wine bottle placed on a pile of grass green leaves, with small white flowers, top-down angle, natural sun light from top left corner , clear shadow, bright tone, freash feeling, 8k"
"a pink skincare tube placed on a pile of grass green leaves, with small white flowers, top-down angle, natural sun light from top left corner , clear shadow, bright tone, freash feeling, 8k_4.png","a pink skincare tube placed on a pile of grass green leaves, with small white flowers, top-down angle, natural sun light from top left corner , clear shadow, bright tone, freash feeling, 8k"
"a wine bottle placed on a pile of grass green leaves, with small white flowers, top-down angle, natural sun light from top left corner , clear shadow, bright tone, freash feeling, 8k_5.png","a wine bottle placed on a pile of grass green leaves, with small white flowers, top-down angle, natural sun light from top left corner , clear shadow, bright tone, freash feeling, 8k"
"a brown serum bottle placed on a pile of grass green leaves, with small white flowers, top-down angle, natural sun light from top left corner , clear shadow, bright tone, freash feeling, 8k_2.png","a brown serum bottle placed on a pile of grass green leaves, with small white flowers, top-down angle, natural sun light from top left corner , clear shadow, bright tone, freash feeling, 8k"
"closeup, a cylindrical silver skincare product placed on a pile of grass green leaves, with small white flowers, top-down angle, natural sun light from top left corner , clear shadow, bright tone, freash feeling, 8k_10.png","closeup, a cylindrical silver skincare product placed on a pile of grass green leaves, with small white flowers, top-down angle, natural sun light from top left corner , clear shadow, bright tone, freash feeling, 8k"
