image_file,caption
"closeup, A serum bottle on a beige rock on water, fern leaves on top, lush green plants in background, greenish tones_5.png","closeup, A serum bottle on a beige rock on water, fern leaves on top, lush green plants in background, greenish tones"
"closeup, A blue shampoo bottle on a beige rock on water, lush green plants in background, greenish tones_2.png","closeup, A blue shampoo bottle on a beige rock on water, lush green plants in background, greenish tones"
"closeup, A wine bottle on a beige rock on water, leaves hanging from top out of frame, lush green plants in background, greenish tones_7.png","closeup, A wine bottle on a beige rock on water, leaves hanging from top out of frame, lush green plants in background, greenish tones"
"closeup, A serum bottle on a beige rock on water, fern leaves on top, lush green plants in background, greenish tones_3.png","closeup, A serum bottle on a beige rock on water, fern leaves on top, lush green plants in background, greenish tones"
"closeup, A blue shampoo bottle on a beige rock on water, lush green plants in background, greenish tones_1.png","closeup, A blue shampoo bottle on a beige rock on water, lush green plants in background, greenish tones"
"closeup, A wine bottle on a beige rock on water, leaves hanging from top out of frame, lush green plants in background, greenish tones_6.png","closeup, A wine bottle on a beige rock on water, leaves hanging from top out of frame, lush green plants in background, greenish tones"
"closeup, A serum bottle on a beige rock on water, fern leaves on top, lush green plants in background, greenish tones_4.png","closeup, A serum bottle on a beige rock on water, fern leaves on top, lush green plants in background, greenish tones"
"closeup, A wine bottle on a beige rock on water, leaves hanging from top out of frame, lush green plants in background, greenish tones_8.png","closeup, A wine bottle on a beige rock on water, leaves hanging from top out of frame, lush green plants in background, greenish tones"
"closeup, A yellow skincare tube on a beige rock on water, lush green plants in background, greenish tones_11.png","closeup, A yellow skincare tube on a beige rock on water, lush green plants in background, greenish tones"
"closeup, A yellow skincare tube on a beige rock on water, lush green plants in background, greenish tones_9.png","closeup, A yellow skincare tube on a beige rock on water, lush green plants in background, greenish tones"
"closeup, A blue shampoo bottle on a beige rock on water, lush green plants in background, greenish tones_0.png","closeup, A blue shampoo bottle on a beige rock on water, lush green plants in background, greenish tones"
"closeup, A yellow skincare tube on a beige rock on water, lush green plants in background, greenish tones_10.png","closeup, A yellow skincare tube on a beige rock on water, lush green plants in background, greenish tones"
