image_file,caption
"A white shampoo bottle standing on top of a wooden platform next to a single branch of orchids, white minimal background_10.png","A white shampoo bottle standing on top of a wooden platform next to a single branch of orchids, white minimal background"
"A brown serum bottle standing on a wooden cube platform, next to brown orchid, white minimal background_2.png","A brown serum bottle standing on a wooden cube platform, next to brown orchid, white minimal background"
"A golden perfume standing on a wooden cube platform, next to brown orchid, white minimal background_4.png","A golden perfume standing on a wooden cube platform, next to brown orchid, white minimal background"
"A white shampoo bottle standing on top of a wooden platform next to a single branch of orchids, white minimal background_13.png","A white shampoo bottle standing on top of a wooden platform next to a single branch of orchids, white minimal background"
"A brown serum bottle standing on a wooden cube platform, next to brown orchid, white minimal background_1.png","A brown serum bottle standing on a wooden cube platform, next to brown orchid, white minimal background"
"A golden perfume standing on a wooden cube platform, next to brown orchid, white minimal background_3.png","A golden perfume standing on a wooden cube platform, next to brown orchid, white minimal background"
"A white shampoo bottle standing on top of a wooden platform next to a single branch of orchids, white minimal background_12.png","A white shampoo bottle standing on top of a wooden platform next to a single branch of orchids, white minimal background"
"A white shampoo bottle standing on top of a wooden platform next to a single branch of orchids, white minimal background_11.png","A white shampoo bottle standing on top of a wooden platform next to a single branch of orchids, white minimal background"
"A green shampoo bottle standing on a wooden cube platform, next to brown orchid branch, white minimal background_9.png","A green shampoo bottle standing on a wooden cube platform, next to brown orchid branch, white minimal background"
"A green shampoo bottle standing on a wooden cube platform, next to brown orchid branch, white minimal background_6.png","A green shampoo bottle standing on a wooden cube platform, next to brown orchid branch, white minimal background"
"A green shampoo bottle standing on a wooden cube platform, next to brown orchid branch, white minimal background_7.png","A green shampoo bottle standing on a wooden cube platform, next to brown orchid branch, white minimal background"
"A golden perfume standing on a wooden cube platform, next to brown orchid, white minimal background_5.png","A golden perfume standing on a wooden cube platform, next to brown orchid, white minimal background"
"A green shampoo bottle standing on a wooden cube platform, next to brown orchid branch, white minimal background_8.png","A green shampoo bottle standing on a wooden cube platform, next to brown orchid branch, white minimal background"
