image_file,caption
"product photograph of a blue perfume bottle standing on white marble platform with two tiny yellow sunflowers standing behind it, beige background, low angle shot_0.png","product photograph of a blue perfume bottle standing on white marble platform with two tiny yellow sunflowers standing behind it, beige background, low angle shot"
"product photograph of a brown serum bottle standing on white marble platform with two tiny yellow sunflowers standing behind it, beige background, low angle shot_1.png","product photograph of a brown serum bottle standing on white marble platform with two tiny yellow sunflowers standing behind it, beige background, low angle shot"
"product photograph of a brown serum bottle standing on white marble platform with two tiny yellow sunflowers standing behind it, beige background, low angle shot_2.png","product photograph of a brown serum bottle standing on white marble platform with two tiny yellow sunflowers standing behind it, beige background, low angle shot"
"product photograph of a powder bottle standing on white marble platform with two tiny yellow sunflowers standing behind it, beige background, low angle shot_3.png","product photograph of a powder bottle standing on white marble platform with two tiny yellow sunflowers standing behind it, beige background, low angle shot"
"product photograph of a powder bottle standing on white marble platform with two tiny yellow sunflowers standing behind it, beige background, low angle shot_4.png","product photograph of a powder bottle standing on white marble platform with two tiny yellow sunflowers standing behind it, beige background, low angle shot"
"product photograph of a powder bottle standing on white marble platform with two tiny yellow sunflowers standing behind it, beige background, low angle shot_5.png","product photograph of a powder bottle standing on white marble platform with two tiny yellow sunflowers standing behind it, beige background, low angle shot"
"product photograph of a skincare tube standing on white marble platform with two tiny yellow sunflowers standing behind it, beige background, low angle shot_6.png","product photograph of a skincare tube standing on white marble platform with two tiny yellow sunflowers standing behind it, beige background, low angle shot"
"product photograph of a skincare tube standing on white marble platform with two tiny yellow sunflowers standing behind it, beige background, low angle shot_7.png","product photograph of a skincare tube standing on white marble platform with two tiny yellow sunflowers standing behind it, beige background, low angle shot"
"product photograph of a solid red bottle standing on white marble platform with two tiny yellow sunflowers standing behind it, beige background, low angle shot_8.png","product photograph of a solid red bottle standing on white marble platform with two tiny yellow sunflowers standing behind it, beige background, low angle shot"
"product photograph of a solid red bottle standing on white marble platform with two tiny yellow sunflowers standing behind it, beige background, low angle shot_9.png","product photograph of a solid red bottle standing on white marble platform with two tiny yellow sunflowers standing behind it, beige background, low angle shot"
