image_file,caption
"bird eye view, A blue bottle on a blue surface, surrounded by orange slices, lavender flowers, raisins, tiny leaves, water droplets around, aesthetically placed_1.png","bird eye view, A blue bottle on a blue surface, surrounded by orange slices, lavender flowers, raisins, tiny leaves, water droplets around, aesthetically placed"
"bird eye view, A pink perfume bottle on a pink surface, surrounded by strawberry slices, lavender flowers, raisins, tiny white flowers, water droplets around_7.png","bird eye view, A pink perfume bottle on a pink surface, surrounded by strawberry slices, lavender flowers, raisins, tiny white flowers, water droplets around"
"bird eye view, A blue bottle on a blue surface, surrounded by orange slices, lavender flowers, raisins, tiny leaves, water droplets around, aesthetically placed_3.png","bird eye view, A blue bottle on a blue surface, surrounded by orange slices, lavender flowers, raisins, tiny leaves, water droplets around, aesthetically placed"
"bird eye view, A white facewash tube on a white surface, surrounded by orange slices, lavender flowers, raisins, tiny leaves, water droplets around_9.png","bird eye view, A white facewash tube on a white surface, surrounded by orange slices, lavender flowers, raisins, tiny leaves, water droplets around"
"bird eye view, A white facewash tube on a white surface, surrounded by orange slices, lavender flowers, raisins, tiny leaves, water droplets around_8.png","bird eye view, A white facewash tube on a white surface, surrounded by orange slices, lavender flowers, raisins, tiny leaves, water droplets around"
"bird eye view, A pink perfume bottle on a pink surface, surrounded by strawberry slices, lavender flowers, raisins, tiny white flowers, water droplets around_6.png","bird eye view, A pink perfume bottle on a pink surface, surrounded by strawberry slices, lavender flowers, raisins, tiny white flowers, water droplets around"
"bird eye view, A pink perfume bottle on a pink surface, surrounded by strawberry slices, lavender flowers, raisins, tiny white flowers, water droplets around_5.png","bird eye view, A pink perfume bottle on a pink surface, surrounded by strawberry slices, lavender flowers, raisins, tiny white flowers, water droplets around"
"bird eye view, A white facewash tube on a white surface, surrounded by orange slices, lavender flowers, raisins, tiny leaves, water droplets around_10.png","bird eye view, A white facewash tube on a white surface, surrounded by orange slices, lavender flowers, raisins, tiny leaves, water droplets around"
"bird eye view, A yellow perfume bottle on a blue surface, surrounded by lemon slices, lavender flowers, raisins, tiny white flowers, water droplets around_11.png","bird eye view, A yellow perfume bottle on a blue surface, surrounded by lemon slices, lavender flowers, raisins, tiny white flowers, water droplets around"
"bird eye view, A yellow perfume bottle on a blue surface, surrounded by lemon slices, lavender flowers, raisins, tiny white flowers, water droplets around_13.png","bird eye view, A yellow perfume bottle on a blue surface, surrounded by lemon slices, lavender flowers, raisins, tiny white flowers, water droplets around"
"bird eye view, A blue bottle on a blue surface, surrounded by orange slices, lavender flowers, raisins, tiny leaves, water droplets around, aesthetically placed_2.png","bird eye view, A blue bottle on a blue surface, surrounded by orange slices, lavender flowers, raisins, tiny leaves, water droplets around, aesthetically placed"
"bird eye view, A yellow perfume bottle on a blue surface, surrounded by lemon slices, lavender flowers, raisins, tiny white flowers, water droplets around_12.png","bird eye view, A yellow perfume bottle on a blue surface, surrounded by lemon slices, lavender flowers, raisins, tiny white flowers, water droplets around"
"bird eye view, A pink perfume bottle on a pink surface, surrounded by strawberry slices, lavender flowers, raisins, tiny white flowers, water droplets around_4.png","bird eye view, A pink perfume bottle on a pink surface, surrounded by strawberry slices, lavender flowers, raisins, tiny white flowers, water droplets around"
