image_file,caption
"A close up of a tea box standing on a solid white table with some cardomom, cloves, cinnamon, ginger and other ingredients, infront of a tea garden, depth of field, product photooshoot_2.png","A close up of a tea box standing on a solid white table with some cardomom, cloves, cinnamon, ginger and other ingredients, infront of a tea garden, depth of field, product photooshoot"
"A close up of a violet tea box standing on a solid white table with some cardomom, cloves, cinnamon, ginger and other ingredients, infront of a tea garden, depth of field, product photooshoot_3.png","A close up of a violet tea box standing on a solid white table with some cardomom, cloves, cinnamon, ginger and other ingredients, infront of a tea garden, depth of field, product photooshoot"
"A close up of a tea box standing on a solid white table with some cardomom, cloves, cinnamon, ginger and other ingredients, infront of a tea garden, depth of field, product photooshoot_6.png","A close up of a tea box standing on a solid white table with some cardomom, cloves, cinnamon, ginger and other ingredients, infront of a tea garden, depth of field, product photooshoot"
"A close up of a violet tea box standing on a solid white table with some cardomom, cloves, cinnamon, ginger and other ingredients, infront of a tea garden, depth of field, product photooshoot_1.png","A close up of a violet tea box standing on a solid white table with some cardomom, cloves, cinnamon, ginger and other ingredients, infront of a tea garden, depth of field, product photooshoot"
"A close up of a violet tea box standing on a solid white table with some cardomom, cloves, cinnamon, ginger and other ingredients, infront of a tea garden, depth of field, product photooshoot_2.png","A close up of a violet tea box standing on a solid white table with some cardomom, cloves, cinnamon, ginger and other ingredients, infront of a tea garden, depth of field, product photooshoot"
"A close up of a violet tea box standing on a solid white table with some cardomom, cloves, cinnamon, ginger and other ingredients, infront of a tea garden, depth of field, product photooshoot_5.png","A close up of a violet tea box standing on a solid white table with some cardomom, cloves, cinnamon, ginger and other ingredients, infront of a tea garden, depth of field, product photooshoot"
"A close up of a violet tea box standing on a solid white table with some cardomom, cloves, cinnamon, ginger and other ingredients, infront of a tea garden, depth of field, product photooshoot_4.png","A close up of a violet tea box standing on a solid white table with some cardomom, cloves, cinnamon, ginger and other ingredients, infront of a tea garden, depth of field, product photooshoot"
"A close up of a tea box standing on a solid white table with some cardomom, cloves, cinnamon, ginger and other ingredients, infront of a tea garden, depth of field, product photooshoot_9.png","A close up of a tea box standing on a solid white table with some cardomom, cloves, cinnamon, ginger and other ingredients, infront of a tea garden, depth of field, product photooshoot"
"A close up of a box standing on a solid white table with some cardomom, cloves, cinnamon, ginger and other ingredients, infront of a tea garden, depth of field, product photooshoot_8.png","A close up of a box standing on a solid white table with some cardomom, cloves, cinnamon, ginger and other ingredients, infront of a tea garden, depth of field, product photooshoot"
"A close up of a box standing on a solid white table with some cardomom, cloves, cinnamon, ginger and other ingredients, infront of a tea garden, depth of field, product photooshoot_2.png","A close up of a box standing on a solid white table with some cardomom, cloves, cinnamon, ginger and other ingredients, infront of a tea garden, depth of field, product photooshoot"
"A close up of a violet tea box standing on a solid white table with some cardomom, cloves, cinnamon, ginger and other ingredients, infront of a tea garden, depth of field, product photooshoot_6.png","A close up of a violet tea box standing on a solid white table with some cardomom, cloves, cinnamon, ginger and other ingredients, infront of a tea garden, depth of field, product photooshoot"
"A close up of a box standing on a solid white table with some cardomom, cloves, cinnamon, ginger and other ingredients, infront of a tea garden, depth of field, product photooshoot_9.png","A close up of a box standing on a solid white table with some cardomom, cloves, cinnamon, ginger and other ingredients, infront of a tea garden, depth of field, product photooshoot"
