image_file,caption
"photoshoot of a black male model wearing red t-shirt and black pant standing on white floor, beige wall behind, pillars on both side, distant shot_0.png","photoshoot of a black male model wearing red t-shirt and black pant standing on white floor, beige wall behind, pillars on both side, distant shot"
"photoshoot of a black male model wearing yellow t-shirt and white pant standing on white floor, beige wall behind, pillars on both side, distant shot_1.png","photoshoot of a black male model wearing yellow t-shirt and white pant standing on white floor, beige wall behind, pillars on both side, distant shot"
"photoshoot of a chinese female model wearing pink top and black pant standing on white floor, beige wall behind, pillars on both side, distant shot_2.png","photoshoot of a chinese female model wearing pink top and black pant standing on white floor, beige wall behind, pillars on both side, distant shot"
"photoshoot of a chinese female model wearing red top and black pant standing on white floor, beige wall behind, pillars on both side, distant shot_3.png","photoshoot of a chinese female model wearing red top and black pant standing on white floor, beige wall behind, pillars on both side, distant shot"
"photoshoot of a chinese male model wearing blue t-shirt and black pant standing on white floor, beige wall behind, pillars on both side, distant shot_4.png","photoshoot of a chinese male model wearing blue t-shirt and black pant standing on white floor, beige wall behind, pillars on both side, distant shot"
"photoshoot of a indian female model wearing blue kurta and white pant standing on white floor, beige wall behind, pillars on both side, distant shot_5.png","photoshoot of a indian female model wearing blue kurta and white pant standing on white floor, beige wall behind, pillars on both side, distant shot"
"photoshoot of a indian female model wearing blue kurta and white pant standing on white floor, beige wall behind, pillars on both side, distant shot_6.png","photoshoot of a indian female model wearing blue kurta and white pant standing on white floor, beige wall behind, pillars on both side, distant shot"
"photoshoot of a white male model wearing green t-shirt and black pant standing on white floor, beige wall behind, pillars on both side, distant shot_7.png","photoshoot of a white male model wearing green t-shirt and black pant standing on white floor, beige wall behind, pillars on both side, distant shot"
"photoshoot of a white male model wearing green t-shirt and black pant standing on white floor, beige wall behind, pillars on both side, distant shot_8.png","photoshoot of a white male model wearing green t-shirt and black pant standing on white floor, beige wall behind, pillars on both side, distant shot"
