image_file,caption
"closeup, a burger placed on top of a wooden platform, on white counter, white background ,food photography_0.png","closeup, a burger placed on top of a wooden platform, on white counter, white background ,food photography"
"closeup, a burger placed on top of a wooden platform, on white counter, white background ,food photography_1.png","closeup, a burger placed on top of a wooden platform, on white counter, white background ,food photography"
"closeup, a burger placed on top of a wooden platform, on white counter, white background ,food photography_3.png","closeup, a burger placed on top of a wooden platform, on white counter, white background ,food photography"
"closeup, a burger placed on top of a wooden platform, on white counter, white background ,food photography_2.png","closeup, a burger placed on top of a wooden platform, on white counter, white background ,food photography"
"closeup, a serum bottle placed on top of a wooden platform, on white counter, white background ,food photography_4.png","closeup, a serum bottle placed on top of a wooden platform, on white counter, white background ,food photography"
"closeup, a serum bottle placed on top of a wooden platform, on white counter, white background ,food photography_5.png","closeup, a serum bottle placed on top of a wooden platform, on white counter, white background ,food photography"
"closeup, a strawberry shake placed on top of a wooden platform, on white counter, white background ,food photography_6.png","closeup, a strawberry shake placed on top of a wooden platform, on white counter, white background ,food photography"
"closeup, a strawberry shake placed on top of a wooden platform, on white counter, white background ,food photography_7.png","closeup, a strawberry shake placed on top of a wooden platform, on white counter, white background ,food photography"
"closeup, a strawberry shake placed on top of a wooden platform, on white counter, white background ,food photography_9.png","closeup, a strawberry shake placed on top of a wooden platform, on white counter, white background ,food photography"
"closeup, a strawberry shake placed on top of a wooden platform, on white counter, white background ,food photography_8.png","closeup, a strawberry shake placed on top of a wooden platform, on white counter, white background ,food photography"
"closeup, a wine bottle placed on top of a wooden platform, on white counter, white background ,food photography_10.png","closeup, a wine bottle placed on top of a wooden platform, on white counter, white background ,food photography"
"closeup, a wine bottle placed on top of a wooden platform, on white counter, white background ,food photography_11.png","closeup, a wine bottle placed on top of a wooden platform, on white counter, white background ,food photography"
