image_file,caption
a closeup photo of a pink skincare tube standing on a stain steel soap holder attached on a tiled white bathroom wall_5.png,a closeup photo of a pink skincare tube standing on a stain steel soap holder attached on a tiled white bathroom wall
a closeup photo of a white lotion bottle standing on a stain steel soap holder attached on a tiled white bathroom wall_10.png,a closeup photo of a white lotion bottle standing on a stain steel soap holder attached on a tiled white bathroom wall
a closeup photo of a shampoo bottle on a stain steel holder attached on a bright white bathroom wall_7.png,a closeup photo of a shampoo bottle on a stain steel holder attached on a bright white bathroom wall
a closeup photo of a brown serum bottle standing on a stain steel soap holder attached on a tiled white bathroom wall_3.png,a closeup photo of a brown serum bottle standing on a stain steel soap holder attached on a tiled white bathroom wall
a closeup photo of a white lotion bottle standing on a stain steel soap holder attached on a tiled white bathroom wall_9.png,a closeup photo of a white lotion bottle standing on a stain steel soap holder attached on a tiled white bathroom wall
a closeup photo of a brown serum bottle standing on a stain steel soap holder attached on a tiled white bathroom wall_4.png,a closeup photo of a brown serum bottle standing on a stain steel soap holder attached on a tiled white bathroom wall
a closeup photo of a pink skincare tube standing on a stain steel soap holder attached on a tiled white bathroom wall_6.png,a closeup photo of a pink skincare tube standing on a stain steel soap holder attached on a tiled white bathroom wall
a closeup photo of a shampoo bottle on a stain steel holder attached on a bright white bathroom wall_8.png,a closeup photo of a shampoo bottle on a stain steel holder attached on a bright white bathroom wall
a closeup photo of a brown serum bottle standing on a stain steel soap holder attached on a tiled white bathroom wall_0.png,a closeup photo of a brown serum bottle standing on a stain steel soap holder attached on a tiled white bathroom wall
a closeup photo of a brown serum bottle standing on a stain steel soap holder attached on a tiled white bathroom wall_1.png,a closeup photo of a brown serum bottle standing on a stain steel soap holder attached on a tiled white bathroom wall
a closeup photo of a brown serum bottle standing on a stain steel soap holder attached on a tiled white bathroom wall_2.png,a closeup photo of a brown serum bottle standing on a stain steel soap holder attached on a tiled white bathroom wall
