image_file,caption
"A large red lipstick is kept in a aesthetic dreamy room with a big window, cherry blossom trees in the room, white clouds visible through window, product shot_12.png","A large red lipstick is kept in a aesthetic dreamy room with a big window, cherry blossom trees in the room, white clouds visible through window, product shot"
"A large red lipstick is kept in a aesthetic dreamy room with a big window, cherry blossom trees in the room, white clouds visible through window, product shot_11.png","A large red lipstick is kept in a aesthetic dreamy room with a big window, cherry blossom trees in the room, white clouds visible through window, product shot"
"A large purple lipstick is kept in a aesthetic dreamy room with a big window, cherry blossom trees in the room, white clouds visible through window, product shot_8.png","A large purple lipstick is kept in a aesthetic dreamy room with a big window, cherry blossom trees in the room, white clouds visible through window, product shot"
"A large blue lipstick is kept in a aesthetic dreamy room with a big window, cherry blossom trees in the room, white clouds visible through window, product shot_4.png","A large blue lipstick is kept in a aesthetic dreamy room with a big window, cherry blossom trees in the room, white clouds visible through window, product shot"
"A large blue lipstick is kept in a aesthetic dreamy room with a big window, cherry blossom trees in the room, white clouds visible through window, product shot_2.png","A large blue lipstick is kept in a aesthetic dreamy room with a big window, cherry blossom trees in the room, white clouds visible through window, product shot"
"A large blue lipstick is kept in a aesthetic dreamy room with a big window, cherry blossom trees in the room, white clouds visible through window, product shot_3.png","A large blue lipstick is kept in a aesthetic dreamy room with a big window, cherry blossom trees in the room, white clouds visible through window, product shot"
"A large blue lipstick is kept in a aesthetic dreamy room with a big window, cherry blossom trees in the room, white clouds visible through window, product shot_1.png","A large blue lipstick is kept in a aesthetic dreamy room with a big window, cherry blossom trees in the room, white clouds visible through window, product shot"
"A large purple lipstick is kept in a aesthetic dreamy room with a big window, cherry blossom trees in the room, white clouds visible through window, product shot_6.png","A large purple lipstick is kept in a aesthetic dreamy room with a big window, cherry blossom trees in the room, white clouds visible through window, product shot"
"A large purple lipstick is kept in a aesthetic dreamy room with a big window, cherry blossom trees in the room, white clouds visible through window, product shot_5.png","A large purple lipstick is kept in a aesthetic dreamy room with a big window, cherry blossom trees in the room, white clouds visible through window, product shot"
"A large red lipstick is kept in a aesthetic dreamy room with a big window, cherry blossom trees in the room, white clouds visible through window, product shot_9.png","A large red lipstick is kept in a aesthetic dreamy room with a big window, cherry blossom trees in the room, white clouds visible through window, product shot"
"A large purple lipstick is kept in a aesthetic dreamy room with a big window, cherry blossom trees in the room, white clouds visible through window, product shot_7.png","A large purple lipstick is kept in a aesthetic dreamy room with a big window, cherry blossom trees in the room, white clouds visible through window, product shot"
"A large red lipstick is kept in a aesthetic dreamy room with a big window, cherry blossom trees in the room, white clouds visible through window, product shot_10.png","A large red lipstick is kept in a aesthetic dreamy room with a big window, cherry blossom trees in the room, white clouds visible through window, product shot"
