image_file,caption
"a coffee bottle, kept under water, with coral reefs, and divers in the background, product shoot_2.png","a coffee bottle, kept under water, with coral reefs, and divers in the background, product shoot"
"a coffee bottle, kept under water, with coral reefs, and divers in the background, product shoot_1.png","a coffee bottle, kept under water, with coral reefs, and divers in the background, product shoot"
"a water bottle, kept under water, with coral reefs, and divers in the background, product shoot_2.png","a water bottle, kept under water, with coral reefs, and divers in the background, product shoot"
"a perfume bottle, kept under water, with coral reefs, and divers in the background, product shoot_4.png","a perfume bottle, kept under water, with coral reefs, and divers in the background, product shoot"
"a perfume bottle, kept under water, with coral reefs, and divers in the background, product shoot_3.png","a perfume bottle, kept under water, with coral reefs, and divers in the background, product shoot"
"a cereal box, kept under water, with coral reefs, and divers in the background, product shoot_1.png","a cereal box, kept under water, with coral reefs, and divers in the background, product shoot"
"a water bottle, kept under water, with coral reefs, and divers in the background, product shoot_1.png","a water bottle, kept under water, with coral reefs, and divers in the background, product shoot"
"a cereal box, kept under water, with coral reefs, and divers in the background, product shoot_3.png","a cereal box, kept under water, with coral reefs, and divers in the background, product shoot"
"a water bottle, kept under water, with coral reefs, and divers in the background, product shoot_4.png","a water bottle, kept under water, with coral reefs, and divers in the background, product shoot"
"a coffee bottle, kept under water, with coral reefs, and divers in the background, product shoot_4.png","a coffee bottle, kept under water, with coral reefs, and divers in the background, product shoot"
"a cereal box, kept under water, with coral reefs, and divers in the background, product shoot_2.png","a cereal box, kept under water, with coral reefs, and divers in the background, product shoot"
"a perfume bottle, kept under water, with coral reefs, and divers in the background, product shoot_1.png","a perfume bottle, kept under water, with coral reefs, and divers in the background, product shoot"
"a cereal box, kept under water, with coral reefs, and divers in the background, product shoot_4.png","a cereal box, kept under water, with coral reefs, and divers in the background, product shoot"
"a water bottle, kept under water, with coral reefs, and divers in the background, product shoot_3.png","a water bottle, kept under water, with coral reefs, and divers in the background, product shoot"
"a coffee bottle, kept under water, with coral reefs, and divers in the background, product shoot_3.png","a coffee bottle, kept under water, with coral reefs, and divers in the background, product shoot"
"a perfume bottle, kept under water, with coral reefs, and divers in the background, product shoot_2.png","a perfume bottle, kept under water, with coral reefs, and divers in the background, product shoot"
