image_file,caption
"close up of a golden perfume with silver cap standing on a white surface next to a bouquet of wheat stalks, white background, minimal_4.png","close up of a golden perfume with silver cap standing on a white surface next to a bouquet of wheat stalks, white background, minimal"
"close up of a brown serum bottle standing on a white surface next to a bouquet of wheat stalks, white background, minimal_2.png","close up of a brown serum bottle standing on a white surface next to a bouquet of wheat stalks, white background, minimal"
"clsose up of a golden perfume with silver cap standing on a white surface next to a bunch of wheat stalks, white background, minimal_8.png","clsose up of a golden perfume with silver cap standing on a white surface next to a bunch of wheat stalks, white background, minimal"
"close up of a golden perfume with silver cap standing on a white surface next to a bouquet of wheat stalks, white background, minimal_7.png","close up of a golden perfume with silver cap standing on a white surface next to a bouquet of wheat stalks, white background, minimal"
"clsose up of a golden perfume with silver cap standing on a white surface next to a bunch of wheat stalks, white background, minimal_10.png","clsose up of a golden perfume with silver cap standing on a white surface next to a bunch of wheat stalks, white background, minimal"
"high angle shot, close up of a brown perfume bottle standing on a white surface next to a bouquet of wheat stalks, white background, minimal_13.png","high angle shot, close up of a brown perfume bottle standing on a white surface next to a bouquet of wheat stalks, white background, minimal"
"high angle shot, close up of a brown perfume bottle standing on a white surface next to a bouquet of wheat stalks, white background, minimal_12.png","high angle shot, close up of a brown perfume bottle standing on a white surface next to a bouquet of wheat stalks, white background, minimal"
"close up of a golden perfume with silver cap standing on a white surface next to a bouquet of wheat stalks, white background, minimal_6.png","close up of a golden perfume with silver cap standing on a white surface next to a bouquet of wheat stalks, white background, minimal"
"close up of a brown serum bottle standing on a white surface next to a bouquet of wheat stalks, white background, minimal_0.png","close up of a brown serum bottle standing on a white surface next to a bouquet of wheat stalks, white background, minimal"
"close up of a brown serum bottle standing on a white surface next to a bouquet of wheat stalks, white background, minimal_3.png","close up of a brown serum bottle standing on a white surface next to a bouquet of wheat stalks, white background, minimal"
"close up of a golden perfume with silver cap standing on a white surface next to a bouquet of wheat stalks, white background, minimal_5.png","close up of a golden perfume with silver cap standing on a white surface next to a bouquet of wheat stalks, white background, minimal"
"close up of a brown serum bottle standing on a white surface next to a bouquet of wheat stalks, white background, minimal_1.png","close up of a brown serum bottle standing on a white surface next to a bouquet of wheat stalks, white background, minimal"
"clsose up of a golden perfume with silver cap standing on a white surface next to a bunch of wheat stalks, white background, minimal_11.png","clsose up of a golden perfume with silver cap standing on a white surface next to a bunch of wheat stalks, white background, minimal"
"clsose up of a golden perfume with silver cap standing on a white surface next to a bunch of wheat stalks, white background, minimal_9.png","clsose up of a golden perfume with silver cap standing on a white surface next to a bunch of wheat stalks, white background, minimal"
