image_file,caption
"a orange juice bottle standing on a coaster , with satin cloth in the background, next to orange slices_10.png","a orange juice bottle standing on a coaster , with satin cloth in the background, next to orange slices"
"a blue mint mojitoglass standing on a coaster , with satin cloth in the background, next to mint leaves_3.png","a blue mint mojitoglass standing on a coaster , with satin cloth in the background, next to mint leaves"
"a mint mojitoglass standing on a coaster , with satin cloth in the background, next to mint leaves_6.png","a mint mojitoglass standing on a coaster , with satin cloth in the background, next to mint leaves"
"a mint mojitoglass standing on a coaster , with satin cloth in the background, next to mint leaves_7.png","a mint mojitoglass standing on a coaster , with satin cloth in the background, next to mint leaves"
"a mint mojitoglass standing on a coaster , with satin cloth in the background, next to mint leaves_5.png","a mint mojitoglass standing on a coaster , with satin cloth in the background, next to mint leaves"
"a apple juice bottle standing on a coaster , with satin cloth in the background, next to apple slices_0.png","a apple juice bottle standing on a coaster , with satin cloth in the background, next to apple slices"
"a blue mint mojitoglass standing on a coaster , with satin cloth in the background, next to mint leaves_2.png","a blue mint mojitoglass standing on a coaster , with satin cloth in the background, next to mint leaves"
"a orange juice bottle standing on a coaster , with satin cloth in the background, next to orange slices_11.png","a orange juice bottle standing on a coaster , with satin cloth in the background, next to orange slices"
"a orange juice bottle standing on a coaster , with satin cloth in the background, next to orange slices_9.png","a orange juice bottle standing on a coaster , with satin cloth in the background, next to orange slices"
"a mint mojitoglass standing on a coaster , with satin cloth in the background, next to mint leaves_4.png","a mint mojitoglass standing on a coaster , with satin cloth in the background, next to mint leaves"
"a mint mojitoglass standing on a coaster , with satin cloth in the background, next to mint leaves_8.png","a mint mojitoglass standing on a coaster , with satin cloth in the background, next to mint leaves"
"a apple juice bottle standing on a coaster , with satin cloth in the background, next to apple slices_1.png","a apple juice bottle standing on a coaster , with satin cloth in the background, next to apple slices"
