image_file,caption
"product photoshoot of a brown scented candle, kept on top of the black rocks, with defocused lava and mountains in the background, and the in the background the sky is also on the warm specturum of colours_8.png","product photoshoot of a brown scented candle, kept on top of the black rocks, with defocused lava and mountains in the background, and the in the background the sky is also on the warm specturum of colours"
"product photoshoot of a brown scented candle, kept on top of the black rocks, with defocused lava and mountains in the background, and the in the background the sky is also on the warm specturum of colours_5.png","product photoshoot of a brown scented candle, kept on top of the black rocks, with defocused lava and mountains in the background, and the in the background the sky is also on the warm specturum of colours"
"product photoshoot of a brown perfume bottle, kept on top of the black rocks, with defocused lava and mountains in the background, and the in the background the sky is also on the warm specturum of colours_1.png","product photoshoot of a brown perfume bottle, kept on top of the black rocks, with defocused lava and mountains in the background, and the in the background the sky is also on the warm specturum of colours"
"product photoshoot of a brown scented candle, kept on top of the black rocks, with defocused lava and mountains in the background, and the in the background the sky is also on the warm specturum of colours_3.png","product photoshoot of a brown scented candle, kept on top of the black rocks, with defocused lava and mountains in the background, and the in the background the sky is also on the warm specturum of colours"
"product photoshoot of a brown scented candle, kept on top of the black rocks, with defocused lava and mountains in the background, and the in the background the sky is also on the warm specturum of colours_2.png","product photoshoot of a brown scented candle, kept on top of the black rocks, with defocused lava and mountains in the background, and the in the background the sky is also on the warm specturum of colours"
"product photoshoot of a brown scented candle, kept on top of the black rocks, with defocused lava and mountains in the background, and the in the background the sky is also on the warm specturum of colours_4.png","product photoshoot of a brown scented candle, kept on top of the black rocks, with defocused lava and mountains in the background, and the in the background the sky is also on the warm specturum of colours"
"product photoshoot of a brown scented candle, kept on top of the black rocks, with defocused lava and mountains in the background, and the in the background the sky is also on the warm specturum of colours_6.png","product photoshoot of a brown scented candle, kept on top of the black rocks, with defocused lava and mountains in the background, and the in the background the sky is also on the warm specturum of colours"
"product photoshoot of a brown scented candle, kept on top of the black rocks, with defocused lava and mountains in the background, and the in the background the sky is also on the warm specturum of colours_7.png","product photoshoot of a brown scented candle, kept on top of the black rocks, with defocused lava and mountains in the background, and the in the background the sky is also on the warm specturum of colours"
"product photoshoot of a brown perfume bottle, kept on top of the black rocks, with defocused lava and mountains in the background, and the in the background the sky is also on the warm specturum of colours_3.png","product photoshoot of a brown perfume bottle, kept on top of the black rocks, with defocused lava and mountains in the background, and the in the background the sky is also on the warm specturum of colours"
"product photoshoot of a brown perfume bottle, kept on top of the black rocks, with defocused lava and mountains in the background, and the in the background the sky is also on the warm specturum of colours_2.png","product photoshoot of a brown perfume bottle, kept on top of the black rocks, with defocused lava and mountains in the background, and the in the background the sky is also on the warm specturum of colours"
