image_file,caption
"closeup, A teddy bear toy sitting on a yellow couch in an aesthetic living room, shallow depth of field_6.png","closeup, A teddy bear toy sitting on a yellow couch in an aesthetic living room, shallow depth of field"
"closeup, A wine bottle sitting on a yellow couch in an aesthetic living room, shallow depth of field_8.png","closeup, A wine bottle sitting on a yellow couch in an aesthetic living room, shallow depth of field"
"closeup, A teddy bear toy sitting on a yellow couch in an aesthetic living room, shallow depth of field_5.png","closeup, A teddy bear toy sitting on a yellow couch in an aesthetic living room, shallow depth of field"
"closeup, A purple unicorn toy sitting on a yellow couch in an aesthetic living room, shallow depth of field_2.png","closeup, A purple unicorn toy sitting on a yellow couch in an aesthetic living room, shallow depth of field"
"closeup, A teddy bear toy sitting on a yellow couch in an aesthetic living room, shallow depth of field_7.png","closeup, A teddy bear toy sitting on a yellow couch in an aesthetic living room, shallow depth of field"
"closeup, A wine bottle sitting on a yellow couch in an aesthetic living room, shallow depth of field_9.png","closeup, A wine bottle sitting on a yellow couch in an aesthetic living room, shallow depth of field"
"closeup, A brown serum bottle sitting on a yellow couch in an aesthetic living room, shallow depth of field_0.png","closeup, A brown serum bottle sitting on a yellow couch in an aesthetic living room, shallow depth of field"
"closeup, A purple unicorn toy sitting on a yellow couch in an aesthetic living room, shallow depth of field_4.png","closeup, A purple unicorn toy sitting on a yellow couch in an aesthetic living room, shallow depth of field"
"closeup, A wine bottle sitting on a yellow couch in an aesthetic living room, shallow depth of field_10.png","closeup, A wine bottle sitting on a yellow couch in an aesthetic living room, shallow depth of field"
"closeup, A brown serum bottle sitting on a yellow couch in an aesthetic living room, shallow depth of field_1.png","closeup, A brown serum bottle sitting on a yellow couch in an aesthetic living room, shallow depth of field"
"closeup, A purple unicorn toy sitting on a yellow couch in an aesthetic living room, shallow depth of field_3.png","closeup, A purple unicorn toy sitting on a yellow couch in an aesthetic living room, shallow depth of field"
