image_file,caption
"high angle shot, A brown perfume bottle on a beige circular podium, around it, shine, glitter, and ribbons around it, studio lighting_8.png","high angle shot, A brown perfume bottle on a beige circular podium, around it, shine, glitter, and ribbons around it, studio lighting"
"A brown serum bottle on a blue circular podium, around it, shine, glitter, and ribbons around it, studio lighting_1.png","A brown serum bottle on a blue circular podium, around it, shine, glitter, and ribbons around it, studio lighting"
"A yellow skincare tube on a beige circular podium, around it, shine, glitter, and ribbons around it, studio lighting_7.png","A yellow skincare tube on a beige circular podium, around it, shine, glitter, and ribbons around it, studio lighting"
"A wine bottle on a beige circular podium, around it, shine, glitter, and ribbons around it, studio lighting_4.png","A wine bottle on a beige circular podium, around it, shine, glitter, and ribbons around it, studio lighting"
"high angle shot, A brown perfume bottle on a beige circular podium, around it, shine, glitter, and ribbons around it, studio lighting_9.png","high angle shot, A brown perfume bottle on a beige circular podium, around it, shine, glitter, and ribbons around it, studio lighting"
"A yellow skincare tube on a beige circular podium, around it, shine, glitter, and ribbons around it, studio lighting_6.png","A yellow skincare tube on a beige circular podium, around it, shine, glitter, and ribbons around it, studio lighting"
"A wine bottle on a beige circular podium, around it, shine, glitter, and ribbons around it, studio lighting_3.png","A wine bottle on a beige circular podium, around it, shine, glitter, and ribbons around it, studio lighting"
"A brown serum bottle on a blue circular podium, around it, shine, glitter, and ribbons around it, studio lighting_2.png","A brown serum bottle on a blue circular podium, around it, shine, glitter, and ribbons around it, studio lighting"
"A wine bottle on a beige circular podium, around it, shine, glitter, and ribbons around it, studio lighting_5.png","A wine bottle on a beige circular podium, around it, shine, glitter, and ribbons around it, studio lighting"
"A brown serum bottle on a blue circular podium, around it, shine, glitter, and ribbons around it, studio lighting_0.png","A brown serum bottle on a blue circular podium, around it, shine, glitter, and ribbons around it, studio lighting"
