image_file,caption
A red shampoo bottle standing on black rock with green aurora sky in background_1.png,A red shampoo bottle standing on black rock with green aurora sky in background
A black shampoo bottle with green aurora sky in background_3.png,A black shampoo bottle with green aurora sky in background
A brown backpack standing on black rock with green aurora sky in background_4.png,A brown backpack standing on black rock with green aurora sky in background
A brown backpack standing on black rock with green aurora sky in background_3.png,A brown backpack standing on black rock with green aurora sky in background
A black shampoo bottle standing on black rock with green aurora sky in background_4.png,A black shampoo bottle standing on black rock with green aurora sky in background
A black shampoo bottle with green aurora sky in background_2.png,A black shampoo bottle with green aurora sky in background
A brown backpack standing on black rock with green aurora sky in background_1.png,A brown backpack standing on black rock with green aurora sky in background
A black shampoo bottle with green aurora sky in background_5.png,A black shampoo bottle with green aurora sky in background
