image_file,caption
"A green shampoo bottle on a black rock, black background, product shot_6.png","A green shampoo bottle on a black rock, black background, product shot"
"A blue perfume bottle on a black rock, black background, product shot_17.png","A blue perfume bottle on a black rock, black background, product shot"
"A red purse on a black rock, black background, product shot_12.png","A red purse on a black rock, black background, product shot"
"A pink serum bottle on a black rock, black background, product shot_10.png","A pink serum bottle on a black rock, black background, product shot"
"A green shampoo bottle on a black rock, black background, product shot_5.png","A green shampoo bottle on a black rock, black background, product shot"
"A red purse on a black rock, black background, product shot_11.png","A red purse on a black rock, black background, product shot"
"A brown serum bottle on a black rock, black background, product shot_2.png","A brown serum bottle on a black rock, black background, product shot"
"A red lipstick on a black rock, black background, product shot_16.png","A red lipstick on a black rock, black background, product shot"
"A blue serum dropper bottle on a black rock, black background, product shot_18.png","A blue serum dropper bottle on a black rock, black background, product shot"
"A sqaure red perfume bottle on a black rock, black background , product shot_14.png","A sqaure red perfume bottle on a black rock, black background , product shot"
"A red lipstick on a black rock, black background, product shot_15.png","A red lipstick on a black rock, black background, product shot"
"A brown serum bottle on a black rock, black background, product shot_3.png","A brown serum bottle on a black rock, black background, product shot"
