image_file,caption
"a blue sofa on a wooden floor, white background, a pot of plant behind it_0.png","a blue sofa on a wooden floor, white background, a pot of plant behind it"
"a blue sofa on a wooden floor, white background, a pot of plant behind it_1.png","a blue sofa on a wooden floor, white background, a pot of plant behind it"
"a blue sofa on a wooden floor, white background, a pot of plant behind it_2.png","a blue sofa on a wooden floor, white background, a pot of plant behind it"
"a brown bean bag on a wooden floor, white background, a pot of plant behind it_3.png","a brown bean bag on a wooden floor, white background, a pot of plant behind it"
"a brown bean bag on a wooden floor, white background, a pot of plant behind it_4.png","a brown bean bag on a wooden floor, white background, a pot of plant behind it"
"a brown bean bag on a wooden floor, white background, a pot of plant behind it_5.png","a brown bean bag on a wooden floor, white background, a pot of plant behind it"
"a brown bean bag on a wooden floor, white background, a pot of plant behind it_6.png","a brown bean bag on a wooden floor, white background, a pot of plant behind it"
"a brown wooden chair in a minimal white room, next to a white pot of plant, wide angle shot_10.png","a brown wooden chair in a minimal white room, next to a white pot of plant, wide angle shot"
"a brown wooden chair in a minimal white room, next to a white pot of plant, wide angle shot_7.png","a brown wooden chair in a minimal white room, next to a white pot of plant, wide angle shot"
"a brown wooden chair in a minimal white room, next to a white pot of plant, wide angle shot_8.png","a brown wooden chair in a minimal white room, next to a white pot of plant, wide angle shot"
"a brown wooden chair in a minimal white room, next to a white pot of plant, wide angle shot_9.png","a brown wooden chair in a minimal white room, next to a white pot of plant, wide angle shot"
"a green sofa in a minimal white room, next to a white pot of plant, wide angle shot_11.png","a green sofa in a minimal white room, next to a white pot of plant, wide angle shot"
"a green sofa in a minimal white room, next to a white pot of plant, wide angle shot_12.png","a green sofa in a minimal white room, next to a white pot of plant, wide angle shot"
"a green sofa in a minimal white room, next to a white pot of plant, wide angle shot_13.png","a green sofa in a minimal white room, next to a white pot of plant, wide angle shot"
"a metal chair on a wooden floor, white background, a pot of plant behind it_14.png","a metal chair on a wooden floor, white background, a pot of plant behind it"
"a metal chair on a wooden floor, white background, a pot of plant behind it_15.png","a metal chair on a wooden floor, white background, a pot of plant behind it"
"a metal chair on a wooden floor, white background, a pot of plant behind it_16.png","a metal chair on a wooden floor, white background, a pot of plant behind it"
"a wooden chair a wooden floor, white background, a pot of plant behind it_17.png","a wooden chair a wooden floor, white background, a pot of plant behind it"
"a wooden chair a wooden floor, white background, a pot of plant behind it_18.png","a wooden chair a wooden floor, white background, a pot of plant behind it"
"a yellow bean bag in a minimal white room, next to a white pot of plant, wide angle shot_19.png","a yellow bean bag in a minimal white room, next to a white pot of plant, wide angle shot"
"a yellow bean bag in a minimal white room, next to a white pot of plant, wide angle shot_20.png","a yellow bean bag in a minimal white room, next to a white pot of plant, wide angle shot"
"a yellow bean bag in a minimal white room, next to a white pot of plant, wide angle shot_21.png","a yellow bean bag in a minimal white room, next to a white pot of plant, wide angle shot"
"a yellow bean bag in a minimal white room, next to a white pot of plant, wide angle shot_22.png","a yellow bean bag in a minimal white room, next to a white pot of plant, wide angle shot"
