image_file,caption
"A rabbit toy in kept on a white desk next to a pot of plant, a book, product shot_1.png","A rabbit toy in kept on a white desk next to a pot of plant, a book, product shot"
"A serum bottle is kept on a white desk next to a pot of plant, a book, product shot_2.png","A serum bottle is kept on a white desk next to a pot of plant, a book, product shot"
"A teddy bear toy in kept on a white desk next to a pot of plant, a book, product shot_4.png","A teddy bear toy in kept on a white desk next to a pot of plant, a book, product shot"
"A teddy bear toy in kept on a white desk next to a pot of plant, a book, product shot_6.png","A teddy bear toy in kept on a white desk next to a pot of plant, a book, product shot"
"A teddy bear toy in kept on a white desk next to a pot of plant, a book, product shot_5.png","A teddy bear toy in kept on a white desk next to a pot of plant, a book, product shot"
"A serum bottle is kept on a white desk next to a pot of plant, a book, product shot_3.png","A serum bottle is kept on a white desk next to a pot of plant, a book, product shot"
"A rabbit toy in kept on a white desk next to a pot of plant, a book, product shot_0.png","A rabbit toy in kept on a white desk next to a pot of plant, a book, product shot"
