image_file,caption
"black sunglasses lying on a thick rope curled, bird eye view_6.png","black sunglasses lying on a thick rope curled, bird eye view"
"black sunglasses lying on a thick rope curled, bird eye view_7.png","black sunglasses lying on a thick rope curled, bird eye view"
"black sunglasses lying on a thick rope curled, bird eye view_5.png","black sunglasses lying on a thick rope curled, bird eye view"
"black sunglasses lying on a thick rope curled, bird eye view_4.png","black sunglasses lying on a thick rope curled, bird eye view"
"A green perfume lying on a thick rope curled, bird eye view_3.png","A green perfume lying on a thick rope curled, bird eye view"
"A green perfume lying on a thick rope curled, bird eye view_2.png","A green perfume lying on a thick rope curled, bird eye view"
"A brown serum bottle lying on a thick rope curled, bird eye view_0.png","A brown serum bottle lying on a thick rope curled, bird eye view"
"A green perfume lying on a thick rope curled, bird eye view_1.png","A green perfume lying on a thick rope curled, bird eye view"
