image_file,caption
"perfume bottle in front of the Louvre museum in Paris, with soft shadows and lights. minimalist commercial ad style, emphasis, high-resolution photography, subtle color contrasts._6.png","perfume bottle in front of the Louvre museum in Paris, with soft shadows and lights. minimalist commercial ad style, emphasis, high-resolution photography, subtle color contrasts."
"perfume bottle in front of the Louvre museum in Paris, with soft shadows and lights. minimalist commercial ad style, emphasis, high-resolution photography, subtle color contrasts._3.png","perfume bottle in front of the Louvre museum in Paris, with soft shadows and lights. minimalist commercial ad style, emphasis, high-resolution photography, subtle color contrasts."
"perfume bottle in front of the Louvre museum in Paris, with soft shadows and lights. minimalist commercial ad style, emphasis, high-resolution photography, subtle color contrasts._5.png","perfume bottle in front of the Louvre museum in Paris, with soft shadows and lights. minimalist commercial ad style, emphasis, high-resolution photography, subtle color contrasts."
"brown serum bottle in front of the Louvre museum in Paris, with soft shadows and lights. minimalist commercial ad style, emphasis, high-resolution photography, subtle color contrasts._2.png","brown serum bottle in front of the Louvre museum in Paris, with soft shadows and lights. minimalist commercial ad style, emphasis, high-resolution photography, subtle color contrasts."
"black backpack in front of the Louvre museum in Paris, with soft shadows and lights. minimalist commercial ad style, emphasis, high-resolution photography, subtle color contrasts._0.png","black backpack in front of the Louvre museum in Paris, with soft shadows and lights. minimalist commercial ad style, emphasis, high-resolution photography, subtle color contrasts."
"wine bottle in front of the Louvre museum in Paris, with soft shadows and lights. minimalist commercial ad style, emphasis, high-resolution photography, subtle color contrasts._7.png","wine bottle in front of the Louvre museum in Paris, with soft shadows and lights. minimalist commercial ad style, emphasis, high-resolution photography, subtle color contrasts."
"perfume bottle in front of the Louvre museum in Paris, with soft shadows and lights. minimalist commercial ad style, emphasis, high-resolution photography, subtle color contrasts._4.png","perfume bottle in front of the Louvre museum in Paris, with soft shadows and lights. minimalist commercial ad style, emphasis, high-resolution photography, subtle color contrasts."
"brown serum bottle in front of the Louvre museum in Paris, with soft shadows and lights. minimalist commercial ad style, emphasis, high-resolution photography, subtle color contrasts._1.png","brown serum bottle in front of the Louvre museum in Paris, with soft shadows and lights. minimalist commercial ad style, emphasis, high-resolution photography, subtle color contrasts."
