image_file,caption
"ultra closeup of a yellow perfume, on a white surface, kept outdoors, white blurred building parttially visible, blue sky background, white flowers in foreground_4.png","ultra closeup of a yellow perfume, on a white surface, kept outdoors, white blurred building parttially visible, blue sky background, white flowers in foreground"
"ultra closeup of a yellow perfume, on a white surface, kept outdoors, white blurred building parttially visible, blue sky background, white flowers in foreground_10.png","ultra closeup of a yellow perfume, on a white surface, kept outdoors, white blurred building parttially visible, blue sky background, white flowers in foreground"
"ultra closeup of a brown serum bottle, on a white surface, kept outdoors, white blurred building parttially visible, blue sky background, white flowers in foreground_2.png","ultra closeup of a brown serum bottle, on a white surface, kept outdoors, white blurred building parttially visible, blue sky background, white flowers in foreground"
"closeup of a yellow perfume, on a white platform, kept outdoors, blue sky background, white flowers in foreground_1.png","closeup of a yellow perfume, on a white platform, kept outdoors, blue sky background, white flowers in foreground"
"ultra closeup of a yellow perfume, on a white surface, kept outdoors, white blurred building parttially visible, blue sky background, white flowers in foreground_7.png","ultra closeup of a yellow perfume, on a white surface, kept outdoors, white blurred building parttially visible, blue sky background, white flowers in foreground"
"ultra closeup of a brown serum bottle, on a white surface, kept outdoors, white blurred building parttially visible, blue sky background, white flowers in foreground_3.png","ultra closeup of a brown serum bottle, on a white surface, kept outdoors, white blurred building parttially visible, blue sky background, white flowers in foreground"
"ultra closeup of a yellow perfume, on a white surface, kept outdoors, white blurred building parttially visible, blue sky background, white flowers in foreground_5.png","ultra closeup of a yellow perfume, on a white surface, kept outdoors, white blurred building parttially visible, blue sky background, white flowers in foreground"
"ultra closeup of a yellow perfume, on a white surface, kept outdoors, white blurred building parttially visible, blue sky background, white flowers in foreground_8.png","ultra closeup of a yellow perfume, on a white surface, kept outdoors, white blurred building parttially visible, blue sky background, white flowers in foreground"
"ultra closeup of a yellow purse, on a white surface, white flowers, kept outdoors, white blurred building partially visible, blue sky background_13.png","ultra closeup of a yellow purse, on a white surface, white flowers, kept outdoors, white blurred building partially visible, blue sky background"
"ultra closeup of a yellow perfume, on a white surface, kept outdoors, white blurred building parttially visible, blue sky background, white flowers in foreground_11.png","ultra closeup of a yellow perfume, on a white surface, kept outdoors, white blurred building parttially visible, blue sky background, white flowers in foreground"
"closeup of a yellow perfume, on a white platform, kept outdoors, blue sky background, white flowers in foreground_0.png","closeup of a yellow perfume, on a white platform, kept outdoors, blue sky background, white flowers in foreground"
"ultra closeup of a yellow perfume, on a white surface, kept outdoors, white blurred building parttially visible, blue sky background, white flowers in foreground_9.png","ultra closeup of a yellow perfume, on a white surface, kept outdoors, white blurred building parttially visible, blue sky background, white flowers in foreground"
"ultra closeup of a yellow purse, on a white surface, white flowers, kept outdoors, white blurred building partially visible, blue sky background_12.png","ultra closeup of a yellow purse, on a white surface, white flowers, kept outdoors, white blurred building partially visible, blue sky background"
"ultra closeup of a yellow perfume, on a white surface, kept outdoors, white blurred building parttially visible, blue sky background, white flowers in foreground_6.png","ultra closeup of a yellow perfume, on a white surface, kept outdoors, white blurred building parttially visible, blue sky background, white flowers in foreground"
