image_file,caption
"A brown serum bottle on a tiny square stone coaster, white surface ,white background, light shadow of palm leaves on wall_3.png","A brown serum bottle on a tiny square stone coaster, white surface ,white background, light shadow of palm leaves on wall"
"A brown serum bottle on a tiny square stone coaster, white surface ,white background, light shadow on palm leaves_6.png","A brown serum bottle on a tiny square stone coaster, white surface ,white background, light shadow on palm leaves"
"A white serum bottle on a square thin stone platform, white surface ,white background, light shadow on palm leaves_7.png","A white serum bottle on a square thin stone platform, white surface ,white background, light shadow on palm leaves"
"A brown serum bottle on a tiny square stone coaster, white surface ,white background, light shadow of palm leaves on wall_2.png","A brown serum bottle on a tiny square stone coaster, white surface ,white background, light shadow of palm leaves on wall"
"A brown serum bottle on a tiny square stone coaster, white surface ,white background, light shadow of palm leaves on wall_0.png","A brown serum bottle on a tiny square stone coaster, white surface ,white background, light shadow of palm leaves on wall"
"front angle shot, yellow facewash tube on a tiny square stone coaster, white surface ,white background, light shadow of leaves, minimal_11.png","front angle shot, yellow facewash tube on a tiny square stone coaster, white surface ,white background, light shadow of leaves, minimal"
"front angle shot, blue bottle on a tiny square stone coaster, white surface ,white background, light shadow on palm leaves_8.png","front angle shot, blue bottle on a tiny square stone coaster, white surface ,white background, light shadow on palm leaves"
"A brown serum bottle on a tiny square stone coaster, white surface ,white background, light shadow of palm leaves on wall_1.png","A brown serum bottle on a tiny square stone coaster, white surface ,white background, light shadow of palm leaves on wall"
"front angle shot, blue bottle on a tiny square stone coaster, white surface ,white background, light shadow on palm leaves_9.png","front angle shot, blue bottle on a tiny square stone coaster, white surface ,white background, light shadow on palm leaves"
"A brown serum bottle on a tiny square stone coaster, white surface ,white background, light shadow on palm leaves_4.png","A brown serum bottle on a tiny square stone coaster, white surface ,white background, light shadow on palm leaves"
"front angle shot, yellow facewash tube on a tiny square stone coaster, white surface ,white background, light shadow of leaves, minimal_12.png","front angle shot, yellow facewash tube on a tiny square stone coaster, white surface ,white background, light shadow of leaves, minimal"
"A brown serum bottle on a tiny square stone coaster, white surface ,white background, light shadow on palm leaves_5.png","A brown serum bottle on a tiny square stone coaster, white surface ,white background, light shadow on palm leaves"
"front angle shot, blue bottle on a tiny square stone coaster, white surface ,white background, light shadow on palm leaves_10.png","front angle shot, blue bottle on a tiny square stone coaster, white surface ,white background, light shadow on palm leaves"
