image_file,caption
"A black perfume bottle set against a backdrop of vibrant blossoms and lush greenery, with soft, diffused lighting to evoke a sense of joy and celebration, captured in professional style,_0.png","A black perfume bottle set against a backdrop of vibrant blossoms and lush greenery, with soft, diffused lighting to evoke a sense of joy and celebration, captured in professional style,"
"A black perfume bottle set against a backdrop of vibrant blossoms and lush greenery, with soft, diffused lighting to evoke a sense of joy and celebration, captured in professional style,_3.png","A black perfume bottle set against a backdrop of vibrant blossoms and lush greenery, with soft, diffused lighting to evoke a sense of joy and celebration, captured in professional style,"
"A wine bottle set against a backdrop of vibrant blossoms and lush greenery, with soft, diffused lighting to evoke a sense of joy and celebration, captured in professional style,_6.png","A wine bottle set against a backdrop of vibrant blossoms and lush greenery, with soft, diffused lighting to evoke a sense of joy and celebration, captured in professional style,"
"pink toothpaste tube set against a backdrop of vibrant blossoms and lush greenery, with soft, diffused lighting to evoke a sense of joy and celebration, captured in professional style,_11.png","pink toothpaste tube set against a backdrop of vibrant blossoms and lush greenery, with soft, diffused lighting to evoke a sense of joy and celebration, captured in professional style,"
"A wine bottle set against a backdrop of vibrant blossoms and lush greenery, with soft, diffused lighting to evoke a sense of joy and celebration, captured in professional style,_4.png","A wine bottle set against a backdrop of vibrant blossoms and lush greenery, with soft, diffused lighting to evoke a sense of joy and celebration, captured in professional style,"
"pink toothpaste tube set against a backdrop of vibrant blossoms and lush greenery, with soft, diffused lighting to evoke a sense of joy and celebration, captured in professional style,_10.png","pink toothpaste tube set against a backdrop of vibrant blossoms and lush greenery, with soft, diffused lighting to evoke a sense of joy and celebration, captured in professional style,"
"A black perfume bottle set against a backdrop of vibrant blossoms and lush greenery, with soft, diffused lighting to evoke a sense of joy and celebration, captured in professional style,_1.png","A black perfume bottle set against a backdrop of vibrant blossoms and lush greenery, with soft, diffused lighting to evoke a sense of joy and celebration, captured in professional style,"
"browns serum bottle set against a backdrop of vibrant blossoms and lush greenery, with soft, diffused lighting to evoke a sense of joy and celebration, captured in professional style,_9.png","browns serum bottle set against a backdrop of vibrant blossoms and lush greenery, with soft, diffused lighting to evoke a sense of joy and celebration, captured in professional style,"
"A wine bottle set against a backdrop of vibrant blossoms and lush greenery, with soft, diffused lighting to evoke a sense of joy and celebration, captured in professional style,_5.png","A wine bottle set against a backdrop of vibrant blossoms and lush greenery, with soft, diffused lighting to evoke a sense of joy and celebration, captured in professional style,"
"A black perfume bottle set against a backdrop of vibrant blossoms and lush greenery, with soft, diffused lighting to evoke a sense of joy and celebration, captured in professional style,_2.png","A black perfume bottle set against a backdrop of vibrant blossoms and lush greenery, with soft, diffused lighting to evoke a sense of joy and celebration, captured in professional style,"
"browns serum bottle set against a backdrop of vibrant blossoms and lush greenery, with soft, diffused lighting to evoke a sense of joy and celebration, captured in professional style,_8.png","browns serum bottle set against a backdrop of vibrant blossoms and lush greenery, with soft, diffused lighting to evoke a sense of joy and celebration, captured in professional style,"
"browns serum bottle set against a backdrop of vibrant blossoms and lush greenery, with soft, diffused lighting to evoke a sense of joy and celebration, captured in professional style,_7.png","browns serum bottle set against a backdrop of vibrant blossoms and lush greenery, with soft, diffused lighting to evoke a sense of joy and celebration, captured in professional style,"
