image_file,caption
"A bottle of almond oil hair treatment placed on a wooden surface, surrounded by scattered almonds_6.png","A bottle of almond oil hair treatment placed on a wooden surface, surrounded by scattered almonds"
"A pump bottle placed on a wooden surface, surrounded by scattered almonds_12.png","A pump bottle placed on a wooden surface, surrounded by scattered almonds"
"A packaged milk carton placed on a wooden surface, surrounded by scattered almonds_9.png","A packaged milk carton placed on a wooden surface, surrounded by scattered almonds"
"A pump bottle placed on a wooden surface, surrounded by scattered almonds_13.png","A pump bottle placed on a wooden surface, surrounded by scattered almonds"
"A bottle of almond oil hair treatment placed on a wooden surface, surrounded by scattered almonds_7.png","A bottle of almond oil hair treatment placed on a wooden surface, surrounded by scattered almonds"
"A bottle of almond milk placed on a wooden surface, surrounded by scattered almonds_5.png","A bottle of almond milk placed on a wooden surface, surrounded by scattered almonds"
"A pump bottle placed on a wooden surface, surrounded by scattered almonds_14.png","A pump bottle placed on a wooden surface, surrounded by scattered almonds"
"A almond facewash tube placed on a wooden surface, surrounded by scattered almonds_2.png","A almond facewash tube placed on a wooden surface, surrounded by scattered almonds"
"A perfume bottle placed on a wooden surface, surrounded by scattered almonds_10.png","A perfume bottle placed on a wooden surface, surrounded by scattered almonds"
"A packaged milk carton placed on a wooden surface, surrounded by scattered almonds_8.png","A packaged milk carton placed on a wooden surface, surrounded by scattered almonds"
"A perfume bottle placed on a wooden surface, surrounded by scattered almonds_11.png","A perfume bottle placed on a wooden surface, surrounded by scattered almonds"
"A almond facewash tube placed on a wooden surface, surrounded by scattered almonds_3.png","A almond facewash tube placed on a wooden surface, surrounded by scattered almonds"
"A bottle of almond milk placed on a wooden surface, surrounded by scattered almonds_4.png","A bottle of almond milk placed on a wooden surface, surrounded by scattered almonds"
"A almond facewash tube placed on a wooden surface, surrounded by scattered almonds_1.png","A almond facewash tube placed on a wooden surface, surrounded by scattered almonds"
