image_file,caption
"A green bottle surrounded by dreamy roses, yellow surface, yellow background_2.png","A green bottle surrounded by dreamy roses, yellow surface, yellow background"
"A yellow bottle surrounded by dreamy pink roses, white surface, yellow background.png","A yellow bottle surrounded by dreamy pink roses, white surface, yellow background.png"
"A white bottle surrounded by dreamy roses on a white surface, white background.png","A white bottle surrounded by dreamy roses on a white surface, white background.png"
"A brown serum bottle surrounded by dreamy roses, brown surface, brown background_2.png","A brown serum bottle surrounded by dreamy roses, brown surface, brown background"
"A brown serum bottle surrounded by dreamy roses, beige surface, beige backgroundpng.png","A brown serum bottle surrounded by dreamy roses, beige surface, beige backgroundpng.png"
"A green bottle surrounded by dreamy roses, yellow surface, yellow background.png","A green bottle surrounded by dreamy roses, yellow surface, yellow background.png"
"A brown serum bottle surrounded by dreamy roses, brown surface, brown background.png","A brown serum bottle surrounded by dreamy roses, brown surface, brown background.png"
"A white bottle surrounded by dreamy roses, white surface, white background.png","A white bottle surrounded by dreamy roses, white surface, white background.png"
"A yellow bottle surrounded by dreamy roses, whitesurface, yellow background.png","A yellow bottle surrounded by dreamy roses, whitesurface, yellow background.png"
