image_file,caption
"A yellow skincare tube standing on a yellow surface, in front of half a coconut and sliced mango, yellow background_9.png","A yellow skincare tube standing on a yellow surface, in front of half a coconut and sliced mango, yellow background"
"A green shampoo bottle standing on a yellow surface, in front of half a coconut and sliced mango, yellow background_3.png","A green shampoo bottle standing on a yellow surface, in front of half a coconut and sliced mango, yellow background"
"A yellow skincare tube standing on a yellow surface, in front of half a coconut and sliced mango, yellow background_10.png","A yellow skincare tube standing on a yellow surface, in front of half a coconut and sliced mango, yellow background"
"A brown serum bottle standing on a yellow surface, in front of mint leaves and sliced mango, green background_1.png","A brown serum bottle standing on a yellow surface, in front of mint leaves and sliced mango, green background"
"A brown serum bottle standing on a yellow surface, in front of mint leaves and sliced mango, green background_0.png","A brown serum bottle standing on a yellow surface, in front of mint leaves and sliced mango, green background"
"A brown serum bottle standing on a yellow surface, in front of mint leaves and sliced mango, green background_2.png","A brown serum bottle standing on a yellow surface, in front of mint leaves and sliced mango, green background"
"A green shampoo bottle standing on a yellow surface, in front of half a coconut and sliced mango, yellow background_4.png","A green shampoo bottle standing on a yellow surface, in front of half a coconut and sliced mango, yellow background"
"A green shampoo bottle standing on a yellow surface, in front of mint leaves and sliced mango, yellow background_5.png","A green shampoo bottle standing on a yellow surface, in front of mint leaves and sliced mango, yellow background"
"A wine bottle standing on a yellow surface, in front of half a coconut and sliced mango, green background_7.png","A wine bottle standing on a yellow surface, in front of half a coconut and sliced mango, green background"
"A yellow skincare tube standing on a yellow surface, in front of half a coconut and sliced mango, yellow background_8.png","A yellow skincare tube standing on a yellow surface, in front of half a coconut and sliced mango, yellow background"
"A wine bottle standing on a yellow surface, in front of half a coconut and sliced mango, green background_6.png","A wine bottle standing on a yellow surface, in front of half a coconut and sliced mango, green background"
