image_file,caption
"High angle shot, high angle shot of a purple perfume bottle on a wooden coaster on a light purple surface, in front of a purple background , close up, product shot_7.png","High angle shot, high angle shot of a purple perfume bottle on a wooden coaster on a light purple surface, in front of a purple background , close up, product shot"
"High angle shot, high angle shot of a green bottle on a wooden coaster on a light green surface, in front of a white background , close up, product shot_2.png","High angle shot, high angle shot of a green bottle on a wooden coaster on a light green surface, in front of a white background , close up, product shot"
"High angle shot, high angle shot of a purple perfume bottle on a wooden coaster on a light purple surface, in front of a purple background , close up, product shot_6.png","High angle shot, high angle shot of a purple perfume bottle on a wooden coaster on a light purple surface, in front of a purple background , close up, product shot"
"High angle shot, high angle shot of a purple perfume bottle on a wooden coaster on a light purple surface, in front of a purple background , close up, product shot_5.png","High angle shot, high angle shot of a purple perfume bottle on a wooden coaster on a light purple surface, in front of a purple background , close up, product shot"
"High angle shot, high angle shot of a green bottle on a wooden coaster on a light green surface, in front of a white background , close up, product shot_0.png","High angle shot, high angle shot of a green bottle on a wooden coaster on a light green surface, in front of a white background , close up, product shot"
"High angle shot, high angle shot of a purple perfume bottle on a wooden coaster on a light purple surface, in front of a purple background , close up, product shot_4.png","High angle shot, high angle shot of a purple perfume bottle on a wooden coaster on a light purple surface, in front of a purple background , close up, product shot"
"High angle shot, high angle shot of a green bottle on a wooden coaster on a light green surface, in front of a white background , close up, product shot_1.png","High angle shot, high angle shot of a green bottle on a wooden coaster on a light green surface, in front of a white background , close up, product shot"
"High angle shot, high angle shot of a green bottle on a wooden coaster on a light green surface, in front of a white background , close up, product shot_3.png","High angle shot, high angle shot of a green bottle on a wooden coaster on a light green surface, in front of a white background , close up, product shot"
