image_file,caption
"A blue sofa in corner next to a window in a high rise apartment, buildings visible outside window, mnimal product shot_0.png","A blue sofa in corner next to a window in a high rise apartment, buildings visible outside window, mnimal product shot"
"A blue sofa in corner next to a window in a high rise apartment, buildings visible outside window, mnimal product shot_1.png","A blue sofa in corner next to a window in a high rise apartment, buildings visible outside window, mnimal product shot"
"A metal chair in corner next to a window in a minimal high rise apartment, buildings visible outside window, mnimal product shot_2.png","A metal chair in corner next to a window in a minimal high rise apartment, buildings visible outside window, mnimal product shot"
"A metal chair in corner next to a window in a minimal high rise apartment, buildings visible outside window, mnimal product shot_3.png","A metal chair in corner next to a window in a minimal high rise apartment, buildings visible outside window, mnimal product shot"
"A metal chair in corner next to a window in a minimal high rise apartment, buildings visible outside window, mnimal product shot_4.png","A metal chair in corner next to a window in a minimal high rise apartment, buildings visible outside window, mnimal product shot"
"A white bean bag in corner next to a window in a high rise apartment, buildings visible outside window, product shot_5.png","A white bean bag in corner next to a window in a high rise apartment, buildings visible outside window, product shot"
"A white bean bag in corner next to a window in a high rise apartment, buildings visible outside window, product shot_6.png","A white bean bag in corner next to a window in a high rise apartment, buildings visible outside window, product shot"
"A white bean bag in corner next to a window in a high rise apartment, buildings visible outside window, product shot_7.png","A white bean bag in corner next to a window in a high rise apartment, buildings visible outside window, product shot"
"A wooden chair in corner next to a window in a high rise apartment, buildings visible outside window, mnimal product shot_8.png","A wooden chair in corner next to a window in a high rise apartment, buildings visible outside window, mnimal product shot"
"A wooden chair in corner next to a window in a high rise apartment, buildings visible outside window, mnimal product shot_9.png","A wooden chair in corner next to a window in a high rise apartment, buildings visible outside window, mnimal product shot"
