image_file,caption
"product photograph of brown serum bottle sitting on window side with white walls and some plants outside, minimal scene, side angle shot_3.png","product photograph of brown serum bottle sitting on window side with white walls and some plants outside, minimal scene, side angle shot"
"product photograph of blue perfume bottle sitting on window side with white walls and some plants leaves outside, minimal scene, side angle shot_1.png","product photograph of blue perfume bottle sitting on window side with white walls and some plants leaves outside, minimal scene, side angle shot"
"product photograph of skincare tube sitting on window side with white walls and some plants leaves outside, minimal scene, side angle shot_7.png","product photograph of skincare tube sitting on window side with white walls and some plants leaves outside, minimal scene, side angle shot"
"product photograph of wine bottle sitting on window side with white walls and some green plants leaves outside, minimal scene, side angle shot_10.png","product photograph of wine bottle sitting on window side with white walls and some green plants leaves outside, minimal scene, side angle shot"
"product photograph of wine bottle sitting on window side with white walls and some green plants leaves outside, minimal scene, side angle shot_9.png","product photograph of wine bottle sitting on window side with white walls and some green plants leaves outside, minimal scene, side angle shot"
"product photograph of skincare tube sitting on window side with white walls and some green plants leaves outside, minimal scene, side angle shot_6.png","product photograph of skincare tube sitting on window side with white walls and some green plants leaves outside, minimal scene, side angle shot"
"product photograph of handwash bottle sitting on window side with white walls and some plants leaves outside, minimal scene, side angle shot_5.png","product photograph of handwash bottle sitting on window side with white walls and some plants leaves outside, minimal scene, side angle shot"
"product photograph of blue perfume bottle sitting on window side with white walls and some green plants leaves outside, minimal scene, side angle shot_0.png","product photograph of blue perfume bottle sitting on window side with white walls and some green plants leaves outside, minimal scene, side angle shot"
"product photograph of solid red bottle sitting on window side with white walls and some plants leaves outside, minimal scene, side angle shot_8.png","product photograph of solid red bottle sitting on window side with white walls and some plants leaves outside, minimal scene, side angle shot"
"product photograph of brown serum bottle sitting on window side with white walls and some plants leaves outside, minimal scene, side angle shot_2.png","product photograph of brown serum bottle sitting on window side with white walls and some plants leaves outside, minimal scene, side angle shot"
"product photograph of handwash bottle sitting on window side with white walls and some plants leaves outside, minimal scene, side angle shot_4.png","product photograph of handwash bottle sitting on window side with white walls and some plants leaves outside, minimal scene, side angle shot"
