image_file,caption
"closeup, a yellow backpack standing on beige surface, beige background, with shadow of tropical palm leaves_0.png","closeup, a yellow backpack standing on beige surface, beige background, with shadow of tropical palm leaves"
"closeup, serum bottle standing on a beige background, with shadow of tropical palm leaves_8.png","closeup, serum bottle standing on a beige background, with shadow of tropical palm leaves"
"closeup, brown serum bottle standing on beige surface, beige background, with shadow of tropical palm leaves_4.png","closeup, brown serum bottle standing on beige surface, beige background, with shadow of tropical palm leaves"
"closeup, brown serum bottle standing on beige surface, beige background, with shadow of tropical palm leaves_5.png","closeup, brown serum bottle standing on beige surface, beige background, with shadow of tropical palm leaves"
"closeup, wine bottle standing on beige surface, beige background, with shadow of tropical palm leaves_11.png","closeup, wine bottle standing on beige surface, beige background, with shadow of tropical palm leaves"
"closeup, wine bottle standing on beige surface, beige background, with shadow of tropical palm leaves_10.png","closeup, wine bottle standing on beige surface, beige background, with shadow of tropical palm leaves"
"closeup, serum bottle standing on a beige background, with shadow of tropical palm leaves_7.png","closeup, serum bottle standing on a beige background, with shadow of tropical palm leaves"
"closeup, brown serum bottle standing on beige surface, beige background, with shadow of tropical palm leaves_6.png","closeup, brown serum bottle standing on beige surface, beige background, with shadow of tropical palm leaves"
"closeup, blue skincare tube standing on beige surface, beige background, with shadow of tropical palm leaves_3.png","closeup, blue skincare tube standing on beige surface, beige background, with shadow of tropical palm leaves"
"closeup, a yellow backpack standing on beige surface, beige background, with shadow of tropical palm leaves_1.png","closeup, a yellow backpack standing on beige surface, beige background, with shadow of tropical palm leaves"
"closeup, blue skincare tube standing on beige surface, beige background, with shadow of tropical palm leaves_2.png","closeup, blue skincare tube standing on beige surface, beige background, with shadow of tropical palm leaves"
"closeup, wine bottle standing on beige surface, beige background, with shadow of tropical palm leaves_9.png","closeup, wine bottle standing on beige surface, beige background, with shadow of tropical palm leaves"
