image_file,caption
"closeup, a black bacpack standing on a cube sand pltform, next to green leaves, beach afternoon background_0.png","closeup, a black bacpack standing on a cube sand pltform, next to green leaves, beach afternoon background"
"closeup, a wine bottle standing on a cube sand pltform, next to green leaves, beach afternoon background_8.png","closeup, a wine bottle standing on a cube sand pltform, next to green leaves, beach afternoon background"
"closeup, a brown serum bottle standing on a cube sand pltform, next to green leaves, beach afternoon background_2.png","closeup, a brown serum bottle standing on a cube sand pltform, next to green leaves, beach afternoon background"
"closeup, a golden perfume bottle standing on a cube sand pltform, next to green leaves, beach afternoon background_6.png","closeup, a golden perfume bottle standing on a cube sand pltform, next to green leaves, beach afternoon background"
"closeup, a brown serum bottle standing on a cube sand pltform, next to green leaves, beach afternoon background_3.png","closeup, a brown serum bottle standing on a cube sand pltform, next to green leaves, beach afternoon background"
"closeup, a golden perfume bottle standing on a cube sand pltform, next to green leaves, beach afternoon background_5.png","closeup, a golden perfume bottle standing on a cube sand pltform, next to green leaves, beach afternoon background"
"closeup, a wine bottle standing on a cube sand pltform, next to green leaves, beach afternoon background_10.png","closeup, a wine bottle standing on a cube sand pltform, next to green leaves, beach afternoon background"
"closeup, a brown serum bottle standing on a cube sand pltform, next to green leaves, beach afternoon background_4.png","closeup, a brown serum bottle standing on a cube sand pltform, next to green leaves, beach afternoon background"
"closeup, a golden perfume bottle standing on a cube sand pltform, next to green leaves, beach afternoon background_7.png","closeup, a golden perfume bottle standing on a cube sand pltform, next to green leaves, beach afternoon background"
"closeup, a black bacpack standing on a cube sand pltform, next to green leaves, beach afternoon background_1.png","closeup, a black bacpack standing on a cube sand pltform, next to green leaves, beach afternoon background"
"closeup, a wine bottle standing on a cube sand pltform, next to green leaves, beach afternoon background_9.png","closeup, a wine bottle standing on a cube sand pltform, next to green leaves, beach afternoon background"
