image_file,caption
"product photoshoot of a beanbag placed on a white floor, rock pattern stylish wall behind it, minimal_0.png","product photoshoot of a beanbag placed on a white floor, rock pattern stylish wall behind it, minimal"
"product photoshoot of a beanbag placed on a white floor, rock pattern stylish wall behind it, minimal_1.png","product photoshoot of a beanbag placed on a white floor, rock pattern stylish wall behind it, minimal"
"product photoshoot of a black recliner placed on a white floor, rock pattern stylish wall behind it, minimal_2.png","product photoshoot of a black recliner placed on a white floor, rock pattern stylish wall behind it, minimal"
"product photoshoot of a recliner placed on a white floor, rock pattern stylish wall behind it, minimal_3.png","product photoshoot of a recliner placed on a white floor, rock pattern stylish wall behind it, minimal"
"product photoshoot of a sofa placed on a white floor, rock pattern stylish wall behind it, minimal_4.png","product photoshoot of a sofa placed on a white floor, rock pattern stylish wall behind it, minimal"
"product photoshoot of a sofa placed on a white floor, rock pattern wall behind it, minimal_5.png","product photoshoot of a sofa placed on a white floor, rock pattern wall behind it, minimal"
"product photoshoot of a stylish chair placed on a white floor, rock pattern stylish wall behind it, minimal_6.png","product photoshoot of a stylish chair placed on a white floor, rock pattern stylish wall behind it, minimal"
"product photoshoot of a stylish chair placed on a white floor, rock pattern stylish wall behind it, minimal_7.png","product photoshoot of a stylish chair placed on a white floor, rock pattern stylish wall behind it, minimal"
"product photoshoot of a stylish chair placed on a white floor, rock pattern wall behind it, minimal_8.png","product photoshoot of a stylish chair placed on a white floor, rock pattern wall behind it, minimal"
"product photoshoot of a stylish chair placed on a white floor, rock pattern wall behind it, minimal_9.png","product photoshoot of a stylish chair placed on a white floor, rock pattern wall behind it, minimal"
