image_file,caption
"macro close up of a black backpack on a rock inside a cave of rocks, bright light visible in background through cave_5.png","macro close up of a black backpack on a rock inside a cave of rocks, bright light visible in background through cave"
"macro close up of a black backpack on a rock inside a cave of rocks, bright light visible in background through cave_6.png","macro close up of a black backpack on a rock inside a cave of rocks, bright light visible in background through cave"
"macro close up of a black backpack on a rock inside a cave of rocks, bright light visible in background through cave_7.png","macro close up of a black backpack on a rock inside a cave of rocks, bright light visible in background through cave"
"macro close up of a serum bottle on a rock inside a cave of rocks, bright light visible in background through cave_10.png","macro close up of a serum bottle on a rock inside a cave of rocks, bright light visible in background through cave"
"macro close up of a serum bottle on a rock inside a cave of rocks, bright light visible in background through cave_11.png","macro close up of a serum bottle on a rock inside a cave of rocks, bright light visible in background through cave"
"macro close up of a wine bottle on a brown rock inside a cave of brown rocks, bright light visible in background through cave_13.png","macro close up of a wine bottle on a brown rock inside a cave of brown rocks, bright light visible in background through cave"
"macro close up of a wine bottle on a brown rock inside a cave of brown rocks, bright light visible in background through cave_12.png","macro close up of a wine bottle on a brown rock inside a cave of brown rocks, bright light visible in background through cave"
"A wine bottle on a brown rock inside a cave of brown rocks, bright light visible in background through cave_1.png","A wine bottle on a brown rock inside a cave of brown rocks, bright light visible in background through cave"
"A wine bottle on a brown rock inside a cave of brown rocks, bright light visible in background through cave_0.png","A wine bottle on a brown rock inside a cave of brown rocks, bright light visible in background through cave"
"macro close up of a serum bottle on a rock inside a cave of rocks, bright light visible in background through cave_9.png","macro close up of a serum bottle on a rock inside a cave of rocks, bright light visible in background through cave"
macro close up of a black backpack on a rock inside a cave of rocks_4.png,macro close up of a black backpack on a rock inside a cave of rocks
macro close up of a black backpack on a rock inside a cave of rocks_3.png,macro close up of a black backpack on a rock inside a cave of rocks
macro close up of a black backpack on a rock inside a cave of rocks_2.png,macro close up of a black backpack on a rock inside a cave of rocks
"macro close up of a black backpack on a rock inside a cave of rocks, bright light visible in background through cave_8.png","macro close up of a black backpack on a rock inside a cave of rocks, bright light visible in background through cave"
