image_file,caption
"close up of a yellow purse standing on a white surface, a single branch of white flowers hanging from left side of the frame_21.png","close up of a yellow purse standing on a white surface, a single branch of white flowers hanging from left side of the frame"
"A red perfume bottle standing on a white surface, a single branch of white flowers hanging on side, shadows of flowers_2.png","A red perfume bottle standing on a white surface, a single branch of white flowers hanging on side, shadows of flowers"
"A red perfume bottle standing on a white surface, a single branch of white flowers hanging on side, shadows of flowers_3.png","A red perfume bottle standing on a white surface, a single branch of white flowers hanging on side, shadows of flowers"
"A blue perfume bottle standing on a white surface, a single branch of white flowers hanging from the left of the of frame , shadows of flowers_16.png","A blue perfume bottle standing on a white surface, a single branch of white flowers hanging from the left of the of frame , shadows of flowers"
"close up of a yellow purse standing on a white surface, a single branch of white flowers hanging from left side of the frame_20.png","close up of a yellow purse standing on a white surface, a single branch of white flowers hanging from left side of the frame"
"A red perfume bottle standing on a white surface, a single branch of white flowers hanging from the left of the of frame , shadows of flowers_13.png","A red perfume bottle standing on a white surface, a single branch of white flowers hanging from the left of the of frame , shadows of flowers"
"close up of a yellow purse standing on a white surface, a single branch of white flowers hanging on side_6.png","close up of a yellow purse standing on a white surface, a single branch of white flowers hanging on side"
"close up of a yellow purse standing on a white surface, a single branch of white flowers hanging on side_8.png","close up of a yellow purse standing on a white surface, a single branch of white flowers hanging on side"
"close up of a yellow purse standing on a white surface, a single branch of white flowers hanging on side_7.png","close up of a yellow purse standing on a white surface, a single branch of white flowers hanging on side"
"close up of a yellow purse standing on a white surface, a single branch of white flowers hanging on side_5.png","close up of a yellow purse standing on a white surface, a single branch of white flowers hanging on side"
"A blue perfume bottle standing on a white surface, a single branch of white flowers hanging from the left of the of frame , shadows of flowers_17.png","A blue perfume bottle standing on a white surface, a single branch of white flowers hanging from the left of the of frame , shadows of flowers"
aseem007_close_up_of_a_yellow_purse_standing_on_a_white_surface_ad567985-b27d-4442-8845-96595575afe1.png,aseem007 close up of a yellow purse standing on a white surface
"A blue perfume bottle standing on a white surface, a single branch of white flowers hanging from the left of the of frame , shadows of flowers_18.png","A blue perfume bottle standing on a white surface, a single branch of white flowers hanging from the left of the of frame , shadows of flowers"
"A red perfume bottle standing on a white surface, a single branch of white flowers hanging on side, shadows of flowers_1.png","A red perfume bottle standing on a white surface, a single branch of white flowers hanging on side, shadows of flowers"
"A red perfume bottle standing on a white surface, a single branch of white flowers hanging from the left of the of frame , shadows of flowers_15.png","A red perfume bottle standing on a white surface, a single branch of white flowers hanging from the left of the of frame , shadows of flowers"
"A red perfume bottle standing on a white surface, a single branch of white flowers hanging from the left of the of frame , shadows of flowers_14.png","A red perfume bottle standing on a white surface, a single branch of white flowers hanging from the left of the of frame , shadows of flowers"
"close up of a yellow purse standing on a white surface, a single branch of white flowers hanging from right side of the frame_19.png","close up of a yellow purse standing on a white surface, a single branch of white flowers hanging from right side of the frame"
"close up of a jar of pickle standing on a white surface, a single branch of white flowers hanging on side_9.png","close up of a jar of pickle standing on a white surface, a single branch of white flowers hanging on side"
