image_file,caption
"photoshoot of stylish black gaming chair, mcdonaldpunk, peach and pink color gradients, texture-based, emotive expression, minimal, plain studio background_0.png","photoshoot of stylish black gaming chair, mcdonaldpunk, peach and pink color gradients, texture-based, emotive expression, minimal, plain studio background"
"photoshoot of stylish black gaming chair, mcdonaldpunk, peach and pink color gradients, texture-based, emotive expression, minimal, plain studio background_1.png","photoshoot of stylish black gaming chair, mcdonaldpunk, peach and pink color gradients, texture-based, emotive expression, minimal, plain studio background"
"photoshoot of stylish chair, mcdonaldpunk, blue and pink color gradient, texture-based, emotive expression, minimal, plain background_2.png","photoshoot of stylish chair, mcdonaldpunk, blue and pink color gradient, texture-based, emotive expression, minimal, plain background"
"photoshoot of stylish chair, mcdonaldpunk, peach color gradients, texture-based, emotive expression, minimal, plain background_3.png","photoshoot of stylish chair, mcdonaldpunk, peach color gradients, texture-based, emotive expression, minimal, plain background"
"photoshoot of stylish chair, mcdonaldpunk, peach color gradients, texture-based, emotive expression, minimal, plain background_4.png","photoshoot of stylish chair, mcdonaldpunk, peach color gradients, texture-based, emotive expression, minimal, plain background"
"photoshoot of stylish recliner, mcdonaldpunk, peach and pink color gradients, texture-based, emotive expression, minimal, plain studio background_5.png","photoshoot of stylish recliner, mcdonaldpunk, peach and pink color gradients, texture-based, emotive expression, minimal, plain studio background"
"photoshoot of stylish recliner, mcdonaldpunk, peach and pink color gradients, texture-based, emotive expression, minimal, plain studio background_6.png","photoshoot of stylish recliner, mcdonaldpunk, peach and pink color gradients, texture-based, emotive expression, minimal, plain studio background"
"photoshoot of stylish small table, mcdonaldpunk, peach and pink color gradients, texture-based, emotive expression, minimal, plain studio background_7.png","photoshoot of stylish small table, mcdonaldpunk, peach and pink color gradients, texture-based, emotive expression, minimal, plain studio background"
"photoshoot of stylish sofa, mcdonaldpunk, peach and pink color gradients, texture-based, emotive expression, minimal, plain studio background_8.png","photoshoot of stylish sofa, mcdonaldpunk, peach and pink color gradients, texture-based, emotive expression, minimal, plain studio background"
"photoshoot of stylish sofa, mcdonaldpunk, peach and pink color gradients, texture-based, emotive expression, minimal, plain studio background_9.png","photoshoot of stylish sofa, mcdonaldpunk, peach and pink color gradients, texture-based, emotive expression, minimal, plain studio background"
