image_file,caption
"A black facewash tube standing on a white sphere, product photoshoot, professional_0.png","A black facewash tube standing on a white sphere, product photoshoot, professional"
"A brown serum bottle standing on a black sphere, product photography_6.png","A brown serum bottle standing on a black sphere, product photography"
"A red facewash standing on a black sphere, white background, product photography, professional_9.png","A red facewash standing on a black sphere, white background, product photography, professional"
"A red facewash standing on a black sphere, white background, product photography, professional_8.png","A red facewash standing on a black sphere, white background, product photography, professional"
"A blue water bottle standing on a white sphere, product photoshoot, professional_1.png","A blue water bottle standing on a white sphere, product photoshoot, professional"
"A brown serum bottle standing on a beige sphere, product photoshoot, professional_2.png","A brown serum bottle standing on a beige sphere, product photoshoot, professional"
"A brown serum bottle standing on a beige sphere, product photoshoot, professional_3.png","A brown serum bottle standing on a beige sphere, product photoshoot, professional"
"A brown serum bottle standing on a beige sphere, product photoshoot, professional_4.png","A brown serum bottle standing on a beige sphere, product photoshoot, professional"
"A red water bottle standing on a white sphere, product photoshoot, professional_10.png","A red water bottle standing on a white sphere, product photoshoot, professional"
"A red water bottle standing on a white sphere, product photoshoot, professional_11.png","A red water bottle standing on a white sphere, product photoshoot, professional"
"A brown serum bottle standing on a translucent sphere, product photoshoot, professional_7.png","A brown serum bottle standing on a translucent sphere, product photoshoot, professional"
"A brown serum bottle standing on a beige sphere, product photoshoot, professional_5.png","A brown serum bottle standing on a beige sphere, product photoshoot, professional"
