image_file,caption
"A product standing on a white bathroom counter next to a couple of towels and cut lemon slices, hyperrealstic, zoomed in, minimalistic_2.png","A product standing on a white bathroom counter next to a couple of towels and cut lemon slices, hyperrealstic, zoomed in, minimalistic"
A product standing on a white bathroom counter next to a couple of towels and citrus fruits_2.png,A product standing on a white bathroom counter next to a couple of towels and citrus fruits
A serum bottle standing on a white bathroom counter next to a couple of towels and orange slices_1.png,A serum bottle standing on a white bathroom counter next to a couple of towels and orange slices
A product standing on a circular wooden surface with a towl and leaves on the side_4.png,A product standing on a circular wooden surface with a towl and leaves on the side
A serum bottle standing on a white bathroom counter next to a couple of towels and orange slices_6.png,A serum bottle standing on a white bathroom counter next to a couple of towels and orange slices
A product standing on a white bathroom counter next to a couple of towels and citrus fruits_7.png,A product standing on a white bathroom counter next to a couple of towels and citrus fruits
A shampoo bottle standing on a white bathroom counter next to a couple of towels and lemon slice_5.png,A shampoo bottle standing on a white bathroom counter next to a couple of towels and lemon slice
A product standing on a white bathroom counter next to a couple of towels and citrus fruits_1.png,A product standing on a white bathroom counter next to a couple of towels and citrus fruits
A facewash tube standing on a white bathroom counter next to a couple of towels and citrus fruits_9.png,A facewash tube standing on a white bathroom counter next to a couple of towels and citrus fruits
"A facewash tube standing on a white bathroom counter next to a couple of towels and cut lemon slices, zoomed in, minimalistic_5.png","A facewash tube standing on a white bathroom counter next to a couple of towels and cut lemon slices, zoomed in, minimalistic"
"A facewash tube standing on a white bathroom counter next to a couple of towels and cut lemon slices, zoomed in, minimalistic_4.png","A facewash tube standing on a white bathroom counter next to a couple of towels and cut lemon slices, zoomed in, minimalistic"
"A product standing on a white bathroom counter next to a couple of towels and cut lemon slices, zoomed in, minimalistic_3.png","A product standing on a white bathroom counter next to a couple of towels and cut lemon slices, zoomed in, minimalistic"
A product standing on a white bathroom counter next to a couple of towels and lemon slice_3.png,A product standing on a white bathroom counter next to a couple of towels and lemon slice
