image_file,caption
"top angle shot, close up of a serum bottle lying on a green ground, very aesthetic, product shot_3.png","top angle shot, close up of a serum bottle lying on a green ground, very aesthetic, product shot"
"top angle shot, close up of a beer bottle lying on a green ground, very aesthetic, product shot_1.png","top angle shot, close up of a beer bottle lying on a green ground, very aesthetic, product shot"
"top angle shot, close up of a red perfue lying on a green ground, very aesthetic, product shot_2.png","top angle shot, close up of a red perfue lying on a green ground, very aesthetic, product shot"
"top angle shot, close up of a beer bottle lying on a green ground, very aesthetic, product shot_2.png","top angle shot, close up of a beer bottle lying on a green ground, very aesthetic, product shot"
"top angle shot, close up of a serum bottle lying on a green ground, very aesthetic, product shot_2.png","top angle shot, close up of a serum bottle lying on a green ground, very aesthetic, product shot"
"top angle shot, close up of a red perfume lying on a green ground, very aesthetic, product shot_1.png","top angle shot, close up of a red perfume lying on a green ground, very aesthetic, product shot"
"top angle shot, close up of a serum bottle lying on a green ground, very aesthetic, product shot_1.png","top angle shot, close up of a serum bottle lying on a green ground, very aesthetic, product shot"
"high angle shot, close up of a product lying on a green ground, very aesthetic, product shot_2.png","high angle shot, close up of a product lying on a green ground, very aesthetic, product shot"
"high angle shot, close up of a product lying on a green ground, very aesthetic, product shot_1.png","high angle shot, close up of a product lying on a green ground, very aesthetic, product shot"
