image_file,caption
Bird eye view of a yellow shampoo bottle lying on a white platform. The platform is surrounded by yellow roses_2.png,Bird eye view of a yellow shampoo bottle lying on a white platform. The platform is surrounded by yellow roses
"Bird eye view of a blue shampoo bottle lying on a white platform. The platform is surrounded by blue roses, blue background_1.png","Bird eye view of a blue shampoo bottle lying on a white platform. The platform is surrounded by blue roses, blue background"
Bird eye view of a black shampoo bottle lying on a white platform. The platform is surrounded by red roses_1.png,Bird eye view of a black shampoo bottle lying on a white platform. The platform is surrounded by red roses
"Bird eye view of a blue shampoo bottle lying on a white platform. The platform is surrounded by blue roses, blue background_0.png","Bird eye view of a blue shampoo bottle lying on a white platform. The platform is surrounded by blue roses, blue background"
Bird eye view of a yellow shampoo bottle lying on a white platform. The platform is surrounded by yellow roses_1.png,Bird eye view of a yellow shampoo bottle lying on a white platform. The platform is surrounded by yellow roses
"Bird eye view of a pink purse lying on a black platform. The platform is surrounded by pink roses, pink background_0.png","Bird eye view of a pink purse lying on a black platform. The platform is surrounded by pink roses, pink background"
"Bird eye view of a blue shampoo bottle lying on a white platform. The platform is surrounded by blue roses, blue background_2.png","Bird eye view of a blue shampoo bottle lying on a white platform. The platform is surrounded by blue roses, blue background"
Bird eye view of a black shampoo bottle lying on a white platform. The platform is surrounded by red roses_0.png,Bird eye view of a black shampoo bottle lying on a white platform. The platform is surrounded by red roses
Bird eye view of a yellow shampoo bottle lying on a white platform. The platform is surrounded by yellow roses_0.png,Bird eye view of a yellow shampoo bottle lying on a white platform. The platform is surrounded by yellow roses
"Bird eye view of a yellow shampoo bottle lying on a white platform. The platform is surrounded by yellow roses, yellow background_0.png","Bird eye view of a yellow shampoo bottle lying on a white platform. The platform is surrounded by yellow roses, yellow background"
