image_file,caption
"A purple bottle on a wooden coaster on a purple surface, in front of a white background, minimal shadow of palm leaf on white background_2.png","A purple bottle on a wooden coaster on a purple surface, in front of a white background, minimal shadow of palm leaf on white background"
A red bottle on a coaster on red background with palm shadows.png,A red bottle on a coaster on red background with palm shadows.png
"A green bottle on a wooden coaster on a light green surface, in front of a white background_2.png","A green bottle on a wooden coaster on a light green surface, in front of a white background"
A red bottle on a coaster on red background with palm leaves shadows.png,A red bottle on a coaster on red background with palm leaves shadows.png
"A yellow perfume bottle on a wooden coaster on a yellow surface, in front of a yellow background, shadow of palm leaf on background_3.png","A yellow perfume bottle on a wooden coaster on a yellow surface, in front of a yellow background, shadow of palm leaf on background"
"A purple bottle on a wooden coaster on a purple surface, in front of a white background_2.png","A purple bottle on a wooden coaster on a purple surface, in front of a white background"
"A red shampoo bottle on a wooden coaster on a red surface, in front of a white background, shadow of palm leaf on background_1.png","A red shampoo bottle on a wooden coaster on a red surface, in front of a white background, shadow of palm leaf on background"
"A yellow perfume bottle on a wooden coaster on a yellow surface, in front of a white background, shadow of palm leaf on background_1.png","A yellow perfume bottle on a wooden coaster on a yellow surface, in front of a white background, shadow of palm leaf on background"
"A purple bottle on a wooden coaster on a purple surface, in front of a white background_1.png","A purple bottle on a wooden coaster on a purple surface, in front of a white background"
"A purple bottle on a wooden coaster on a purple surface, in front of a white background, minimal shadow of palm leaf on white background_3.png","A purple bottle on a wooden coaster on a purple surface, in front of a white background, minimal shadow of palm leaf on white background"
"A purple bottle on a wooden coaster on a purple surface, in front of a white background, minimal shadow of palm leaf on white background_1.png","A purple bottle on a wooden coaster on a purple surface, in front of a white background, minimal shadow of palm leaf on white background"
"A green bottle on a wooden coaster on a light green surface, in front of a white background_1.png","A green bottle on a wooden coaster on a light green surface, in front of a white background"
"A yellow perfume bottle on a wooden coaster on a yellow surface, in front of a white background, shadow of palm leaf on background_2.png","A yellow perfume bottle on a wooden coaster on a yellow surface, in front of a white background, shadow of palm leaf on background"
