image_file,caption
"A perfume bottle standing on desert sand with some white flowers, sunset in the background_8.png","A perfume bottle standing on desert sand with some white flowers, sunset in the background"
"A perfume bottle standing on desert sand with some white flowers, sunset in the background_20.png","A perfume bottle standing on desert sand with some white flowers, sunset in the background"
"A perfume bottle standing on desert sand with some white flowers, sunset in the background_9.png","A perfume bottle standing on desert sand with some white flowers, sunset in the background"
"A perfume bottle standing on desert sand with some white flowers, sunset in the background_18.png","A perfume bottle standing on desert sand with some white flowers, sunset in the background"
"A perfume bottle standing on desert sand with some white flowers, sunset in the background_19.png","A perfume bottle standing on desert sand with some white flowers, sunset in the background"
aseem007_close_up_of_a_brown_perfume_bottle_in_a_desert_tiny__a392a4fa-d7c3-4db1-92b2-a80c2b3526f5_2.png,aseem007 close up of a brown perfume bottle in a desert tiny  a392a4fa-d7c3-4db1-92b2-a80c2b3526f5
aseem007_close_up_of_a_brown_perfume_bottle_in_a_desert_tiny__a392a4fa-d7c3-4db1-92b2-a80c2b3526f5_3.png,aseem007 close up of a brown perfume bottle in a desert tiny  a392a4fa-d7c3-4db1-92b2-a80c2b3526f5
"A perfume bottle standing on desert sand with some white flowers, sunset in the background_2.png","A perfume bottle standing on desert sand with some white flowers, sunset in the background"
"A perfume bottle standing on desert sand with some white flowers, sunset in the background_17.png","A perfume bottle standing on desert sand with some white flowers, sunset in the background"
"A perfume bottle standing on desert sand with some white flowers, sunset in the background_16.png","A perfume bottle standing on desert sand with some white flowers, sunset in the background"
"A perfume bottle standing on desert sand with some white flowers, sunset in the background_3.png","A perfume bottle standing on desert sand with some white flowers, sunset in the background"
"A perfume bottle standing on desert sand with some white flowers, sunset in the background_1.png","A perfume bottle standing on desert sand with some white flowers, sunset in the background"
"A perfume bottle standing on desert sand with some white flowers, sunset in the background_14.png","A perfume bottle standing on desert sand with some white flowers, sunset in the background"
"A perfume bottle standing on desert sand with some white flowers, sunset in the background_15.png","A perfume bottle standing on desert sand with some white flowers, sunset in the background"
"A perfume bottle standing on desert sand with some white flowers, sunset in the background_4.png","A perfume bottle standing on desert sand with some white flowers, sunset in the background"
"A perfume bottle standing on desert sand with some white flowers, sunset in the background_11.png","A perfume bottle standing on desert sand with some white flowers, sunset in the background"
"A perfume bottle standing on desert sand with some white flowers, sunset in the background_10.png","A perfume bottle standing on desert sand with some white flowers, sunset in the background"
"A perfume bottle standing on desert sand with some white flowers, sunset in the background_5.png","A perfume bottle standing on desert sand with some white flowers, sunset in the background"
"A perfume bottle standing on desert sand with some white flowers, sunset in the background_7.png","A perfume bottle standing on desert sand with some white flowers, sunset in the background"
"A perfume bottle standing on desert sand with some white flowers, sunset in the background_13.png","A perfume bottle standing on desert sand with some white flowers, sunset in the background"
"A perfume bottle standing on desert sand with some white flowers, sunset in the background_6.png","A perfume bottle standing on desert sand with some white flowers, sunset in the background"
