image_file,caption
"closeup, a serum bottle placed on top of a black counter, black background ,food photography_14.png","closeup, a serum bottle placed on top of a black counter, black background ,food photography"
"closeup, a blueberry shake placed on top of a black counter, black background ,food photography_5.png","closeup, a blueberry shake placed on top of a black counter, black background ,food photography"
"closeup, a serum bottle placed on top of a black counter, black background ,food photography_12.png","closeup, a serum bottle placed on top of a black counter, black background ,food photography"
"closeup, a serum bottle placed on top of a black counter, black background ,food photography_13.png","closeup, a serum bottle placed on top of a black counter, black background ,food photography"
"closeup, a blueberry shake placed on top of a black counter, black background ,food photography_4.png","closeup, a blueberry shake placed on top of a black counter, black background ,food photography"
"closeup, a blueberry shake placed on top of a black counter, black background ,food photography_6.png","closeup, a blueberry shake placed on top of a black counter, black background ,food photography"
"closeup, a blueberry shake placed on top of a black counter, black background ,food photography_7.png","closeup, a blueberry shake placed on top of a black counter, black background ,food photography"
"A burger placed on top of a black counter, black background , food photography _1.png","A burger placed on top of a black counter, black background , food photography "
"A burger placed on top of a black counter, black background , food photography _0.png","A burger placed on top of a black counter, black background , food photography "
"A burger placed on top of a black counter, black background , food photography _2.png","A burger placed on top of a black counter, black background , food photography "
"A burger placed on top of a black counter, black background , food photography _3.png","A burger placed on top of a black counter, black background , food photography "
"closeup, a french fries basket placed on top of a black counter, black background ,food photography_10.png","closeup, a french fries basket placed on top of a black counter, black background ,food photography"
"closeup, a french fries basket placed on top of a black counter, black background ,food photography_11.png","closeup, a french fries basket placed on top of a black counter, black background ,food photography"
"closeup, a french fries basket placed on top of a black counter, black background ,food photography_8.png","closeup, a french fries basket placed on top of a black counter, black background ,food photography"
"closeup, a french fries basket placed on top of a black counter, black background ,food photography_9.png","closeup, a french fries basket placed on top of a black counter, black background ,food photography"
