image_file,caption
"A brown serum bottle on a rock in front of a waterfall, product shot_5.png","A brown serum bottle on a rock in front of a waterfall, product shot"
"A blue cosmetic jar on a rock in front of a waterfall, product shot_1.png","A blue cosmetic jar on a rock in front of a waterfall, product shot"
"A brown serum bottle on a rock in front of a waterfall, product shot_4.png","A brown serum bottle on a rock in front of a waterfall, product shot"
"A brown serum bottle on a rock in front of a waterfall, product shot_6.png","A brown serum bottle on a rock in front of a waterfall, product shot"
"A brown serum bottle on a rock in front of a waterfall, product shot_3.png","A brown serum bottle on a rock in front of a waterfall, product shot"
"A wine bottle on a rock in front of a waterfall, product shot_7.png","A wine bottle on a rock in front of a waterfall, product shot"
"A blue cosmetic jar on a rock in front of a waterfall, product shot_0.png","A blue cosmetic jar on a rock in front of a waterfall, product shot"
"A wine bottle on a rock in front of a waterfall, product shot_9.png","A wine bottle on a rock in front of a waterfall, product shot"
"A wine bottle on a rock in front of a waterfall, product shot_8.png","A wine bottle on a rock in front of a waterfall, product shot"
"A blue cosmetic jar on a rock in front of a waterfall, product shot_2.png","A blue cosmetic jar on a rock in front of a waterfall, product shot"
