image_file,caption
"product photoshoot of a gold and diamond bracelet on black shiny textured surface, pitch black background, studio setting, close up shot, minimal, elegant, plain_0.png","product photoshoot of a gold and diamond bracelet on black shiny textured surface, pitch black background, studio setting, close up shot, minimal, elegant, plain"
"product photoshoot of a gold and diamond bracelet on black shiny textured surface, pitch black background, studio setting, close up shot, minimal, elegant, plain_1.png","product photoshoot of a gold and diamond bracelet on black shiny textured surface, pitch black background, studio setting, close up shot, minimal, elegant, plain"
"product photoshoot of a gold and diamond jewellery on black shiny textured surface, black background, studio setting, close up shot, minimal, elegant, plain_2.png","product photoshoot of a gold and diamond jewellery on black shiny textured surface, black background, studio setting, close up shot, minimal, elegant, plain"
"product photoshoot of a gold and diamond jewellery on black shiny textured surface, black background, studio setting, close up shot, minimal, elegant, plain_3.png","product photoshoot of a gold and diamond jewellery on black shiny textured surface, black background, studio setting, close up shot, minimal, elegant, plain"
"product photoshoot of a gold and diamond neck jewellery on black shiny textured surface, pitch black background, studio setting, close up shot, minimal, elegant, plain_4.png","product photoshoot of a gold and diamond neck jewellery on black shiny textured surface, pitch black background, studio setting, close up shot, minimal, elegant, plain"
"product photoshoot of a gold and diamond necklace on black shiny textured surface, pitch black background, studio setting, close up shot, minimal, elegant, plain_5.png","product photoshoot of a gold and diamond necklace on black shiny textured surface, pitch black background, studio setting, close up shot, minimal, elegant, plain"
"product photoshoot of a gold and diamond necklace on black shiny textured surface, pitch black background, studio setting, close up shot, minimal, elegant, plain_6.png","product photoshoot of a gold and diamond necklace on black shiny textured surface, pitch black background, studio setting, close up shot, minimal, elegant, plain"
"product photoshoot of a gold and diamond necklace on black shiny textured surface, pitch black background, studio setting, close up shot, minimal, elegant, plain_7.png","product photoshoot of a gold and diamond necklace on black shiny textured surface, pitch black background, studio setting, close up shot, minimal, elegant, plain"
"product photoshoot of a gold and diamond necklace on black shiny textured surface, pitch black background, studio setting, close up shot, minimal, elegant, plain_8.png","product photoshoot of a gold and diamond necklace on black shiny textured surface, pitch black background, studio setting, close up shot, minimal, elegant, plain"
"product photoshoot of a gold and diamond ring on black shiny textured surface, pitch black background, studio setting, close up shot, minimal, elegant, plain_10.png","product photoshoot of a gold and diamond ring on black shiny textured surface, pitch black background, studio setting, close up shot, minimal, elegant, plain"
"product photoshoot of a gold and diamond ring on black shiny textured surface, pitch black background, studio setting, close up shot, minimal, elegant, plain_9.png","product photoshoot of a gold and diamond ring on black shiny textured surface, pitch black background, studio setting, close up shot, minimal, elegant, plain"
