image_file,caption
"A top angle photograph of pink lotion bottle standing in green dark sand, Nikon D610, 85mm lens, f8._7.png","A top angle photograph of pink lotion bottle standing in green dark sand, Nikon D610, 85mm lens, f8."
"A top angle photograph of brown serum bottle standing in green dark sand, Nikon D610, 85mm lens, f8._5.png","A top angle photograph of brown serum bottle standing in green dark sand, Nikon D610, 85mm lens, f8."
"A top angle photograph of wine bottle standing in green dark sand, Nikon D610, 85mm lens, f8._8.png","A top angle photograph of wine bottle standing in green dark sand, Nikon D610, 85mm lens, f8."
"A top angle photograph of wine bottle standing in green dark sand, Nikon D610, 85mm lens, f8._9.png","A top angle photograph of wine bottle standing in green dark sand, Nikon D610, 85mm lens, f8."
"A top angle photograph of pink lotion bottle standing in green dark sand, Nikon D610, 85mm lens, f8._6.png","A top angle photograph of pink lotion bottle standing in green dark sand, Nikon D610, 85mm lens, f8."
"A top angle photograph of wine bottle standing in green dark sand, Nikon D610, 85mm lens, f8._10.png","A top angle photograph of wine bottle standing in green dark sand, Nikon D610, 85mm lens, f8."
"A top angle photograph of brown serum bottle standing in green dark sand, Nikon D610, 85mm lens, f8._4.png","A top angle photograph of brown serum bottle standing in green dark sand, Nikon D610, 85mm lens, f8."
"A top angle photograph of a white cream tube standing in green dark sand, Nikon D610, 85mm lens, f8._0.png","A top angle photograph of a white cream tube standing in green dark sand, Nikon D610, 85mm lens, f8."
"A top angle photograph of blue skincare tube standing in green dark sand, Nikon D610, 85mm lens, f8._2.png","A top angle photograph of blue skincare tube standing in green dark sand, Nikon D610, 85mm lens, f8."
"A top angle photograph of blue skincare tube standing in green dark sand, Nikon D610, 85mm lens, f8._3.png","A top angle photograph of blue skincare tube standing in green dark sand, Nikon D610, 85mm lens, f8."
"A top angle photograph of a white cream tube standing in green dark sand, Nikon D610, 85mm lens, f8._1.png","A top angle photograph of a white cream tube standing in green dark sand, Nikon D610, 85mm lens, f8."
