image_file,caption
"a closeup photo of a blue perfume bottle standing on a stain steel rectangular platform attached on a tiled white bathroom wall, front view shot_0.png","a closeup photo of a blue perfume bottle standing on a stain steel rectangular platform attached on a tiled white bathroom wall, front view shot"
"a closeup photo of a brown powder bottle with plain white cap standing on a stain steel rectangular platform attached on a tiled white bathroom wall, front view shot_1.png","a closeup photo of a brown powder bottle with plain white cap standing on a stain steel rectangular platform attached on a tiled white bathroom wall, front view shot"
"a closeup photo of a brown serum bottle standing on a stain steel rectangular platform attached on a tiled white bathroom wall, front view shot_2.png","a closeup photo of a brown serum bottle standing on a stain steel rectangular platform attached on a tiled white bathroom wall, front view shot"
a closeup photo of a brown serum bottle standing on a stain steel soap holder attached on a tiled white bathroom wall_3.png,a closeup photo of a brown serum bottle standing on a stain steel soap holder attached on a tiled white bathroom wall
"a closeup photo of a pink skincare tube standing on a stain steel rectangular soap holder attached on a tiled white bathroom wall, side angle shot_4.png","a closeup photo of a pink skincare tube standing on a stain steel rectangular soap holder attached on a tiled white bathroom wall, side angle shot"
"a closeup photo of a small skincare tube standing on a stain steel rectangular platform attached on a tiled white bathroom wall, front view shot_5.png","a closeup photo of a small skincare tube standing on a stain steel rectangular platform attached on a tiled white bathroom wall, front view shot"
"a closeup photo of a solid red perfume bottle with white circular cap standing on a stain steel rectangular platform attached on a tiled white bathroom wall, front view shot_6.png","a closeup photo of a solid red perfume bottle with white circular cap standing on a stain steel rectangular platform attached on a tiled white bathroom wall, front view shot"
a closeup photo of a white lotion bottle standing on a stain steel soap holder attached on a tiled white bathroom wall_7.png,a closeup photo of a white lotion bottle standing on a stain steel soap holder attached on a tiled white bathroom wall
"a closeup photo of solid red water bottle with plain white cap standing on a stain steel rectangular platform attached on a tiled white bathroom wall, front view shot_8.png","a closeup photo of solid red water bottle with plain white cap standing on a stain steel rectangular platform attached on a tiled white bathroom wall, front view shot"
"a closeup photo of solid red water bottle with plain white cap standing on a stain steel rectangular platform attached on a tiled white bathroom wall, front view shot_9.png","a closeup photo of solid red water bottle with plain white cap standing on a stain steel rectangular platform attached on a tiled white bathroom wall, front view shot"
