image_file,caption
A yellow skincare tube on a white background with green plants patterns on background_10.png,A yellow skincare tube on a white background with green plants patterns on background
A brown serum bottle on a white background with brown plants patterns on background_0.png,A brown serum bottle on a white background with brown plants patterns on background
A brown serum bottle on a white background with brown plants patterns on background_1.png,A brown serum bottle on a white background with brown plants patterns on background
A wine bottle on a white background with brown plants patterns on background_8.png,A wine bottle on a white background with brown plants patterns on background
A red perfume bottle on a white background with red plants patterns on background_3.png,A red perfume bottle on a white background with red plants patterns on background
A yellow skincare tube on a white background with green plants patterns on background_9.png,A yellow skincare tube on a white background with green plants patterns on background
A red perfume bottle on a white background with red plants patterns on background_4.png,A red perfume bottle on a white background with red plants patterns on background
A wine bottle on a white background with brown plants patterns on background_7.png,A wine bottle on a white background with brown plants patterns on background
A red perfume bottle on a white background with red plants patterns on background_5.png,A red perfume bottle on a white background with red plants patterns on background
A wine bottle on a white background with brown plants patterns on background_6.png,A wine bottle on a white background with brown plants patterns on background
A brown serum bottle on a white background with brown plants patterns on background_2.png,A brown serum bottle on a white background with brown plants patterns on background
