image_file,caption
"a black chair sitting in a desolate area, true photography, intricate, cinematic, hyperdetailed_0.png","a black chair sitting in a desolate area, true photography, intricate, cinematic, hyperdetailed"
"a black chair sitting in a desolate area, true photography, intricate, cinematic, hyperdetailed_1.png","a black chair sitting in a desolate area, true photography, intricate, cinematic, hyperdetailed"
"a green sofa chair sitting in a desolate area, true photography, intricate, cinematic, hyperdetailed_2.png","a green sofa chair sitting in a desolate area, true photography, intricate, cinematic, hyperdetailed"
"a wooden chair sitting in a desolate area, true photography, intricate, cinematic, hyperdetailed_4.png","a wooden chair sitting in a desolate area, true photography, intricate, cinematic, hyperdetailed"
"a wooden chair sitting in a desolate area, true photography, intricate, cinematic, hyperdetailed_5.png","a wooden chair sitting in a desolate area, true photography, intricate, cinematic, hyperdetailed"
"a yellow beanbag sitting in a desolate area, true photography, intricate, cinematic, hyperdetailed_6.png","a yellow beanbag sitting in a desolate area, true photography, intricate, cinematic, hyperdetailed"
"a yellow beanbag sitting in a desolate area, true photography, intricate, cinematic, hyperdetailed_7.png","a yellow beanbag sitting in a desolate area, true photography, intricate, cinematic, hyperdetailed"
