image_file,caption
"closeup, a black backpack on a block platform on sand , brown orange sky background, some black rocks on sides_0.png","closeup, a black backpack on a block platform on sand , brown orange sky background, some black rocks on sides"
"closeup, a wine bottle on a block platform on sand , brown orange sky background, some black rocks on sides_8.png","closeup, a wine bottle on a block platform on sand , brown orange sky background, some black rocks on sides"
"closeup, a blue bottle on a block platform on sand , brown orange sky background, some black rocks on sides_2.png","closeup, a blue bottle on a block platform on sand , brown orange sky background, some black rocks on sides"
"closeup, a serum bottle on a block platform on sand , brown orange sky background, some black rocks on sides_7.png","closeup, a serum bottle on a block platform on sand , brown orange sky background, some black rocks on sides"
"closeup, a serum bottle on a block platform on sand , brown orange sky background, some black rocks on sides_5.png","closeup, a serum bottle on a block platform on sand , brown orange sky background, some black rocks on sides"
"closeup, a wine bottle on a block platform on sand , brown orange sky background, some black rocks on sides_9.png","closeup, a wine bottle on a block platform on sand , brown orange sky background, some black rocks on sides"
"closeup, a serum bottle on a block platform on sand , brown orange sky background, some black rocks on sides_6.png","closeup, a serum bottle on a block platform on sand , brown orange sky background, some black rocks on sides"
"closeup, a black backpack on a block platform on sand , brown orange sky background, some black rocks on sides_1.png","closeup, a black backpack on a block platform on sand , brown orange sky background, some black rocks on sides"
"closeup, a golden perfume on a block platform on sand in front of a block accessory with black railing, brown orange sky background, some black rocks on sides_3.png","closeup, a golden perfume on a block platform on sand in front of a block accessory with black railing, brown orange sky background, some black rocks on sides"
"closeup, a serum bottle on a block platform on sand , brown orange sky background, some black rocks on sides_4.png","closeup, a serum bottle on a block platform on sand , brown orange sky background, some black rocks on sides"
"closeup, a wine bottle on a block platform on sand , brown orange sky background, some black rocks on sides_10.png","closeup, a wine bottle on a block platform on sand , brown orange sky background, some black rocks on sides"
