image_file,caption
"A wine bottle on white striped cloth on a grey counter top, grapes and fruits on counter, top down_10.png","A wine bottle on white striped cloth on a grey counter top, grapes and fruits on counter, top down"
"A bowl of fruits on white striped cloth on a grey counter top, spice and herbs on counter, top down_4.png","A bowl of fruits on white striped cloth on a grey counter top, spice and herbs on counter, top down"
"A wine bottle on white striped cloth on a grey counter top, grapes and fruits on counter, top down_11.png","A wine bottle on white striped cloth on a grey counter top, grapes and fruits on counter, top down"
"A wine bottle on white striped cloth on a grey counter top, grapes and fruits on counter, top down_8.png","A wine bottle on white striped cloth on a grey counter top, grapes and fruits on counter, top down"
"A bowl of fruits on white striped cloth on a grey counter top, spice and herbs on counter, top down_5.png","A bowl of fruits on white striped cloth on a grey counter top, spice and herbs on counter, top down"
"A bowl of vegetables on white striped cloth on a grey counter top, spice and herbs on counter, top down_7.png","A bowl of vegetables on white striped cloth on a grey counter top, spice and herbs on counter, top down"
"A wine bottle on white striped cloth on a grey counter top, grapes and fruits on counter, top down_9.png","A wine bottle on white striped cloth on a grey counter top, grapes and fruits on counter, top down"
"A black bowl with food on white striped cloth on a grey counter top, spice and herbs on counter, top down_1.png","A black bowl with food on white striped cloth on a grey counter top, spice and herbs on counter, top down"
"A black bowl with food on white striped cloth on a grey counter top, spice and herbs on counter, top down_3.png","A black bowl with food on white striped cloth on a grey counter top, spice and herbs on counter, top down"
"A black bowl with food on white striped cloth on a grey counter top, spice and herbs on counter, top down_0.png","A black bowl with food on white striped cloth on a grey counter top, spice and herbs on counter, top down"
"A black bowl with food on white striped cloth on a grey counter top, spice and herbs on counter, top down_2.png","A black bowl with food on white striped cloth on a grey counter top, spice and herbs on counter, top down"
"A bowl of vegetables on white striped cloth on a grey counter top, spice and herbs on counter, top down_6.png","A bowl of vegetables on white striped cloth on a grey counter top, spice and herbs on counter, top down"
