image_file,caption
"product photograph of a blue perfume bottle on corner of white rectangular platform, with orange background and orange lily flowers on its sides, close up shot_1.png","product photograph of a blue perfume bottle on corner of white rectangular platform, with orange background and orange lily flowers on its sides, close up shot"
"product photograph of a brown serum bottle on corner of white rectangular platform, with orange background and orange lily flowers on its sides, close up shot_3.png","product photograph of a brown serum bottle on corner of white rectangular platform, with orange background and orange lily flowers on its sides, close up shot"
"product photograph of a pink skincare tube on corner of white rectangular platform, with orange background and orange lily flowers on its sides, close up shot_5.png","product photograph of a pink skincare tube on corner of white rectangular platform, with orange background and orange lily flowers on its sides, close up shot"
"product photograph of a powder bottle on corner of white rectangular platform, with orange background and orange lily flowers on its sides, close up shot_7.png","product photograph of a powder bottle on corner of white rectangular platform, with orange background and orange lily flowers on its sides, close up shot"
"product photograph of a facewash bottle on corner of white rectangular platform, with orange background and orange lily flowers on its sides, close up shot_4.png","product photograph of a facewash bottle on corner of white rectangular platform, with orange background and orange lily flowers on its sides, close up shot"
"product photograph of a brown serum bottle on a white platform, with orange background and orange lily flowers on its sides, close up shot_2.png","product photograph of a brown serum bottle on a white platform, with orange background and orange lily flowers on its sides, close up shot"
"product photograph of a yellow bottle with white cap on corner of white rectangular platform, with orange background and orange lily flowers on its sides, close up shot_10.png","product photograph of a yellow bottle with white cap on corner of white rectangular platform, with orange background and orange lily flowers on its sides, close up shot"
"product photograph of a powder bottle on corner of white rectangular platform, with orange background and orange lily flowers on its sides, close up shot_8.png","product photograph of a powder bottle on corner of white rectangular platform, with orange background and orange lily flowers on its sides, close up shot"
"product photograph of a yellow bottle with white cap on corner of white rectangular platform, with orange background and orange lily flowers on its sides, close up shot_9.png","product photograph of a yellow bottle with white cap on corner of white rectangular platform, with orange background and orange lily flowers on its sides, close up shot"
"product photograph of a blue perfume bottle on corner of white rectangular platform, with orange background and orange lily flowers on its sides, close up shot_0.png","product photograph of a blue perfume bottle on corner of white rectangular platform, with orange background and orange lily flowers on its sides, close up shot"
"product photograph of a pink skincare tube on corner of white rectangular platform, with orange background and orange lily flowers on its sides, close up shot_6.png","product photograph of a pink skincare tube on corner of white rectangular platform, with orange background and orange lily flowers on its sides, close up shot"
