image_file,caption
A brown serum bottle on a grey surface in front of a wall with graffiti_3.png,A brown serum bottle on a grey surface in front of a wall with graffiti
A black backpack on a grey surface in front of a wall with graffiti_0.png,A black backpack on a grey surface in front of a wall with graffiti
A black backpack on a grey surface in front of a wall with graffiti_1.png,A black backpack on a grey surface in front of a wall with graffiti
A brown serum bottle on a grey surface in front of a wall with graffiti_2.png,A brown serum bottle on a grey surface in front of a wall with graffiti
A coffee can on a grey surface in front of a wall with graffiti_4.png,A coffee can on a grey surface in front of a wall with graffiti
A wine bottle on a grey surface in front of a wall with graffiti_9.png,A wine bottle on a grey surface in front of a wall with graffiti
