image_file,caption
"A black pan with rice on white striped cloth on a grey counter top, herbs on counter_3.png","A black pan with rice on white striped cloth on a grey counter top, herbs on counter"
"A white bowl with vegetables on white striped cloth on a grey counter top, herbs on counter_2.png","A white bowl with vegetables on white striped cloth on a grey counter top, herbs on counter"
"A white bowl on white striped cloth on a grey counter top, herbs on counter_2.png","A white bowl on white striped cloth on a grey counter top, herbs on counter"
"A black bowl with food on white striped cloth on a grey counter top, herbs on counter_1.png","A black bowl with food on white striped cloth on a grey counter top, herbs on counter"
"A white bowl with vegetables on white striped cloth on a grey counter top, herbs on counter_3.png","A white bowl with vegetables on white striped cloth on a grey counter top, herbs on counter"
"A white bowl on white striped cloth on a grey counter top, herbs on counter_3.png","A white bowl on white striped cloth on a grey counter top, herbs on counter"
"A black pan with rice on white striped cloth on a grey counter top, herbs on counter_1.png","A black pan with rice on white striped cloth on a grey counter top, herbs on counter"
"A black pan with rice on white striped cloth on a grey counter top, herbs on counter_2.png","A black pan with rice on white striped cloth on a grey counter top, herbs on counter"
"A white bowl on white striped cloth on a grey counter top, herbs on counter_1.png","A white bowl on white striped cloth on a grey counter top, herbs on counter"
"A black pan with rice on white striped cloth on a grey counter top, herbs on counter_4.png","A black pan with rice on white striped cloth on a grey counter top, herbs on counter"
"A white bowl with vegetables on white striped cloth on a grey counter top, herbs on counter_4.png","A white bowl with vegetables on white striped cloth on a grey counter top, herbs on counter"
"A black bowl with food on white striped cloth on a grey counter top, herbs on counter_2.png","A black bowl with food on white striped cloth on a grey counter top, herbs on counter"
"A white bowl with vegetables on white striped cloth on a grey counter top, herbs on counter_1.png","A white bowl with vegetables on white striped cloth on a grey counter top, herbs on counter"
