image_file,caption
"brown wooden chair, kept in a beige, empty room, minimal background, earthy tones, a plant in the side, product shoot_4.png","brown wooden chair, kept in a beige, empty room, minimal background, earthy tones, a plant in the side, product shoot"
"bean bag, kept in a beige, empty room, minimal background, earthy tones, a plant in the side, product shoot_3.png","bean bag, kept in a beige, empty room, minimal background, earthy tones, a plant in the side, product shoot"
"brown wooden chair, kept in a beige, empty room, minimal background, earthy tones, a plant in the side, product shoot_3.png","brown wooden chair, kept in a beige, empty room, minimal background, earthy tones, a plant in the side, product shoot"
"luxury couch, kept in a beige, empty room, minimal background, earthy tones, a plant in the side, product shoot_2.png","luxury couch, kept in a beige, empty room, minimal background, earthy tones, a plant in the side, product shoot"
"brown wooden chair, kept in a beige, empty room, minimal background, earthy tones, a plant in the side, product shoot_1.png","brown wooden chair, kept in a beige, empty room, minimal background, earthy tones, a plant in the side, product shoot"
"brown wooden chair, kept in a beige, empty room, minimal background, earthy tones, a plant in the side, product shoot_2.png","brown wooden chair, kept in a beige, empty room, minimal background, earthy tones, a plant in the side, product shoot"
"luxury couch, kept in a beige, empty room, minimal background, earthy tones, a plant in the side, product shoot_1.png","luxury couch, kept in a beige, empty room, minimal background, earthy tones, a plant in the side, product shoot"
"bean bag, kept in a beige, empty room, minimal background, earthy tones, a plant in the side, product shoot_1.png","bean bag, kept in a beige, empty room, minimal background, earthy tones, a plant in the side, product shoot"
"bean bag, kept in a beige, empty room, minimal background, earthy tones, a plant in the side, product shoot_4.png","bean bag, kept in a beige, empty room, minimal background, earthy tones, a plant in the side, product shoot"
"luxury couch, kept in a beige, empty room, minimal background, earthy tones, a plant in the side, product shoot_3.png","luxury couch, kept in a beige, empty room, minimal background, earthy tones, a plant in the side, product shoot"
"luxury couch, kept in a beige, empty room, minimal background, earthy tones, a plant in the side, product shoot_4.png","luxury couch, kept in a beige, empty room, minimal background, earthy tones, a plant in the side, product shoot"
"bean bag, kept in a beige, empty room, minimal background, earthy tones, a plant in the side, product shoot_2.png","bean bag, kept in a beige, empty room, minimal background, earthy tones, a plant in the side, product shoot"
