image_file,caption
"A blue perfume standing on platform in front of a model wearing purple dress catwalking on a runway, background is blur_3.png","A blue perfume standing on platform in front of a model wearing purple dress catwalking on a runway, background is blur"
"A brown serum bottle standing on platform in front of a model wearing purple dress catwalking on a runway, background is blur_9.png","A brown serum bottle standing on platform in front of a model wearing purple dress catwalking on a runway, background is blur"
"A blue perfume standing on platform in front of a model wearing purple dress catwalking on a runway, background is blur_2.png","A blue perfume standing on platform in front of a model wearing purple dress catwalking on a runway, background is blur"
"A brown serum bottle standing on platform in front of a model wearing purple dress catwalking on a runway, background is blur_7.png","A brown serum bottle standing on platform in front of a model wearing purple dress catwalking on a runway, background is blur"
"A brown serum bottle standing on platform in front of a model wearing purple dress catwalking on a runway, background is blur_6.png","A brown serum bottle standing on platform in front of a model wearing purple dress catwalking on a runway, background is blur"
"A black water bottle standing on platform in front of a model wearing purple dress catwalking on a runway, background is blur_0.png","A black water bottle standing on platform in front of a model wearing purple dress catwalking on a runway, background is blur"
"A brown serum bottle standing on platform in front of a model wearing purple dress catwalking on a runway, background is blur_8.png","A brown serum bottle standing on platform in front of a model wearing purple dress catwalking on a runway, background is blur"
"A black water bottle standing on platform in front of a model wearing purple dress catwalking on a runway, background is blur_1.png","A black water bottle standing on platform in front of a model wearing purple dress catwalking on a runway, background is blur"
"A blue perfume standing on platform in front of a model wearing purple dress catwalking on a runway, background is blur_5.png","A blue perfume standing on platform in front of a model wearing purple dress catwalking on a runway, background is blur"
"A blue perfume standing on platform in front of a model wearing purple dress catwalking on a runway, background is blur_4.png","A blue perfume standing on platform in front of a model wearing purple dress catwalking on a runway, background is blur"
