image_file,caption
"A brown serum bottle on a wooden tray on a white counter, white tiled background, front angle shot, minimal_5.png","A brown serum bottle on a wooden tray on a white counter, white tiled background, front angle shot, minimal"
"A pink skincare tube on a wooden tray on a white counter, white tiled background, front angle shot, minimal_7.png","A pink skincare tube on a wooden tray on a white counter, white tiled background, front angle shot, minimal"
"A blue shampoo bottle on a wooden tray on a white counter, white tiled background, front angle shot, minimal_1.png","A blue shampoo bottle on a wooden tray on a white counter, white tiled background, front angle shot, minimal"
"A white lotion bottle on a wooden tray on a white counter, white tiled background, front angle shot, minimal_8.png","A white lotion bottle on a wooden tray on a white counter, white tiled background, front angle shot, minimal"
"A brown perfume bottle on a wooden tray on a white counter, white tiled background, high angle shot, minimal_3.png","A brown perfume bottle on a wooden tray on a white counter, white tiled background, high angle shot, minimal"
"A brown serum bottle on a wooden tray on a white counter, white tiled background, front angle shot, minimal_4.png","A brown serum bottle on a wooden tray on a white counter, white tiled background, front angle shot, minimal"
"A pink skincare tube on a wooden tray on a white counter, white tiled background, front angle shot, minimal_6.png","A pink skincare tube on a wooden tray on a white counter, white tiled background, front angle shot, minimal"
"A brown perfume bottle on a wooden tray on a white counter, white tiled background, high angle shot, minimal_2.png","A brown perfume bottle on a wooden tray on a white counter, white tiled background, high angle shot, minimal"
"A white lotion bottle on a wooden tray on a white counter, white tiled background, front angle shot, minimal_9.png","A white lotion bottle on a wooden tray on a white counter, white tiled background, front angle shot, minimal"
"A blue shampoo bottle on a wooden tray on a white counter, white tiled background, front angle shot, minimal_0.png","A blue shampoo bottle on a wooden tray on a white counter, white tiled background, front angle shot, minimal"
