image_file,caption
A sleek dropper bottle of mango hydrating serum with some mint leaves and mango slices scattered around stands on a sunny patio table_23.png,A sleek dropper bottle of mango hydrating serum with some mint leaves and mango slices scattered around stands on a sunny patio table
"A wine glass, garnished with a mango slice and mint leaves, stands on a sunny patio table_18.png","A wine glass, garnished with a mango slice and mint leaves, stands on a sunny patio table"
"A tall glass of mango-flavored iced tea, garnished with a mango slice and mint leaves, stands on a sunny patio table_17.png","A tall glass of mango-flavored iced tea, garnished with a mango slice and mint leaves, stands on a sunny patio table"
A clear plastic cup of mango drink with some mint leaves and mango slices scattered around stands on a sunny patio table_22.png,A clear plastic cup of mango drink with some mint leaves and mango slices scattered around stands on a sunny patio table
A glass bottle of mango juice with some mint leaves and mango slices scattered around stands on a sunny patio table_20.png,A glass bottle of mango juice with some mint leaves and mango slices scattered around stands on a sunny patio table
A glass bottle of mango juice with some mint leaves and mango slices scattered around stands on a sunny patio table_19.png,A glass bottle of mango juice with some mint leaves and mango slices scattered around stands on a sunny patio table
A sleek serum bottle with some mint leaves and mango slices scattered around stands on a sunny patio table_24.png,A sleek serum bottle with some mint leaves and mango slices scattered around stands on a sunny patio table
A clear plastic cup of mango drink with some mint leaves and mango slices scattered around stands on a sunny patio table_21.png,A clear plastic cup of mango drink with some mint leaves and mango slices scattered around stands on a sunny patio table
