image_file,caption
"closeup, studio photography of sunglasses standing on natural white stone as pedestal, solid white minimal studio background, shadows_9.png","closeup, studio photography of sunglasses standing on natural white stone as pedestal, solid white minimal studio background, shadows"
"closeup, studio photography of sunglasses standing on natural white stone as pedestal, solid white minimal studio background, shadows_10.png","closeup, studio photography of sunglasses standing on natural white stone as pedestal, solid white minimal studio background, shadows"
"closeup, studio photography, high angle shot of a brown perfume bottle standing on natural white stone as pedestal, solid white minimal studio background, shadows_12.png","closeup, studio photography, high angle shot of a brown perfume bottle standing on natural white stone as pedestal, solid white minimal studio background, shadows"
"studio photography of a serum bottle standing on natural white stone as pedestal, solid white minimal studio background, shadows_14.png","studio photography of a serum bottle standing on natural white stone as pedestal, solid white minimal studio background, shadows"
"closeup, studio photography, high angle shot of a brown perfume bottle standing on natural white stone as pedestal, solid white minimal studio background, shadows_13.png","closeup, studio photography, high angle shot of a brown perfume bottle standing on natural white stone as pedestal, solid white minimal studio background, shadows"
"studio photography of a serum bottle standing on natural white stone as pedestal, solid white minimal studio background, shadows_15.png","studio photography of a serum bottle standing on natural white stone as pedestal, solid white minimal studio background, shadows"
"closeup, studio photography, high angle shot of a brown perfume bottle standing on natural white stone as pedestal, solid white minimal studio background, shadows_11.png","closeup, studio photography, high angle shot of a brown perfume bottle standing on natural white stone as pedestal, solid white minimal studio background, shadows"
"closeup, studio photography of a wine bottle standing on natural white stone as pedestal, solid white minimal studio background, shadows_3.png","closeup, studio photography of a wine bottle standing on natural white stone as pedestal, solid white minimal studio background, shadows"
"closeup, studio photography of a wine bottle standing on natural white stone as pedestal, solid white minimal studio background, shadows_4.png","closeup, studio photography of a wine bottle standing on natural white stone as pedestal, solid white minimal studio background, shadows"
"closeup, studio photography of a blue skincare tube standing on natural white stone as pedestal, solid white minimal studio background, shadows_1.png","closeup, studio photography of a blue skincare tube standing on natural white stone as pedestal, solid white minimal studio background, shadows"
"closeup, studio photography of a blue skincare tube standing on natural white stone as pedestal, solid white minimal studio background, shadows_0.png","closeup, studio photography of a blue skincare tube standing on natural white stone as pedestal, solid white minimal studio background, shadows"
"studio photography of a serum bottle standing on natural white stone as pedestal, solid white minimal studio background, shadows_16.png","studio photography of a serum bottle standing on natural white stone as pedestal, solid white minimal studio background, shadows"
"closeup, studio photography of a yellow lotion bottle standing on natural white stone as pedestal, solid white minimal studio background, shadows_6.png","closeup, studio photography of a yellow lotion bottle standing on natural white stone as pedestal, solid white minimal studio background, shadows"
"closeup, studio photography of a wine bottle standing on natural white stone as pedestal, solid white minimal studio background, shadows_2.png","closeup, studio photography of a wine bottle standing on natural white stone as pedestal, solid white minimal studio background, shadows"
"closeup, studio photography of a yellow lotion bottle standing on natural white stone as pedestal, solid white minimal studio background, shadows_7.png","closeup, studio photography of a yellow lotion bottle standing on natural white stone as pedestal, solid white minimal studio background, shadows"
"closeup, studio photography of a yellow lotion bottle standing on natural white stone as pedestal, solid white minimal studio background, shadows_5.png","closeup, studio photography of a yellow lotion bottle standing on natural white stone as pedestal, solid white minimal studio background, shadows"
"closeup, studio photography of sunglasses standing on natural white stone as pedestal, solid white minimal studio background, shadows_8.png","closeup, studio photography of sunglasses standing on natural white stone as pedestal, solid white minimal studio background, shadows"
