image_file,caption
"A brown backpack bottle standing on a rock, in front of a valley_3.png","A brown backpack bottle standing on a rock, in front of a valley"
"A brown serum bottle standing on a rock, in front of a valley_7.png","A brown serum bottle standing on a rock, in front of a valley"
"A brown backpack bottle standing on a rock, in front of a valley_0.png","A brown backpack bottle standing on a rock, in front of a valley"
"A green bottle standing on a rock, in front of a valley_10.png","A green bottle standing on a rock, in front of a valley"
"A brown serum bottle standing on a rock, in front of a valley_6.png","A brown serum bottle standing on a rock, in front of a valley"
"A green bottle standing on a rock, in front of a valley_8.png","A green bottle standing on a rock, in front of a valley"
"A green bottle standing on a rock, in front of a valley_9.png","A green bottle standing on a rock, in front of a valley"
"A brown serum bottle standing on a rock, in front of a valley_4.png","A brown serum bottle standing on a rock, in front of a valley"
"A brown backpack bottle standing on a rock, in front of a valley_2.png","A brown backpack bottle standing on a rock, in front of a valley"
"A brown backpack bottle standing on a rock, in front of a valley_1.png","A brown backpack bottle standing on a rock, in front of a valley"
"A green bottle standing on a rock, in front of a valley_11.png","A green bottle standing on a rock, in front of a valley"
"A brown serum bottle standing on a rock, in front of a valley_5.png","A brown serum bottle standing on a rock, in front of a valley"
