image_file,caption
"A pink bottle standing on a platform of strawberries, pink background.png","A pink bottle standing on a platform of strawberries, pink background.png"
A yellow juice bottle standing on stack of mango and mango slices on a green background_2.png,A yellow juice bottle standing on stack of mango and mango slices on a green background
"An orange bottle standing on a platform of orange slices, orange background.png","An orange bottle standing on a platform of orange slices, orange background.png"
A yellow juice bottle standing on stack of mango and mango slices on a green background.png,A yellow juice bottle standing on stack of mango and mango slices on a green background.png
"A yellow bottle standing on stack of pineapple and slices, blue background.png","A yellow bottle standing on stack of pineapple and slices, blue background.png"
A green bottle standing on stack of peaches and peach slices on a orange background_2.png,A green bottle standing on stack of peaches and peach slices on a orange background
An orange bottle standing on stack of orange and orange slices on a green background_2.png,An orange bottle standing on stack of orange and orange slices on a green background
A green bottle standing on stack of peaches and peach slices on a orange background.png,A green bottle standing on stack of peaches and peach slices on a orange background.png
"A red bottle standing on strawberry and strawberry slices, orange background_2.png","A red bottle standing on strawberry and strawberry slices, orange background"
A pink bottl standing on a papaya slice on beige background_3.png,A pink bottl standing on a papaya slice on beige background
A pink bottl standing on a papaya slice.png,A pink bottl standing on a papaya slice.png
"A red bottle standing on strawberry and strawberry slices, orange background_1.png","A red bottle standing on strawberry and strawberry slices, orange background"
An orange bottle standing on stack of orange and orange slices on a green background_1.png,An orange bottle standing on stack of orange and orange slices on a green background
"A yellow bottle standing on stack of pineapple and slices, blue background_3.png","A yellow bottle standing on stack of pineapple and slices, blue background"
A green bottle standing on stack of peaches and peach slices on a orange background_3.png,A green bottle standing on stack of peaches and peach slices on a orange background
"A yellow bottle standing on stack of pineapple and slices, blue background_2.png","A yellow bottle standing on stack of pineapple and slices, blue background"
A pink bottl standing on a papaya slice on beige background.png,A pink bottl standing on a papaya slice on beige background.png
