image_file,caption
"a peanut butter jar kept on a blue platform with an arch of white flower just above the bottle, product shoot_2.png","a peanut butter jar kept on a blue platform with an arch of white flower just above the bottle, product shoot"
"a perfume bottle kept on a blue platform with an arch of white flower just above the bottle, product shoot_3.png","a perfume bottle kept on a blue platform with an arch of white flower just above the bottle, product shoot"
"a peanut butter jar kept on a blue platform with an arch of white flower just above the bottle, product shoot_3.png","a peanut butter jar kept on a blue platform with an arch of white flower just above the bottle, product shoot"
"a soft drink can kept on a blue platform with an arch of white flower just above the bottle, product shoot_4.png","a soft drink can kept on a blue platform with an arch of white flower just above the bottle, product shoot"
"a soft drink can kept on a blue platform with an arch of white flower just above the bottle, product shoot_2.png","a soft drink can kept on a blue platform with an arch of white flower just above the bottle, product shoot"
"a soft drink can kept on a blue platform with an arch of white flower just above the bottle, product shoot_1.png","a soft drink can kept on a blue platform with an arch of white flower just above the bottle, product shoot"
"a perfume bottle kept on a blue platform with an arch of white flower just above the bottle, product shoot_1.png","a perfume bottle kept on a blue platform with an arch of white flower just above the bottle, product shoot"
"a perfume bottle kept on a blue platform with an arch of white flower just above the bottle, product shoot_4.png","a perfume bottle kept on a blue platform with an arch of white flower just above the bottle, product shoot"
"a perfume bottle kept on a blue platform with an arch of white flower just above the bottle, product shoot_2.png","a perfume bottle kept on a blue platform with an arch of white flower just above the bottle, product shoot"
"a soft drink can kept on a blue platform with an arch of white flower just above the bottle, product shoot_3.png","a soft drink can kept on a blue platform with an arch of white flower just above the bottle, product shoot"
"a peanut butter jar kept on a blue platform with an arch of white flower just above the bottle, product shoot_1.png","a peanut butter jar kept on a blue platform with an arch of white flower just above the bottle, product shoot"
