image_file,caption
"a classic golden watch on a soft, beige linen, allowing the gentle glow of the metal to shine through, elegant_1.png","a classic golden watch on a soft, beige linen, allowing the gentle glow of the metal to shine through, elegant"
"a elegant golden pendant on a soft, beige linen, allowing the gentle glow of the metal to shine through, elegant_5.png","a elegant golden pendant on a soft, beige linen, allowing the gentle glow of the metal to shine through, elegant"
"a elegant golden pendant on a soft, beige linen, allowing the gentle glow of the metal to shine through, elegant_3.png","a elegant golden pendant on a soft, beige linen, allowing the gentle glow of the metal to shine through, elegant"
"a set of thin, gold bangles on a soft, beige linen, allowing the gentle glow of the metal to shine through, elegant_9.png","a set of thin, gold bangles on a soft, beige linen, allowing the gentle glow of the metal to shine through, elegant"
"a elegant golden pendant on a soft, beige linen, allowing the gentle glow of the metal to shine through, elegant_4.png","a elegant golden pendant on a soft, beige linen, allowing the gentle glow of the metal to shine through, elegant"
"a pair of golden rings on a soft, beige linen, allowing the gentle glow of the metal to shine through, elegant_6.png","a pair of golden rings on a soft, beige linen, allowing the gentle glow of the metal to shine through, elegant"
"a classic golden watch on a soft, beige linen, allowing the gentle glow of the metal to shine through, elegant_2.png","a classic golden watch on a soft, beige linen, allowing the gentle glow of the metal to shine through, elegant"
"a pair of golden rings on a soft, beige linen, allowing the gentle glow of the metal to shine through, elegant_7.png","a pair of golden rings on a soft, beige linen, allowing the gentle glow of the metal to shine through, elegant"
"a classic golden watch on a soft, beige linen, allowing the gentle glow of the metal to shine through, elegant_0.png","a classic golden watch on a soft, beige linen, allowing the gentle glow of the metal to shine through, elegant"
"a set of thin, gold bangles on a soft, beige linen, allowing the gentle glow of the metal to shine through, elegant_8.png","a set of thin, gold bangles on a soft, beige linen, allowing the gentle glow of the metal to shine through, elegant"
"a set of thin, gold bangles on a soft, beige linen, allowing the gentle glow of the metal to shine through, elegant_10.png","a set of thin, gold bangles on a soft, beige linen, allowing the gentle glow of the metal to shine through, elegant"
