image_file,caption
"product photoshoot of a stylish beanbag on wooden floor, office meeting room background, focus on product_0.png","product photoshoot of a stylish beanbag on wooden floor, office meeting room background, focus on product"
"product photoshoot of a stylish beanbag on wooden floor, office meeting room background, focus on product_1.png","product photoshoot of a stylish beanbag on wooden floor, office meeting room background, focus on product"
"product photoshoot of a stylish chair on wooden floor, office background, focus on product_2.png","product photoshoot of a stylish chair on wooden floor, office background, focus on product"
"product photoshoot of a stylish chair on wooden floor, office meeting room background, focus on product_3.png","product photoshoot of a stylish chair on wooden floor, office meeting room background, focus on product"
"product photoshoot of a stylish sofa on wooden floor, office meeting room background, focus on product_4.png","product photoshoot of a stylish sofa on wooden floor, office meeting room background, focus on product"
"product photoshoot of a stylish sofa on wooden floor, office meeting room background, focus on product_5.png","product photoshoot of a stylish sofa on wooden floor, office meeting room background, focus on product"
"product photoshoot of a stylish sofa on wooden floor, office meeting room background, focus on product_6.png","product photoshoot of a stylish sofa on wooden floor, office meeting room background, focus on product"
"product photoshoot of a stylish tiny table on wooden floor, office meeting room background, focus on product_7.png","product photoshoot of a stylish tiny table on wooden floor, office meeting room background, focus on product"
