image_file,caption
"A bottle balancing on top of a mango, blue background_12.png","A bottle balancing on top of a mango, blue background"
"A wine bottle standing on top of an orange, blue background_1,.png","A wine bottle standing on top of an orange, blue background"
"An orange bottle with a mango om top of it, orange background_1.png","An orange bottle with a mango om top of it, orange background"
"A glass bottle balancing on top of a mango, yellow background_2.png","A glass bottle balancing on top of a mango, yellow background"
"A wine bottle balancing on a lemon , with lemon slcie on top, yellow backround_1.png","A wine bottle balancing on a lemon , with lemon slcie on top, yellow backround"
"A wine bottle balancing on a lemon , with lemon slcie on top, yellow backround_2.png","A wine bottle balancing on a lemon , with lemon slcie on top, yellow backround"
A wine bottle with orange on top of it_.png,A wine bottle with orange on top of it
"A glass bottle balancing on top of a mango, blue background_1.png","A glass bottle balancing on top of a mango, blue background"
A wine bottle balancing on an orange with orange on top_1.png,A wine bottle balancing on an orange with orange on top
"A wine bottle balancing on a lemon , with lemon slcie on top, yellow backround_3.png","A wine bottle balancing on a lemon , with lemon slcie on top, yellow backround"
"A glass bottle balancing on top of a mango, yellow background_1.png","A glass bottle balancing on top of a mango, yellow background"
"A wine bottle standing on an orange on a blue platform, blue background_1.png","A wine bottle standing on an orange on a blue platform, blue background"
"A yellow bottle with a mango on top of it, blue background_1.png","A yellow bottle with a mango on top of it, blue background"
