image_file,caption
"product photoshoot of powder bottle lying on wooden chopping board on kitchen table, vegetables around it, minimal, top down shot_4.png","product photoshoot of powder bottle lying on wooden chopping board on kitchen table, vegetables around it, minimal, top down shot"
"product photoshoot of powder bottle lying on wooden chopping board on kitchen table, vegetables around it, minimal, top down shot_5.png","product photoshoot of powder bottle lying on wooden chopping board on kitchen table, vegetables around it, minimal, top down shot"
"product photoshoot of brown serum bottle lying on wooden chopping board on kitchen table, vegetables around it, minimal, top down shot_1.png","product photoshoot of brown serum bottle lying on wooden chopping board on kitchen table, vegetables around it, minimal, top down shot"
"product photoshoot of perfume bottle lying on wooden chopping board on kitchen table, vegetables around it, minimal, top down shot_2.png","product photoshoot of perfume bottle lying on wooden chopping board on kitchen table, vegetables around it, minimal, top down shot"
"product photoshoot of brown serum bottle lying on wooden chopping board on kitchen table, vegetables around it, minimal_0.png","product photoshoot of brown serum bottle lying on wooden chopping board on kitchen table, vegetables around it, minimal"
"product photoshoot of wine bottle lying on wooden chopping board on kitchen table, vegetables around it, minimal, top down shot_7.png","product photoshoot of wine bottle lying on wooden chopping board on kitchen table, vegetables around it, minimal, top down shot"
"product photoshoot of wine bottle lying on wooden chopping board on kitchen table, vegetables around it, minimal, top down shot_8.png","product photoshoot of wine bottle lying on wooden chopping board on kitchen table, vegetables around it, minimal, top down shot"
"product photoshoot of perfume bottle lying on wooden chopping board on kitchen table, vegetables around it, minimal, top down shot_3.png","product photoshoot of perfume bottle lying on wooden chopping board on kitchen table, vegetables around it, minimal, top down shot"
"product photoshoot of stain steel glass standing on wooden chopping board on kitchen table, vegetables around it, minimal, top down shot_6.png","product photoshoot of stain steel glass standing on wooden chopping board on kitchen table, vegetables around it, minimal, top down shot"
