image_file,caption
wine bottle on top of white marble on top of purple satin cloth_1.png,wine bottle on top of white marble on top of purple satin cloth
golden earrings on top of white marble on top of golden satin cloth_2.png,golden earrings on top of white marble on top of golden satin cloth
earrings on top of white marble on top of white satin cloth_2.png,earrings on top of white marble on top of white satin cloth
brown serum bottle lying on top of white marble on top of brown satin cloth_3.png,brown serum bottle lying on top of white marble on top of brown satin cloth
brown serum bottle lying on top of white marble on top of brown satin cloth_1.png,brown serum bottle lying on top of white marble on top of brown satin cloth
golden earrings on top of white marble on top of golden satin cloth_3.png,golden earrings on top of white marble on top of golden satin cloth
brown serum bottle lying on top of white marble on top of brown satin cloth_2.png,brown serum bottle lying on top of white marble on top of brown satin cloth
golden earrings on top of white marble on top of golden satin cloth_1.png,golden earrings on top of white marble on top of golden satin cloth
wine bottle on top of white marble on top of purple satin cloth_3.png,wine bottle on top of white marble on top of purple satin cloth
earrings on top of white marble on top of white satin cloth_1.png,earrings on top of white marble on top of white satin cloth
wine bottle on top of white marble on top of purple satin cloth_2.png,wine bottle on top of white marble on top of purple satin cloth
