image_file,caption
"A perfume bottle positioned on a table at an airport terminal, infront of a glass, outside of which are airplanes_6.png","A perfume bottle positioned on a table at an airport terminal, infront of a glass, outside of which are airplanes"
"A durable travel water bottle positioned on a table at an airport terminal, infront of a glass, outside of which are airplanes_2.png","A durable travel water bottle positioned on a table at an airport terminal, infront of a glass, outside of which are airplanes"
"A perfume bottle positioned on a table at an airport terminal, infront of a glass, outside of which are airplanes_5.png","A perfume bottle positioned on a table at an airport terminal, infront of a glass, outside of which are airplanes"
"A suitcase positioned at an airport terminal, infront of a glass, outside of which are airplanes, blurred background_9.png","A suitcase positioned at an airport terminal, infront of a glass, outside of which are airplanes, blurred background"
"A black watch positioned centrally at an airport terminal, infront of a glass, outside of which are airplanes_1.png","A black watch positioned centrally at an airport terminal, infront of a glass, outside of which are airplanes"
"closeup of a green speaker placed at the airport terminal, with planes parked outside the window, blurred background_10.png","closeup of a green speaker placed at the airport terminal, with planes parked outside the window, blurred background"
"A suitcase positioned at an airport terminal, infront of a glass, outside of which are airplanes, blurred background_8.png","A suitcase positioned at an airport terminal, infront of a glass, outside of which are airplanes, blurred background"
"A black watch positioned at an airport terminal, infront of a glass, outside of which are airplanes_0.png","A black watch positioned at an airport terminal, infront of a glass, outside of which are airplanes"
"A durable travel water bottle positioned on a table at an airport terminal, infront of a glass, outside of which are airplanes_3.png","A durable travel water bottle positioned on a table at an airport terminal, infront of a glass, outside of which are airplanes"
"A suitcase positioned at an airport terminal, infront of a glass, outside of which are airplanes_7.png","A suitcase positioned at an airport terminal, infront of a glass, outside of which are airplanes"
"A perfume bottle positioned on a table at an airport terminal, infront of a glass, outside of which are airplanes_4.png","A perfume bottle positioned on a table at an airport terminal, infront of a glass, outside of which are airplanes"
"closeup of a speaker placed at the airport terminal, with planes parked outside the window_11.png","closeup of a speaker placed at the airport terminal, with planes parked outside the window"
"closeup of a speaker placed at the airport terminal, with planes parked outside the window_12.png","closeup of a speaker placed at the airport terminal, with planes parked outside the window"
