image_file,caption
"product photoshoot of a diamond and gold bangle placed on a pink platform on orange ground, side angle shot, exquisite, profesional_0.png","product photoshoot of a diamond and gold bangle placed on a pink platform on orange ground, side angle shot, exquisite, profesional"
"product photoshoot of a diamond and gold heavy neck jewellery placed on a pink platform on orange ground, side angle shot, exquisite, professional_1.png","product photoshoot of a diamond and gold heavy neck jewellery placed on a pink platform on orange ground, side angle shot, exquisite, professional"
"product photoshoot of a diamong and gold bracelet placed on a pink platform on orange ground, side angle shot, exquisite, profesional_2.png","product photoshoot of a diamong and gold bracelet placed on a pink platform on orange ground, side angle shot, exquisite, profesional"
"product photoshoot of a diamong and gold bracelet placed on a pink platform on orange ground, side angle shot, exquisite, profesional_3.png","product photoshoot of a diamong and gold bracelet placed on a pink platform on orange ground, side angle shot, exquisite, profesional"
"product photoshoot of a diamong and gold earrings placed on a pink platform on orange ground, side angle shot, exquisite, profesional_4.png","product photoshoot of a diamong and gold earrings placed on a pink platform on orange ground, side angle shot, exquisite, profesional"
"product photoshoot of a diamong and gold earrings placed on a pink platform on orange ground, side angle shot, exquisite, profesional_5.png","product photoshoot of a diamong and gold earrings placed on a pink platform on orange ground, side angle shot, exquisite, profesional"
"product photoshoot of a diamong and gold necklace placed on a pink platform on orange ground, side angle shot, exquisite, profesional_6.png","product photoshoot of a diamong and gold necklace placed on a pink platform on orange ground, side angle shot, exquisite, profesional"
"product photoshoot of a diamong and gold necklace placed on a pink platform on orange ground, side angle shot, exquisite, profesional_7.png","product photoshoot of a diamong and gold necklace placed on a pink platform on orange ground, side angle shot, exquisite, profesional"
"product photoshoot of a diamong and gold necklace placed on a pink platform on orange ground, side angle shot, exquisite, profesional_8.png","product photoshoot of a diamong and gold necklace placed on a pink platform on orange ground, side angle shot, exquisite, profesional"
"product photoshoot of a diamong and gold ring placed on a pink platform on orange ground, side angle shot, exquisite, profesional_10.png","product photoshoot of a diamong and gold ring placed on a pink platform on orange ground, side angle shot, exquisite, profesional"
"product photoshoot of a diamong and gold ring placed on a pink platform on orange ground, side angle shot, exquisite, profesional_9.png","product photoshoot of a diamong and gold ring placed on a pink platform on orange ground, side angle shot, exquisite, profesional"
