image_file,caption
"A wine bottle lying on a bed of crimpled satin cloth, top down flatlay shot, product shoot_6.png","A wine bottle lying on a bed of crimpled satin cloth, top down flatlay shot, product shoot"
"A wine bottle lying on a bed of crimpled satin cloth, top down flatlay shot, product shoot_5.png","A wine bottle lying on a bed of crimpled satin cloth, top down flatlay shot, product shoot"
"A perfume bottle lying on a bed of crimpled satin cloth, top down flatlay shot, product shoot_3.png","A perfume bottle lying on a bed of crimpled satin cloth, top down flatlay shot, product shoot"
"A serum dropper bottle lying on a bed of crimpled red satin cloth, top down flatlay shot, product shoot_10.png","A serum dropper bottle lying on a bed of crimpled red satin cloth, top down flatlay shot, product shoot"
"A wine bottle lying on a bed of crimpled satin cloth, top down flatlay shot, product shoot_8.png","A wine bottle lying on a bed of crimpled satin cloth, top down flatlay shot, product shoot"
"A coke can lying on a bed of crimpled satin cloth, top down flatlay shot, product shoot_2.png","A coke can lying on a bed of crimpled satin cloth, top down flatlay shot, product shoot"
"A wine bottle lying on a bed of crimpled satin cloth, top down flatlay shot, product shoot_7.png","A wine bottle lying on a bed of crimpled satin cloth, top down flatlay shot, product shoot"
"A perfume bottle lying on a bed of crimpled satin cloth, top down flatlay shot, product shoot_1.png","A perfume bottle lying on a bed of crimpled satin cloth, top down flatlay shot, product shoot"
"A perfume bottle lying on a bed of crimpled satin cloth, top down flatlay shot, product shoot_2.png","A perfume bottle lying on a bed of crimpled satin cloth, top down flatlay shot, product shoot"
"A coke can lying on a bed of crimpled satin cloth, top down flatlay shot, product shoot_3.png","A coke can lying on a bed of crimpled satin cloth, top down flatlay shot, product shoot"
"A brown serum bottle lying on a bed of crimpled satin cloth, top down flatlay shot, product shoot_10.png","A brown serum bottle lying on a bed of crimpled satin cloth, top down flatlay shot, product shoot"
"A perfume bottle lying on a bed of crimpled satin cloth, top down flatlay shot, product shoot_4.png","A perfume bottle lying on a bed of crimpled satin cloth, top down flatlay shot, product shoot"
"A beer bottle lying on a bed of crimpled satin cloth, top down flatlay shot, product shoot_3.png","A beer bottle lying on a bed of crimpled satin cloth, top down flatlay shot, product shoot"
"A coke can lying on a bed of crimpled satin cloth, top down flatlay shot, product shoot_1.png","A coke can lying on a bed of crimpled satin cloth, top down flatlay shot, product shoot"
"A beer bottle lying on a bed of crimpled satin cloth, top down flatlay shot, product shoot_1.png","A beer bottle lying on a bed of crimpled satin cloth, top down flatlay shot, product shoot"
"A brown serum bottle lying on a bed of crimpled satin cloth, top down flatlay shot, product shoot_9.png","A brown serum bottle lying on a bed of crimpled satin cloth, top down flatlay shot, product shoot"
"A coke can lying on a bed of crimpled satin cloth, top down flatlay shot, product shoot_4.png","A coke can lying on a bed of crimpled satin cloth, top down flatlay shot, product shoot"
