image_file,caption
A blackish glass perfume bottle lying face down on a smooth expanse of white sand_0.png,A blackish glass perfume bottle lying face down on a smooth expanse of white sand
"A single, elegant green bottle of skincare serum laying on a smooth expanse of white sand, its clean lines and simplicity highlighted by the pure background._13.png","A single, elegant green bottle of skincare serum laying on a smooth expanse of white sand, its clean lines and simplicity highlighted by the pure background."
"A single black , shampoo bottle laying on a smooth expanse of white sand, its clean lines and simplicity highlighted by the pure background._4.png","A single black , shampoo bottle laying on a smooth expanse of white sand, its clean lines and simplicity highlighted by the pure background."
A perfume bottle kept lying on a vast expanse of white sand_2.png,A perfume bottle kept lying on a vast expanse of white sand
A perfume bottle kept lying on a vast expanse of white sand_3.png,A perfume bottle kept lying on a vast expanse of white sand
A single red perfume bottle lying face down on a smooth expanse of white sand_8.png,A single red perfume bottle lying face down on a smooth expanse of white sand
A single red tube of hand lotion lying face down on a smooth expanse of white sand_9.png,A single red tube of hand lotion lying face down on a smooth expanse of white sand
"A single, elegant bottle of skincare serum laying on a smooth expanse of white sand, its clean lines and simplicity highlighted by the pure background._12.png","A single, elegant bottle of skincare serum laying on a smooth expanse of white sand, its clean lines and simplicity highlighted by the pure background."
A single tube of hand lotion lying face down on a smooth expanse of white sand_10.png,A single tube of hand lotion lying face down on a smooth expanse of white sand
"A single, elegant bottle of skincare serum laying on a smooth expanse of white sand, its clean lines and simplicity highlighted by the pure background._11.png","A single, elegant bottle of skincare serum laying on a smooth expanse of white sand, its clean lines and simplicity highlighted by the pure background."
A single glass white perfume bottle lying face down on a smooth expanse of white sand_7.png,A single glass white perfume bottle lying face down on a smooth expanse of white sand
"A facial serum dropper bottle lying face down on a smooth expanse of white sand, showcasing its delicate design in a pure and simple context._1.png","A facial serum dropper bottle lying face down on a smooth expanse of white sand, showcasing its delicate design in a pure and simple context."
"A single blue, perfume bottle lying face down on a smooth expanse of white sand_6.png","A single blue, perfume bottle lying face down on a smooth expanse of white sand"
"A single black , shampoo bottle lying on a smooth expanse of white sand, its clean lines and simplicity highlighted by the pure background._5.png","A single black , shampoo bottle lying on a smooth expanse of white sand, its clean lines and simplicity highlighted by the pure background."
