image_file,caption
"a serum bottle placed on top of a wooden platform, on wooden platform on dark blue counter, blue-black gradient textured background ,food photography_11.png","a serum bottle placed on top of a wooden platform, on wooden platform on dark blue counter, blue-black gradient textured background ,food photography"
"a serum bottle placed on top of a wooden platform, on wooden platform on dark blue counter, blue-black gradient textured background ,food photography_12.png","a serum bottle placed on top of a wooden platform, on wooden platform on dark blue counter, blue-black gradient textured background ,food photography"
"a juice glass placed on top of a wooden platform, on wooden platform on dark blue counter, blue-black gradient textured background ,food photography_10.png","a juice glass placed on top of a wooden platform, on wooden platform on dark blue counter, blue-black gradient textured background ,food photography"
"a serum bottle placed on top of a wooden platform, on wooden platform on dark blue counter, blue-black gradient textured background ,food photography_13.png","a serum bottle placed on top of a wooden platform, on wooden platform on dark blue counter, blue-black gradient textured background ,food photography"
"a serum bottle placed on top of a wooden platform, on wooden platform on dark blue counter, blue-black gradient textured background ,food photography_14.png","a serum bottle placed on top of a wooden platform, on wooden platform on dark blue counter, blue-black gradient textured background ,food photography"
"a juice glass placed on top of a wooden platform, on wooden platform on dark blue counter, blue-black gradient textured background ,food photography_8.png","a juice glass placed on top of a wooden platform, on wooden platform on dark blue counter, blue-black gradient textured background ,food photography"
"a juice glass placed on top of a wooden platform, on wooden platform on dark blue counter, blue-black gradient textured background ,food photography_9.png","a juice glass placed on top of a wooden platform, on wooden platform on dark blue counter, blue-black gradient textured background ,food photography"
"a french fries basket placed on top of a wooden platform, on wooden platform on dark blue counter, blue-black gradient background ,food photography_6.png","a french fries basket placed on top of a wooden platform, on wooden platform on dark blue counter, blue-black gradient background ,food photography"
"a french fries basket placed on top of a wooden platform, on wooden platform on dark blue counter, blue-black gradient background ,food photography_5.png","a french fries basket placed on top of a wooden platform, on wooden platform on dark blue counter, blue-black gradient background ,food photography"
"a french fries basket placed on top of a wooden platform, on wooden platform on dark blue counter, blue-black gradient background ,food photography_4.png","a french fries basket placed on top of a wooden platform, on wooden platform on dark blue counter, blue-black gradient background ,food photography"
"a juice glass placed on top of a wooden platform, on wooden platform on dark blue counter, blue-black gradient textured background ,food photography_7.png","a juice glass placed on top of a wooden platform, on wooden platform on dark blue counter, blue-black gradient textured background ,food photography"
"a burger placed on top of a wooden platform, on wooden platform on dark blue counter, blue-black gradient background ,food photography_1.png","a burger placed on top of a wooden platform, on wooden platform on dark blue counter, blue-black gradient background ,food photography"
"a burger placed on top of a wooden platform, on wooden platform on dark blue counter, blue-black gradient background ,food photography_0.png","a burger placed on top of a wooden platform, on wooden platform on dark blue counter, blue-black gradient background ,food photography"
"a burger placed on top of a wooden platform, on wooden platform on dark blue counter, blue-black gradient background ,food photography_2.png","a burger placed on top of a wooden platform, on wooden platform on dark blue counter, blue-black gradient background ,food photography"
"a burger placed on top of a wooden platform, on wooden platform on dark blue counter, blue-black gradient background ,food photography_3.png","a burger placed on top of a wooden platform, on wooden platform on dark blue counter, blue-black gradient background ,food photography"
