image_file,caption
"A pink bottle standing on a platform of strawberries, pink background.png","A pink bottle standing on a platform of strawberries, pink background"
A yellow juice bottle standing on stack of mango and mango slices on a green background_2.png,A yellow juice bottle standing on stack of mango and mango slices on a green background_2
"An orange bottle standing on a platform of orange slices, orange background.png","An orange bottle standing on a platform of orange slices, orange background"
A yellow juice bottle standing on stack of mango and mango slices on a green background.png,A yellow juice bottle standing on stack of mango and mango slices on a green background
A green bottle standing on stack of peaches and peach slices on a orange background_2.png,A green bottle standing on stack of peaches and peach slices on a orange background_2
A pink bottl standing on a papaya slice on beige background_3.png,A pink bottl standing on a papaya slice on beige background_3
A yellow bottle standing on stack of pineapple and slices on a blue background.jpg,A yellow bottle standing on stack of pineapple and slices on a blue background
A green bottle standing on stack of peaches and peach slices on a orange background_3.png,A green bottle standing on stack of peaches and peach slices on a orange background_3
A yellow juice bottle standing on stack of mango and mango slices on a green background.jpg,A yellow juice bottle standing on stack of mango and mango slices on a green background
A green bottle standing on stack of orange and orange slices on a yellow background.jpg,A green bottle standing on stack of orange and orange slices on a yellow background
