image_file,caption
"High angle shot, a high angle shot of a blue perfume bottle is standing on a wooden platform, forest background , close up, product shot_3.png","High angle shot, a high angle shot of a blue perfume bottle is standing on a wooden platform, forest background , close up, product shot"
"High angle view, a high angle shot of a blue facewash tube is standing on a wooden platform, forest background , close up, product shot_4.png","High angle view, a high angle shot of a blue facewash tube is standing on a wooden platform, forest background , close up, product shot"
"High angle shot, a high angle shot of a black speaker is standing on a wooden platform, forest background , close up, product shot_0.png","High angle shot, a high angle shot of a black speaker is standing on a wooden platform, forest background , close up, product shot"
"High angle view, a high angle shot of a green bottle is standing on a wooden platform, forest background , close up, product shot_6.png","High angle view, a high angle shot of a green bottle is standing on a wooden platform, forest background , close up, product shot"
"High angle view, a high angle shot of a blue facewash tube is standing on a wooden platform, forest background , close up, product shot_5.png","High angle view, a high angle shot of a blue facewash tube is standing on a wooden platform, forest background , close up, product shot"
"High angle shot, a high angle shot of a black speaker is standing on a wooden platform, forest background , close up, product shot_1.png","High angle shot, a high angle shot of a black speaker is standing on a wooden platform, forest background , close up, product shot"
"High angle view, a high angle shot of a serum bottle is standing on a wooden platform, forest background , close up, product shot_8.png","High angle view, a high angle shot of a serum bottle is standing on a wooden platform, forest background , close up, product shot"
"High angle view, a high angle shot of a serum bottle is standing on a wooden platform, forest background , close up, product shot_9.png","High angle view, a high angle shot of a serum bottle is standing on a wooden platform, forest background , close up, product shot"
"High angle view, a high angle shot of a green bottle is standing on a wooden platform, forest background , close up, product shot_7.png","High angle view, a high angle shot of a green bottle is standing on a wooden platform, forest background , close up, product shot"
"High angle shot, a high angle shot of a blue perfume bottle is standing on a wooden platform, forest background , close up, product shot_2.png","High angle shot, a high angle shot of a blue perfume bottle is standing on a wooden platform, forest background , close up, product shot"
