image_file,caption
"A brown serum bottle standing on a wooden shelf attached to a white wall, sleek, modern_4.png","A brown serum bottle standing on a wooden shelf attached to a white wall, sleek, modern"
"A brown serum bottle standing on a wooden shelf attached to a white wall, sleek, modern_5.png","A brown serum bottle standing on a wooden shelf attached to a white wall, sleek, modern"
"A black perfume bottle standing on a wooden shelf attached to a white wall, sleek, modern_1.png","A black perfume bottle standing on a wooden shelf attached to a white wall, sleek, modern"
A yellow purse standing on a wooden shelf attached to a white wall_8.png,A yellow purse standing on a wooden shelf attached to a white wall
A yellow perfume standing on a wooden shelf attached to a white wall_6.png,A yellow perfume standing on a wooden shelf attached to a white wall
A yellow purse standing on a wooden shelf attached to a white wall_7.png,A yellow purse standing on a wooden shelf attached to a white wall
"A black perfume bottle standing on a wooden shelf attached to a white wall, sleek, modern_0.png","A black perfume bottle standing on a wooden shelf attached to a white wall, sleek, modern"
"A black perfume bottle standing on a wooden shelf attached to a white wall, sleek, modern_2.png","A black perfume bottle standing on a wooden shelf attached to a white wall, sleek, modern"
"A brown serum bottle standing on a wooden shelf attached to a white wall, sleek, modern_3.png","A brown serum bottle standing on a wooden shelf attached to a white wall, sleek, modern"
