image_file,caption
"A green bean bag in front of a rocky wall in a open room, plants visible outside_0.png","A green bean bag in front of a rocky wall in a open room, plants visible outside"
"A green bean bag in front of a rocky wall in a open room, plants visible outside_1.png","A green bean bag in front of a rocky wall in a open room, plants visible outside"
"A white sofa chair in front of a rocky wall in a open room, plants visible outside_2.png","A white sofa chair in front of a rocky wall in a open room, plants visible outside"
"A white sofa chair in front of a rocky wall in a open room, plants visible outside_3.png","A white sofa chair in front of a rocky wall in a open room, plants visible outside"
"A white sofa chair in front of a rocky wall in a open room, plants visible outside_4.png","A white sofa chair in front of a rocky wall in a open room, plants visible outside"
"A white sofa chair in front of a rocky wall in a open room, plants visible outside_5.png","A white sofa chair in front of a rocky wall in a open room, plants visible outside"
"A wooden chair in front of a rocky wall in a open room, plants visible outside_6.png","A wooden chair in front of a rocky wall in a open room, plants visible outside"
"A wooden chair in front of a rocky wall in a open room, plants visible outside_7.png","A wooden chair in front of a rocky wall in a open room, plants visible outside"
"A wooden chair in front of a rocky wall in a open room, plants visible outside_8.png","A wooden chair in front of a rocky wall in a open room, plants visible outside"
