image_file,caption
"A teddy bear in forest, natural light, product photography_2.png","A teddy bear in forest, natural light, product photography"
"children's toy rocket in forest, natural light, product photography_7.png","children's toy rocket in forest, natural light, product photography"
"a cute Teddy bear and a white rabiit stand toghther, forest, natural light, catoon style_3.png","a cute Teddy bear and a white rabiit stand toghther, forest, natural light, catoon style"
"a wine bottle in forest, natural light, product photography_4.png","a wine bottle in forest, natural light, product photography"
"A rabbit toy in forest, natural light, product photography_1.png","A rabbit toy in forest, natural light, product photography"
"a wine bottle in forest, natural light, product photography_6.png","a wine bottle in forest, natural light, product photography"
"children's toy rocket in forest, natural light, product photography_9.png","children's toy rocket in forest, natural light, product photography"
"children's toy rocket in forest, natural light, product photography_8.png","children's toy rocket in forest, natural light, product photography"
"A rabbit toy in forest, natural light, product photography_0.png","A rabbit toy in forest, natural light, product photography"
"a wine bottle in forest, natural light, product photography_5.png","a wine bottle in forest, natural light, product photography"
