image_file,caption
"product photograph of a green sofa on open white grassy ground, green bamboo tree leaves behind it, dark brick wall in background, natural light, side view shot_2.png","product photograph of a green sofa on open white grassy ground, green bamboo tree leaves behind it, dark brick wall in background, natural light, side view shot"
"product photograph of a brown sofa on open white grassy ground, green bamboo tree leaves behind it, dark brick wall in background, natural light_1.png","product photograph of a brown sofa on open white grassy ground, green bamboo tree leaves behind it, dark brick wall in background, natural light"
"product photograph of a blue beanbag on open white grassy ground, green bamboo tree leaves behind it, dark brick wall in background, natural light_0.png","product photograph of a blue beanbag on open white grassy ground, green bamboo tree leaves behind it, dark brick wall in background, natural light"
"product photograph of a tiny table on open white grass ground, green bamboo tree leaves behind it, dark brick wall in background, natural light, side view shot_6.png","product photograph of a tiny table on open white grass ground, green bamboo tree leaves behind it, dark brick wall in background, natural light, side view shot"
"product photograph of a stylish chair on open white grassy ground, green bamboo tree leaves behind it, dark brick wall in background, natural light_4.png","product photograph of a stylish chair on open white grassy ground, green bamboo tree leaves behind it, dark brick wall in background, natural light"
"product photograph of a tiny brown table on open white grassy ground, green bamboo tree leaves behind it, dark brick wall in background, natural light_5.png","product photograph of a tiny brown table on open white grassy ground, green bamboo tree leaves behind it, dark brick wall in background, natural light"
"product photograph of a yellow benbag on open white grassy ground, green bamboo tree leaves behind it, dark brick wall in background, natural light, side view shot_7.png","product photograph of a yellow benbag on open white grassy ground, green bamboo tree leaves behind it, dark brick wall in background, natural light, side view shot"
"product photograph of a stylish chair on open white grassy ground, green bamboo tree leaves behind it, dark brick wall in background, natural light_3.png","product photograph of a stylish chair on open white grassy ground, green bamboo tree leaves behind it, dark brick wall in background, natural light"
"product photograph of a yellow benbag on open white grassy ground, green bamboo tree leaves behind it, dark brick wall in background, natural light, side view shot_8.png","product photograph of a yellow benbag on open white grassy ground, green bamboo tree leaves behind it, dark brick wall in background, natural light, side view shot"
