image_file,caption
"a_glowing_golden_perfume_bottle_on_a_black_rocky_platform,_black_background,_spotlight,_minimal,_studio_shot_2.png","a glowing golden perfume bottle on a black rocky platform, black background, spotlight, minimal, studio shot"
"a_khakee_green_perfume_bottle_on_a_khakee_green_rocky_platform,_bkhakee_green_background,_spotlight,_minimal,_studio_shot_1.png","a khakee green perfume bottle on a khakee green rocky platform, bkhakee green background, spotlight, minimal, studio shot"
"A_black_facewash_jar_with_white_label_on_a_white_rocky_platform,_white_background,_minimal,_studio_shot_0.png","A black facewash jar with white label on a white rocky platform, white background, minimal, studio shot"
"A_black_facewash_jar_with_white_label_on_a_white_rocky_platform,_white_background,_minimal,_studio_shot_1.png","A black facewash jar with white label on a white rocky platform, white background, minimal, studio shot"
"a_khakee_green_perfume_bottle_on_a_khakee_green_rocky_platform,_bkhakee_green_background,_spotlight,_minimal,_studio_shot_0.png","a khakee green perfume bottle on a khakee green rocky platform, bkhakee green background, spotlight, minimal, studio shot"
"A_black_facewash_jar_with_white_label_on_a_beige_rocky_platform,_beige_background,_minimal,_studio_shot_1.png","A black facewash jar with white label on a beige rocky platform, beige background, minimal, studio shot"
"A_black_facewash_jar_with_white_label_on_a_beige_rocky_platform,_beige_background,_minimal,_studio_shot_0.png","A black facewash jar with white label on a beige rocky platform, beige background, minimal, studio shot"
"A_brown_serum_bottle_on_a_black_rocky_platform,_black_background,_spotlight,_minimal,_studio_shot_2.png","A brown serum bottle on a black rocky platform, black background, spotlight, minimal, studio shot"
"a_glowing_golden_perfume_bottle_on_a_black_rocky_platform,_black_background,_spotlight,_minimal,_studio_shot_0.png","a glowing golden perfume bottle on a black rocky platform, black background, spotlight, minimal, studio shot"
"A_brown_serum_bottle_on_a_black_rocky_platform,_black_background,_spotlight,_minimal,_studio_shot_0.png","A brown serum bottle on a black rocky platform, black background, spotlight, minimal, studio shot"
"A_pink_purse_on_a_pink_rocky_platform,_pink_background,_spotlight,_minimal,_studio_shot_0.png","A pink purse on a pink rocky platform, pink background, spotlight, minimal, studio shot"
"A_brown_serum_bottle_on_a_black_rocky_platform,_black_background,_spotlight,_minimal,_studio_shot_1.png","A brown serum bottle on a black rocky platform, black background, spotlight, minimal, studio shot"
"a_glowing_golden_perfume_bottle_on_a_black_rocky_platform,_black_background,_spotlight,_minimal,_studio_shot_1.png","a glowing golden perfume bottle on a black rocky platform, black background, spotlight, minimal, studio shot"
