image_file,caption
"a luxury couch placed in an empty room against a modern look colored wall, a beige plant vase in the room corner, wide angle shot, minimal, product shot_5.png","a luxury couch placed in an empty room against a modern look colored wall, a beige plant vase in the room corner, wide angle shot, minimal, product shot"
"a luxury couch placed in an empty room against a modern look colored wall, a beige plant vase in the room corner, wide angle shot, minimal, product shot_4.png","a luxury couch placed in an empty room against a modern look colored wall, a beige plant vase in the room corner, wide angle shot, minimal, product shot"
"a red luggage bag placed in an empty room against a light blue colored wall, a beige plant vase in the room corner, wide angle shot, minimal, product shot_9.png","a red luggage bag placed in an empty room against a light blue colored wall, a beige plant vase in the room corner, wide angle shot, minimal, product shot"
"a wooden chair placed in an empty room against a grey-black colored wall, a beige plant vase in the room corner, wide angle shot, minimal, product shot_12.png","a wooden chair placed in an empty room against a grey-black colored wall, a beige plant vase in the room corner, wide angle shot, minimal, product shot"
"a big white horse statue placed in an empty room against a warm colored wall, a beige plant vase in the room corner, wide angle shot, minimal, product shot_0.png","a big white horse statue placed in an empty room against a warm colored wall, a beige plant vase in the room corner, wide angle shot, minimal, product shot"
"a black bean bag placed in an empty room against a light blue colored wall, a beige plant vase in the room corner, wide angle shot, minimal, product shot_3.png","a black bean bag placed in an empty room against a light blue colored wall, a beige plant vase in the room corner, wide angle shot, minimal, product shot"
"a wooden chair placed in an empty room against a grey-black colored wall, a beige plant vase in the room corner, wide angle shot, minimal, product shot_11.png","a wooden chair placed in an empty room against a grey-black colored wall, a beige plant vase in the room corner, wide angle shot, minimal, product shot"
"a pink wooden almirah placed in an empty room against a grey-black colored wall, a beige plant vase in the room corner, wide angle shot, minimal, product shot_6.png","a pink wooden almirah placed in an empty room against a grey-black colored wall, a beige plant vase in the room corner, wide angle shot, minimal, product shot"
"a red luggage bag placed in an empty room against a light blue colored wall, a beige plant vase in the room corner, wide angle shot, minimal, product shot_8.png","a red luggage bag placed in an empty room against a light blue colored wall, a beige plant vase in the room corner, wide angle shot, minimal, product shot"
"a big white horse statue placed in an empty room against a warm colored wall, a beige plant vase in the room corner, wide angle shot, minimal, product shot_1.png","a big white horse statue placed in an empty room against a warm colored wall, a beige plant vase in the room corner, wide angle shot, minimal, product shot"
"a wooden chair placed in an empty room against a grey-black colored wall, a beige plant vase in the room corner, wide angle shot, minimal, product shot_10.png","a wooden chair placed in an empty room against a grey-black colored wall, a beige plant vase in the room corner, wide angle shot, minimal, product shot"
"a black bean bag placed in an empty room against a light blue colored wall, a beige plant vase in the room corner, wide angle shot, minimal, product shot_2.png","a black bean bag placed in an empty room against a light blue colored wall, a beige plant vase in the room corner, wide angle shot, minimal, product shot"
"a pink wooden almirah placed in an empty room against a grey-black colored wall, a beige plant vase in the room corner, wide angle shot, minimal, product shot_7.png","a pink wooden almirah placed in an empty room against a grey-black colored wall, a beige plant vase in the room corner, wide angle shot, minimal, product shot"
