image_file,caption
"black coffee mug, on green grass, with wooden branch_1.png","black coffee mug, on green grass, with wooden branch"
"black coffee mug, on green grass, with wooden branch_4.png","black coffee mug, on green grass, with wooden branch"
"black coffee mug, on green grass, with wooden branch, cool tones_6.png","black coffee mug, on green grass, with wooden branch, cool tones"
"black coffee mug, on green grass, with wooden branch_7.png","black coffee mug, on green grass, with wooden branch"
"black coffee mug, on green grass, with wooden branch, cool tones_8.png","black coffee mug, on green grass, with wooden branch, cool tones"
"black coffee mug, on green grass, with wooden branch, cool tones_5.png","black coffee mug, on green grass, with wooden branch, cool tones"
"black coffee mug, on green grass, with wooden branch_3.png","black coffee mug, on green grass, with wooden branch"
