image_file,caption
A brown serum bottle mid air surrounded by green leaves_4.png,A brown serum bottle mid air surrounded by green leaves
A brown serum bottle mid air surrounded by green leaves_3.png,A brown serum bottle mid air surrounded by green leaves
"A yellow shampoo bottle tilted mid air surrounded by green leaves, blue background_8.png","A yellow shampoo bottle tilted mid air surrounded by green leaves, blue background"
A pink perfume floating mid air surrounded by few green leaves_6.png,A pink perfume floating mid air surrounded by few green leaves
A brown serum bottle mid air surrounded by green leaves_5.png,A brown serum bottle mid air surrounded by green leaves
A blue bottle floating mid air surrounded by few green leaves_0.png,A blue bottle floating mid air surrounded by few green leaves
A blue bottle floating mid air surrounded by few green leaves_1.png,A blue bottle floating mid air surrounded by few green leaves
A brown serum bottle mid air surrounded by green leaves_2.png,A brown serum bottle mid air surrounded by green leaves
A pink perfume floating mid air surrounded by few green leaves_7.png,A pink perfume floating mid air surrounded by few green leaves
