image_file,caption
A brown serum bottle on colorful rock on a hill with blurred beach in background_0.png,A brown serum bottle on colorful rock on a hill with blurred beach in background
A wine bottle on colorful rock on a hill with blurred beach in background_4.png,A wine bottle on colorful rock on a hill with blurred beach in background
A brown serum bottle on colorful rock on a hill with blurred beach in background_2.png,A brown serum bottle on colorful rock on a hill with blurred beach in background
A wine bottle on colorful rock on a hill with blurred beach in background_6.png,A wine bottle on colorful rock on a hill with blurred beach in background
A wine bottle on colorful rock on a hill with blurred beach in background_3.png,A wine bottle on colorful rock on a hill with blurred beach in background
A brown serum bottle on colorful rock on a hill with blurred beach in background_1.png,A brown serum bottle on colorful rock on a hill with blurred beach in background
A yellow skincare tube on colorful rock on a hill with blurred beach in background_8.png,A yellow skincare tube on colorful rock on a hill with blurred beach in background
A yellow skincare tube on colorful rock on a hill with blurred beach in background_7.png,A yellow skincare tube on colorful rock on a hill with blurred beach in background
A wine bottle on colorful rock on a hill with blurred beach in background_5.png,A wine bottle on colorful rock on a hill with blurred beach in background
sunglasses on colorful rock on a hill with blurred beach in background_9.png,sunglasses on colorful rock on a hill with blurred beach in background
