image_file,caption
"A glass bottle, standing on a brown table with some flowers, diya, diwali decoration_8.png","A glass bottle, standing on a brown table with some flowers, diya, diwali decoration"
"A sachet, standing on a brown table with some flowers, diya, diwali decoration_3.png","A sachet, standing on a brown table with some flowers, diya, diwali decoration"
"A glass bottle, standing on a brown table with some flowers, diya, diwali decoration_9.png","A glass bottle, standing on a brown table with some flowers, diya, diwali decoration"
"A gift box standing on a brown table with some flowers, diya, diwali decoration_1.png","A gift box standing on a brown table with some flowers, diya, diwali decoration"
"A gift box standing on a brown table with some flowers, diya, diwali decoration_3.png","A gift box standing on a brown table with some flowers, diya, diwali decoration"
"An oil bottle, standing on a brown table with some flowers, diya, diwali decoration_6.png","An oil bottle, standing on a brown table with some flowers, diya, diwali decoration"
"An oil bottle, standing on a brown table with some flowers, diya, diwali decoration_8.png","An oil bottle, standing on a brown table with some flowers, diya, diwali decoration"
"A sachet, standing on a brown table with some flowers, diya, diwali decoration_5.png","A sachet, standing on a brown table with some flowers, diya, diwali decoration"
"A glass bottle, standing on a brown table with some flowers, diya, diwali decoration_7.png","A glass bottle, standing on a brown table with some flowers, diya, diwali decoration"
"A gift box standing on a brown table with some flowers, diya, diwali decoration_2.png","A gift box standing on a brown table with some flowers, diya, diwali decoration"
"An oil bottle, standing on a brown table with some flowers, diya, diwali decoration_7.png","An oil bottle, standing on a brown table with some flowers, diya, diwali decoration"
"A sachet, standing on a brown table with some flowers, diya, diwali decoration_4.png","A sachet, standing on a brown table with some flowers, diya, diwali decoration"
