image_file,caption
"bird eye view, close up, a black serum bottle on a wooden tray, on a white surface , surrounded by green leaves, lavender flowers, water droplets around_3.png","bird eye view, close up, a black serum bottle on a wooden tray, on a white surface , surrounded by green leaves, lavender flowers, water droplets around"
"bird eye view, close up, a black serum bottle on a wooden tray, on a white surface , surrounded by green leaves, lavender flowers, water droplets around_4.png","bird eye view, close up, a black serum bottle on a wooden tray, on a white surface , surrounded by green leaves, lavender flowers, water droplets around"
"bird eye view, close up, a white facewash tube on a wooden tray, on a white surface , surrounded by green leaves, lavender flowers, water droplets around_6.png","bird eye view, close up, a white facewash tube on a wooden tray, on a white surface , surrounded by green leaves, lavender flowers, water droplets around"
"bird eye view, close up, a green shampoo bottle on a wooden tray, on a white surface , surrounded by green leaves, lavender flowers, water droplets around_8.png","bird eye view, close up, a green shampoo bottle on a wooden tray, on a white surface , surrounded by green leaves, lavender flowers, water droplets around"
"bird eye view, close up, a black serum bottle on a wooden tray, on a white surface, surrounded by green leaves, lavender flowers, water droplets around_2.png","bird eye view, close up, a black serum bottle on a wooden tray, on a white surface, surrounded by green leaves, lavender flowers, water droplets around"
"bird eye view, close up, a white facewash tube on a wooden tray, on a white surface , surrounded by green leaves, lavender flowers, water droplets around_5.png","bird eye view, close up, a white facewash tube on a wooden tray, on a white surface , surrounded by green leaves, lavender flowers, water droplets around"
"bird eye view, close up, a wine bottle on a wooden tray, on a white surface , surrounded by green leaves, grapes, water droplets around, placed on edge_11.png","bird eye view, close up, a wine bottle on a wooden tray, on a white surface , surrounded by green leaves, grapes, water droplets around, placed on edge"
"bird eye view, close up, a green shampoo bottle on a wooden tray, on a white surface , surrounded by green leaves, lavender flowers, water droplets around_13.png","bird eye view, close up, a green shampoo bottle on a wooden tray, on a white surface , surrounded by green leaves, lavender flowers, water droplets around"
"bird eye view, close up, a white facewash tube on a wooden tray, on a white surface , surrounded by green leaves, lavender flowers, water droplets around_7.png","bird eye view, close up, a white facewash tube on a wooden tray, on a white surface , surrounded by green leaves, lavender flowers, water droplets around"
"bird eye view, close up, a wine bottle on a wooden tray, on a white surface , surrounded by green leaves, grapes, water droplets around, placed on edge_12.png","bird eye view, close up, a wine bottle on a wooden tray, on a white surface , surrounded by green leaves, grapes, water droplets around, placed on edge"
"bird eye view, close up,a black serum bottle on a curved wooden platform, on a white surface , surrounded by green leaves, lavender flowers, water droplets around_1.png","bird eye view, close up,a black serum bottle on a curved wooden platform, on a white surface , surrounded by green leaves, lavender flowers, water droplets around"
"bird eye view, close up, a wine bottle on a wooden tray, on a white surface , surrounded by green leaves, grapes, water droplets around,  placed on edge_10.png","bird eye view, close up, a wine bottle on a wooden tray, on a white surface , surrounded by green leaves, grapes, water droplets around,  placed on edge"
"bird eye view, close up, a green shampoo bottle on a wooden tray, on a white surface , surrounded by green leaves, lavender flowers, water droplets around_9.png","bird eye view, close up, a green shampoo bottle on a wooden tray, on a white surface , surrounded by green leaves, lavender flowers, water droplets around"
