image_file,caption
"A cofee mug, kept on the baking station, in the kitchen, fairy lights in the background, product shoot_2.png","A cofee mug, kept on the baking station, in the kitchen, fairy lights in the background, product shoot"
"A bottle, kept on the baking station, in the kitchen, fairy lights in the background, product shoot_9.png","A bottle, kept on the baking station, in the kitchen, fairy lights in the background, product shoot"
"A black bottle, kept on the baking station, in the kitchen, fairy lights in the background, product shoot_6.png","A black bottle, kept on the baking station, in the kitchen, fairy lights in the background, product shoot"
"A cup, kept on the baking station, in the kitchen, fairy lights in the background, product shoot_4.png","A cup, kept on the baking station, in the kitchen, fairy lights in the background, product shoot"
"A glass jar, kept on the baking station, in the kitchen, fairy lights in the background, product shoot_1.png","A glass jar, kept on the baking station, in the kitchen, fairy lights in the background, product shoot"
"A product, kept on the baking station, in the kitchen, fairy lights in the background, product shoot_8.png","A product, kept on the baking station, in the kitchen, fairy lights in the background, product shoot"
"A coffee mug, kept on the baking station, in the kitchen, fairy lights in the background, product shoot_5.png","A coffee mug, kept on the baking station, in the kitchen, fairy lights in the background, product shoot"
"A glass bottle, kept on the baking station, in the kitchen, fairy lights in the background, product shoot_10.png","A glass bottle, kept on the baking station, in the kitchen, fairy lights in the background, product shoot"
"A white bottle, kept on the baking station, in the kitchen, fairy lights in the background, product shoot_11.png","A white bottle, kept on the baking station, in the kitchen, fairy lights in the background, product shoot"
"A glass bottle, kept on the baking station, in the kitchen, fairy lights in the background, product shoot_7.png","A glass bottle, kept on the baking station, in the kitchen, fairy lights in the background, product shoot"
"A coffee mug, kept on the baking station, in the kitchen, fairy lights in the background, product shoot_3.png","A coffee mug, kept on the baking station, in the kitchen, fairy lights in the background, product shoot"
