image_file,caption
"Close up of a serum bottle on a Picnic Blanket, next to a Basket of Fresh Fruits and a Bouquet of Wildflowers, in a Serene spot_1.png","Close up of a serum bottle on a Picnic Blanket, next to a Basket of Fresh Fruits and a Bouquet of Wildflowers, in a Serene spot"
"Close up of a serum bottle on a Picnic Blanket, next to a Basket of Fresh Fruits and a Bouquet of Wildflowers, in a Serene spot_2.png","Close up of a serum bottle on a Picnic Blanket, next to a Basket of Fresh Fruits and a Bouquet of Wildflowers, in a Serene spot"
"Close up of a red sauce bottle on a Picnic Blanket, next to a Basket of Fresh Fruits and a Bouquet of Wildflowers_2.png","Close up of a red sauce bottle on a Picnic Blanket, next to a Basket of Fresh Fruits and a Bouquet of Wildflowers"
"Close up of a red sauce bottle on a Picnic Blanket, next to a Basket of Fresh Fruits and a Bouquet of Wildflowers_4.png","Close up of a red sauce bottle on a Picnic Blanket, next to a Basket of Fresh Fruits and a Bouquet of Wildflowers"
"Close up of a red sauce bottle on a Picnic Blanket, next to a Basket of Fresh Fruits and a Bouquet of Wildflowers_3.png","Close up of a red sauce bottle on a Picnic Blanket, next to a Basket of Fresh Fruits and a Bouquet of Wildflowers"
"Close up of a red sauce bottle on a Picnic Blanket, next to a Basket of Fresh Fruits and a Bouquet of Wildflowers_6.png","Close up of a red sauce bottle on a Picnic Blanket, next to a Basket of Fresh Fruits and a Bouquet of Wildflowers"
"Close up of a red sauce bottle on a Picnic Blanket, next to a Basket of Fresh Fruits and a Bouquet of Wildflowers_7.png","Close up of a red sauce bottle on a Picnic Blanket, next to a Basket of Fresh Fruits and a Bouquet of Wildflowers"
"Close up of a sunscreen tube on a Picnic Blanket, next to a Basket of Fresh Fruits and a Bouquet of Wildflowers_1.png","Close up of a sunscreen tube on a Picnic Blanket, next to a Basket of Fresh Fruits and a Bouquet of Wildflowers"
"Close up of a sunscreen tube on a Picnic Blanket, next to a Basket of Fresh Fruits and a Bouquet of Wildflowers, in a Serene spot_1.png","Close up of a sunscreen tube on a Picnic Blanket, next to a Basket of Fresh Fruits and a Bouquet of Wildflowers, in a Serene spot"
"Close up of a red sauce bottle on a Picnic Blanket, next to a Basket of Fresh Fruits and a Bouquet of Wildflowers_1.png","Close up of a red sauce bottle on a Picnic Blanket, next to a Basket of Fresh Fruits and a Bouquet of Wildflowers"
