image_file,caption
sunglasses kept on a balcony ledge outdoors with trees in background_7.png,sunglasses kept on a balcony ledge outdoors with trees in background
"high angle shot, brown chanel perfume bottle kept on a balcony ledge outdoors with trees in background_5.png","high angle shot, brown chanel perfume bottle kept on a balcony ledge outdoors with trees in background"
A serum bottle is kept on a balcony ledge outdoors with trees in background_2.png,A serum bottle is kept on a balcony ledge outdoors with trees in background
"high angle shot, brown chanel perfume bottle kept on a balcony ledge outdoors with trees in background_6.png","high angle shot, brown chanel perfume bottle kept on a balcony ledge outdoors with trees in background"
sunglasses kept on a balcony ledge outdoors with trees in background_8.png,sunglasses kept on a balcony ledge outdoors with trees in background
A serum bottle is kept on a balcony ledge outdoors with trees in background_1.png,A serum bottle is kept on a balcony ledge outdoors with trees in background
A wine bottle is kept on a balcony ledge outdoors with trees in background_4.png,A wine bottle is kept on a balcony ledge outdoors with trees in background
A wine bottle is kept on a balcony ledge outdoors with trees in background_3.png,A wine bottle is kept on a balcony ledge outdoors with trees in background
A serum bottle is kept on a balcony ledge outdoors with trees in background_0.png,A serum bottle is kept on a balcony ledge outdoors with trees in background
