image_file,caption
A brown serum bottle on a brown counter in front of a brown background_2.png,A brown serum bottle on a brown counter in front of a brown background
A black facewash jar on a white counter in front of a gradient blue background_0.png,A black facewash jar on a white counter in front of a gradient blue background
A dark blue facewash jar on a blue counter in front of a blue background_0.png,A dark blue facewash jar on a blue counter in front of a blue background
A blue facewash jar on a white counter in front of a dark blue background_2.png,A blue facewash jar on a white counter in front of a dark blue background
A black facewash jar on a white counter in front of a gradient purple blue background_0.png,A black facewash jar on a white counter in front of a gradient purple blue background
A yellow jar on a white counter in front of a mustard background_1.png,A yellow jar on a white counter in front of a mustard background
A green facewash jar on a white counter in front of a gradient green blue background_0.png,A green facewash jar on a white counter in front of a gradient green blue background
A blue facewash jar on a white counter in front of a dark blue background_0.png,A blue facewash jar on a white counter in front of a dark blue background
A yellow bag on a yellow counter in front of a yellow background_0.png,A yellow bag on a yellow counter in front of a yellow background
A pink facewash jar on a white counter in front of a pink background_0.png,A pink facewash jar on a white counter in front of a pink background
A black facewash jar on a white counter in front of a gradient purple blue background_1.png,A black facewash jar on a white counter in front of a gradient purple blue background
A brown serum bottle on a brown counter in front of a brown background_0.png,A brown serum bottle on a brown counter in front of a brown background
A blue facewash jar on a white counter in front of a dark blue background_1.png,A blue facewash jar on a white counter in front of a dark blue background
A yellow jar on a white counter in front of a mustard background_0.png,A yellow jar on a white counter in front of a mustard background
A dark blue facewash jar on a blue counter in front of a blue background_1.png,A dark blue facewash jar on a blue counter in front of a blue background
A brown serum bottle on a brown counter in front of a brown background_1.png,A brown serum bottle on a brown counter in front of a brown background
A purple facewash jar on a white counter in front of a purple background_0.png,A purple facewash jar on a white counter in front of a purple background
A black facewash jar on a white counter in front of a gradient blue background_1.png,A black facewash jar on a white counter in front of a gradient blue background
A pink facewash jar on a white platform in front of a pink background_0.png,A pink facewash jar on a white platform in front of a pink background
