image_file,caption
"top angle view of a white facewash tube bottle floating on uniform orange soapy water, water is calm and uniformly soapy throughout_6.png","top angle view of a white facewash tube bottle floating on uniform orange soapy water, water is calm and uniformly soapy throughout"
top angle view of purple shampoo bottle floating on calm purple soapy foam_10.png,top angle view of purple shampoo bottle floating on calm purple soapy foam
"top angle view of a green perfume bottle floating on uniform green soapy water, water is calm and uniformly soapy throughout_18.png","top angle view of a green perfume bottle floating on uniform green soapy water, water is calm and uniformly soapy throughout"
"top angle view of a green serum bottle floating on uniform green soapy water, water is calm and uniformly soapy throughout_5.png","top angle view of a green serum bottle floating on uniform green soapy water, water is calm and uniformly soapy throughout"
"top angle view of a lavender perfume bottle floating on uniform soapy water, water is calm and uniformly soapy throughout_15.png","top angle view of a lavender perfume bottle floating on uniform soapy water, water is calm and uniformly soapy throughout"
"top angle view of a green serum bottle floating on uniform green soapy water, water is calm and uniformly soapy throughout_3.png","top angle view of a green serum bottle floating on uniform green soapy water, water is calm and uniformly soapy throughout"
"top angle view of purple shampoo bottle floating on calm purple soapy water, water is calm_12.png","top angle view of purple shampoo bottle floating on calm purple soapy water, water is calm"
"top angle view of purple shampoo bottle floating on calm purple soapy water, water is calm_11.png","top angle view of purple shampoo bottle floating on calm purple soapy water, water is calm"
"top angle view of a perfume bottle floating on uniform soapy water, water is calm and uniformly soapy throughout_16.png","top angle view of a perfume bottle floating on uniform soapy water, water is calm and uniformly soapy throughout"
"top angle view of a brown serum bottle floating on uniform soapy water, water is calm and uniformly soapy throughout_2.png","top angle view of a brown serum bottle floating on uniform soapy water, water is calm and uniformly soapy throughout"
"top angle view of a white facewash tube bottle floating on uniform orange soapy water, water is calm and uniformly soapy throughout_8.png","top angle view of a white facewash tube bottle floating on uniform orange soapy water, water is calm and uniformly soapy throughout"
top angle view of purple shampoo bottle floating on calm purple soapy foam_9.png,top angle view of purple shampoo bottle floating on calm purple soapy foam
"top angle view of a brown serum bottle floating on uniform soapy water, water is calm and uniformly soapy throughout_0.png","top angle view of a brown serum bottle floating on uniform soapy water, water is calm and uniformly soapy throughout"
"top angle view of a perfume bottle floating on uniform soapy water, water is calm and uniformly soapy throughout_17.png","top angle view of a perfume bottle floating on uniform soapy water, water is calm and uniformly soapy throughout"
"top angle view of a perfume bottle floating on uniform purple soapy water, water is calm and uniformly soapy throughout_14.png","top angle view of a perfume bottle floating on uniform purple soapy water, water is calm and uniformly soapy throughout"
"top angle view of a white facewash tube bottle floating on uniform orange soapy water, water is calm and uniformly soapy throughout_7.png","top angle view of a white facewash tube bottle floating on uniform orange soapy water, water is calm and uniformly soapy throughout"
"top angle view of a green serum bottle floating on uniform green soapy water, water is calm and uniformly soapy throughout_4.png","top angle view of a green serum bottle floating on uniform green soapy water, water is calm and uniformly soapy throughout"
