image_file,caption
"extreme close up, front angle of a black bottle standing on a rock covered in tiny leaves and grass, lush green forest background_4.png","extreme close up, front angle of a black bottle standing on a rock covered in tiny leaves and grass, lush green forest background"
"extreme close up, front angle of a brown serum bottle standing on a rock covered in tiny leaves and grass, lush green forest background_8.png","extreme close up, front angle of a brown serum bottle standing on a rock covered in tiny leaves and grass, lush green forest background"
"extreme close up, front angle of a brown serum bottle standing on a rock covered in tiny leaves and grass, lush green forest background_5.png","extreme close up, front angle of a brown serum bottle standing on a rock covered in tiny leaves and grass, lush green forest background"
"extreme close up, front angle of a brown serum bottle standing on a rock covered in tiny leaves and grass, lush green forest background_7.png","extreme close up, front angle of a brown serum bottle standing on a rock covered in tiny leaves and grass, lush green forest background"
"close up, front angle of a black bottle standing on a rock covered in tiny leaves and grass, lush green forest background_1.png","close up, front angle of a black bottle standing on a rock covered in tiny leaves and grass, lush green forest background"
"extreme close up, front angle of a brown serum bottle standing on a rock covered in tiny leaves and grass, lush green forest background_6.png","extreme close up, front angle of a brown serum bottle standing on a rock covered in tiny leaves and grass, lush green forest background"
"extreme close up, front angle of a black bottle standing on a rock covered in tiny leaves and grass, lush green forest background_3.png","extreme close up, front angle of a black bottle standing on a rock covered in tiny leaves and grass, lush green forest background"
"extreme close up, front angle of a wine bottle standing on a rock covered in tiny leaves and grass, lush green forest background_11.png","extreme close up, front angle of a wine bottle standing on a rock covered in tiny leaves and grass, lush green forest background"
"close up, front angle of a black bottle standing on a rock covered in tiny leaves and grass, lush green forest background_0.png","close up, front angle of a black bottle standing on a rock covered in tiny leaves and grass, lush green forest background"
"extreme close up, front angle of a wine bottle standing on a rock covered in tiny leaves and grass, lush green forest background_12.png","extreme close up, front angle of a wine bottle standing on a rock covered in tiny leaves and grass, lush green forest background"
"close up, front angle of a black bottle standing on a rock covered in tiny leaves and grass, lush green forest background_2.png","close up, front angle of a black bottle standing on a rock covered in tiny leaves and grass, lush green forest background"
