image_file,caption
"photoshoot of a black female model standing on white floor in gym, dumbbells and treadmill in background, distant shot_0.png","photoshoot of a black female model standing on white floor in gym, dumbbells and treadmill in background, distant shot"
"photoshoot of a black male model standing on white floor in gym, dumbbells and treadmill in background, distant shot_1.png","photoshoot of a black male model standing on white floor in gym, dumbbells and treadmill in background, distant shot"
"photoshoot of a black male model wearing t-shirt and pant standing on white floor in gym, dumbbells and treadmill in background, distant shot_2.png","photoshoot of a black male model wearing t-shirt and pant standing on white floor in gym, dumbbells and treadmill in background, distant shot"
"photoshoot of a chines female model standing on white floor in gym, dumbbells and treadmill in background, distant shot_3.png","photoshoot of a chines female model standing on white floor in gym, dumbbells and treadmill in background, distant shot"
"photoshoot of a chines female model standing on white floor in gym, dumbbells and treadmill in background, distant shot_4.png","photoshoot of a chines female model standing on white floor in gym, dumbbells and treadmill in background, distant shot"
"photoshoot of a chines female model standing on white floor in gym, dumbbells and treadmill in background, distant shot_5.png","photoshoot of a chines female model standing on white floor in gym, dumbbells and treadmill in background, distant shot"
"photoshoot of a indian female model standing on white floor in gym, dumbbells and treadmill in background, distant shot_6.png","photoshoot of a indian female model standing on white floor in gym, dumbbells and treadmill in background, distant shot"
"photoshoot of a indian female model standing on white floor in gym, dumbbells and treadmill in background, distant shot_7.png","photoshoot of a indian female model standing on white floor in gym, dumbbells and treadmill in background, distant shot"
"photoshoot of a indian female model standing on white floor in gym, dumbbells and treadmill in background, distant shot_8.png","photoshoot of a indian female model standing on white floor in gym, dumbbells and treadmill in background, distant shot"
"photoshoot of a indian male model wearing t-shirt and black pant standing on white floor in gym, dumbbells and treadmill in background, distant shot_10.png","photoshoot of a indian male model wearing t-shirt and black pant standing on white floor in gym, dumbbells and treadmill in background, distant shot"
"photoshoot of a indian male model wearing t-shirt and black pant standing on white floor in gym, dumbbells and treadmill in background, distant shot_9.png","photoshoot of a indian male model wearing t-shirt and black pant standing on white floor in gym, dumbbells and treadmill in background, distant shot"
