image_file,caption
"photoshoot of a indian female model wearing kurta and black pant standing on marble floor, stairs in background_0.png","photoshoot of a indian female model wearing kurta and black pant standing on marble floor, stairs in background"
"photoshoot of a indian female model wearing kurta and black pant standing on marble floor, stairs in background_1.png","photoshoot of a indian female model wearing kurta and black pant standing on marble floor, stairs in background"
"photoshoot of black male model wearing green t-shirt and black pant standing on marble floor, stairs in background, distant shot_2.png","photoshoot of black male model wearing green t-shirt and black pant standing on marble floor, stairs in background, distant shot"
"photoshoot of black male model wearing green t-shirt and black pant standing on marble floor, stairs in background, distant shot_3.png","photoshoot of black male model wearing green t-shirt and black pant standing on marble floor, stairs in background, distant shot"
"photoshoot of chinese female model wearing blue top and black pant standing on marble floor, stairs in background, distant shot_4.png","photoshoot of chinese female model wearing blue top and black pant standing on marble floor, stairs in background, distant shot"
"photoshoot of chinese female model wearing blue top and black pant standing on marble floor, stairs in background, distant shot_5.png","photoshoot of chinese female model wearing blue top and black pant standing on marble floor, stairs in background, distant shot"
"photoshoot of chinese female model wearing blue top and black pant standing on marble floor, stairs in background, distant shot_6.png","photoshoot of chinese female model wearing blue top and black pant standing on marble floor, stairs in background, distant shot"
"photoshoot of indian female model wearing white kurta and black pant standing on marble floor, stairs in background, distant shot_7.png","photoshoot of indian female model wearing white kurta and black pant standing on marble floor, stairs in background, distant shot"
"photoshoot of white female model standing on marble floor, stairs in background_8.png","photoshoot of white female model standing on marble floor, stairs in background"
"photoshoot of white female model standing on marble floor, stairs in background_9.png","photoshoot of white female model standing on marble floor, stairs in background"
