image_file,caption
close up of a black shampoo bottle on a black reflective surface surrounded by purple delphinium flowers_0.png,close up of a black shampoo bottle on a black reflective surface surrounded by purple delphinium flowers
close up of a green purse on a reflective surface surrounded by delphinium flowers_0.png,close up of a green purse on a reflective surface surrounded by delphinium flowers
close up of a A blue shampoo bottle on a blue reflective surface surrounded by blue delphinium flowers_1.png,close up of a A blue shampoo bottle on a blue reflective surface surrounded by blue delphinium flowers
close up of a A blue shampoo bottle on a blue reflective surface surrounded by blue delphinium flowers_2.png,close up of a A blue shampoo bottle on a blue reflective surface surrounded by blue delphinium flowers
close up of a black shampoo bottle on a black reflective surface surrounded by purple delphinium flowers_1.png,close up of a black shampoo bottle on a black reflective surface surrounded by purple delphinium flowers
close up of a brown serum bottle on a blue reflective surface surrounded by delphinium flowers_1.png,close up of a brown serum bottle on a blue reflective surface surrounded by delphinium flowers
close up of a green purse on a reflective surface surrounded by delphinium flowers_1.png,close up of a green purse on a reflective surface surrounded by delphinium flowers
close up of a A blue shampoo bottle on a blue reflective surface surrounded by blue delphinium flowers_0.png,close up of a A blue shampoo bottle on a blue reflective surface surrounded by blue delphinium flowers
close up of a brown serum bottle on a blue reflective surface surrounded by delphinium flowers_0.png,close up of a brown serum bottle on a blue reflective surface surrounded by delphinium flowers
close up of a green purse on a blue reflective surface surrounded by blue delphinium flowers_0.png,close up of a green purse on a blue reflective surface surrounded by blue delphinium flowers
