image_file,caption
"closeup, a wine bottle standing on a circular glass platform on serene blue water, a glowing blue arch or circle in background, blue purple gradient background, minimal_10.png","closeup, a wine bottle standing on a circular glass platform on serene blue water, a glowing blue arch or circle in background, blue purple gradient background, minimal"
"A serum bottle standing on a circular glass platform on serene blue water, a glowing blue arch or circle in background, blue purple gradient background, minimal_1.png","A serum bottle standing on a circular glass platform on serene blue water, a glowing blue arch or circle in background, blue purple gradient background, minimal"
"A serum bottle standing on a circular glass platform on serene blue water, a glowing blue arch or circle in background, blue purple gradient background, minimal_0.png","A serum bottle standing on a circular glass platform on serene blue water, a glowing blue arch or circle in background, blue purple gradient background, minimal"
"closeup, a serum bottle standing on a circular glass platform on serene blue water, a glowing blue circle arch in background, blue purple gradient background, minimal_9.png","closeup, a serum bottle standing on a circular glass platform on serene blue water, a glowing blue circle arch in background, blue purple gradient background, minimal"
"A serum bottle standing on a circular glass platform on serene blue water, a glowing blue arch or circle in background, blue purple gradient background, minimal_2.png","A serum bottle standing on a circular glass platform on serene blue water, a glowing blue arch or circle in background, blue purple gradient background, minimal"
"closeup, a serum bottle standing on a circular glass platform on serene blue water, a glowing blue circle arch in background, blue purple gradient background, minimal_8.png","closeup, a serum bottle standing on a circular glass platform on serene blue water, a glowing blue circle arch in background, blue purple gradient background, minimal"
"closeup, high angle shot a brown perfume bottle standing on a circular glass platform, on serene blue water, a glowing blue arch or circle in background, blue purple gradient background, minimal_11.png","closeup, high angle shot a brown perfume bottle standing on a circular glass platform, on serene blue water, a glowing blue arch or circle in background, blue purple gradient background, minimal"
"A serum bottle standing on a circular glass platform on water, a glowing arch or circle in background_3.png","A serum bottle standing on a circular glass platform on water, a glowing arch or circle in background"
"closeup, a brown serum bottle standing on a circular glass platform, on serene blue water, a glowing blue arch or circle in background, blue purple gradient background, minimal_7.png","closeup, a brown serum bottle standing on a circular glass platform, on serene blue water, a glowing blue arch or circle in background, blue purple gradient background, minimal"
"closeup, a brown serum bottle standing on a circular glass platform, on serene blue water, a glowing blue arch or circle in background, blue purple gradient background, minimal_6.png","closeup, a brown serum bottle standing on a circular glass platform, on serene blue water, a glowing blue arch or circle in background, blue purple gradient background, minimal"
"closeup, a blue bottle standing on a circular glass platform, on serene blue water, a glowing blue arch or circle in background, blue purple gradient background, minimal_4.png","closeup, a blue bottle standing on a circular glass platform, on serene blue water, a glowing blue arch or circle in background, blue purple gradient background, minimal"
"closeup, a blue bottle standing on a circular glass platform, on serene blue water, a glowing blue arch or circle in background, blue purple gradient background, minimal_5.png","closeup, a blue bottle standing on a circular glass platform, on serene blue water, a glowing blue arch or circle in background, blue purple gradient background, minimal"
