image_file,caption
A brown serum bottle on a bed of green leaves_0.png,A brown serum bottle on a bed of green leaves
"top angle view, A red bottle on a bed of green leaves_3.png","top angle view, A red bottle on a bed of green leaves"
"top angle view, A red purse on a bed of green leaves_5.png","top angle view, A red purse on a bed of green leaves"
"top angle view, A yellow bottle on a bed of green leaves_7.png","top angle view, A yellow bottle on a bed of green leaves"
A brown serum bottle on a bed of green leaves_1.png,A brown serum bottle on a bed of green leaves
"top angle view, A red purse on a bed of green leaves_4.png","top angle view, A red purse on a bed of green leaves"
"top angle view, A yellow bottle on a bed of green leaves_6.png","top angle view, A yellow bottle on a bed of green leaves"
A brown serum bottle on a bed of green leaves_2.png,A brown serum bottle on a bed of green leaves
