image_file,caption
A pink skincare tube on a rock in front of a lake and hills in background_5.png,A pink skincare tube on a rock in front of a lake and hills in background
A wine bottle on a rock in front of a lake and hills in background_7.png,A wine bottle on a rock in front of a lake and hills in background
A brown serum bottle on a rock in front of a lake and hills in background_3.png,A brown serum bottle on a rock in front of a lake and hills in background
A pink skincare tube on a rock in front of a lake and hills in background_6.png,A pink skincare tube on a rock in front of a lake and hills in background
A black backpack on a rock in front of a lake and hills in background_0.png,A black backpack on a rock in front of a lake and hills in background
A wine bottle on a rock in front of a lake and hills in background_8.png,A wine bottle on a rock in front of a lake and hills in background
A black backpack on a rock in front of a lake and hills in background_1.png,A black backpack on a rock in front of a lake and hills in background
A brown serum bottle on a rock in front of a lake and hills in background_2.png,A brown serum bottle on a rock in front of a lake and hills in background
A brown serum bottle on a rock in front of a lake and hills in background_4.png,A brown serum bottle on a rock in front of a lake and hills in background
A wine bottle on a rock in front of a lake and hills in background_9.png,A wine bottle on a rock in front of a lake and hills in background
