image_file,caption
"blue skincare tube, kept on a glacier, with snowy blurred planets in the beige background, product shoot_1.png","blue skincare tube, kept on a glacier, with snowy blurred planets in the beige background, product shoot"
"brown serum bottle, kept on a white glacier, with snow, blurred planets in the beige background, product shoot_3.png","brown serum bottle, kept on a white glacier, with snow, blurred planets in the beige background, product shoot"
"wine bottle, kept on a glacier, with snowy blurred planets in the beige background, product shoot_8.png","wine bottle, kept on a glacier, with snowy blurred planets in the beige background, product shoot"
"milk bottle, kept on a glacier, with snowy blurred planets in the beige background, product shoot_7.png","milk bottle, kept on a glacier, with snowy blurred planets in the beige background, product shoot"
"brown serum bottle, kept on a white glacier, with snow, blurred planets in the beige background, product shoot_4.png","brown serum bottle, kept on a white glacier, with snow, blurred planets in the beige background, product shoot"
"wine bottle, kept on a glacier, with snowy blurred planets in the beige background, product shoot_9.png","wine bottle, kept on a glacier, with snowy blurred planets in the beige background, product shoot"
"milk bottle, kept on a glacier, with snowy blurred planets in the beige background, product shoot_5.png","milk bottle, kept on a glacier, with snowy blurred planets in the beige background, product shoot"
"blue skincare tube, kept on a glacier, with snowy blurred planets in the beige background, product shoot_0.png","blue skincare tube, kept on a glacier, with snowy blurred planets in the beige background, product shoot"
"milk bottle, kept on a glacier, with snowy blurred planets in the beige background, product shoot_6.png","milk bottle, kept on a glacier, with snowy blurred planets in the beige background, product shoot"
"brown serum bottle, kept on a glacier, with snowy blurred planets in the beige background, product shoot_2.png","brown serum bottle, kept on a glacier, with snowy blurred planets in the beige background, product shoot"
