image_file,caption
"closeup, A black perfume bottle on a black rock with a city at night in the background_5.png","closeup, A black perfume bottle on a black rock with a city at night in the background"
"closeup, A black perfume bottle on a black rock with a city at night in the background_6.png","closeup, A black perfume bottle on a black rock with a city at night in the background"
"closeup, A black perfume bottle on a black rock with a city at night in the background_7.png","closeup, A black perfume bottle on a black rock with a city at night in the background"
A green beer bottle on a black rock with a city at night in the background_1.png,A green beer bottle on a black rock with a city at night in the background
"closeup, A brown serum bottle on a black rock with a city at night in the background_10.png","closeup, A brown serum bottle on a black rock with a city at night in the background"
A green beer bottle on a black rock with a city at night in the background_0.png,A green beer bottle on a black rock with a city at night in the background
A serum bottle on a black rock with a city at night in the background_3.png,A serum bottle on a black rock with a city at night in the background
A serum bottle on a black rock with a city at night in the background_2.png,A serum bottle on a black rock with a city at night in the background
A serum bottle on a black rock with a city at night in the background_4.png,A serum bottle on a black rock with a city at night in the background
"closeup, A brown serum bottle on a black rock with a city at night in the background_9.png","closeup, A brown serum bottle on a black rock with a city at night in the background"
"closeup, A black perfume bottle on a black rock with a city at night in the background_8.png","closeup, A black perfume bottle on a black rock with a city at night in the background"
