image_file,caption
brown Chanel perfume bottle kept on a balcony ledge outdoors with Parisian street in background_4.png,brown Chanel perfume bottle kept on a balcony ledge outdoors with Parisian street in background
brown Chanel perfume bottle kept on a balcony ledge outdoors with Parisian street in background_5.png,brown Chanel perfume bottle kept on a balcony ledge outdoors with Parisian street in background
sunglasses kept on a balcony ledge outdoors with Parisian street in background_6.png,sunglasses kept on a balcony ledge outdoors with Parisian street in background
wine bottle kept on a balcony ledge outdoors with Parisian street in background_9.png,wine bottle kept on a balcony ledge outdoors with Parisian street in background
sunglasses kept on a balcony ledge outdoors with Parisian street in background_7.png,sunglasses kept on a balcony ledge outdoors with Parisian street in background
sunglasses kept on a balcony ledge outdoors with Parisian street in background_8.png,sunglasses kept on a balcony ledge outdoors with Parisian street in background
A brown serum bottle kept on a balcony ledge outdoors with Parisian street in background_0.png,A brown serum bottle kept on a balcony ledge outdoors with Parisian street in background
wine bottle kept on a balcony ledge outdoors with Parisian street in background_10.png,wine bottle kept on a balcony ledge outdoors with Parisian street in background
brown Chanel perfume bottle kept on a balcony ledge outdoors with Parisian street in background_3.png,brown Chanel perfume bottle kept on a balcony ledge outdoors with Parisian street in background
brown Chanel perfume bottle kept on a balcony ledge outdoors with Parisian street in background_2.png,brown Chanel perfume bottle kept on a balcony ledge outdoors with Parisian street in background
A brown serum bottle kept on a balcony ledge outdoors with Parisian street in background_1.png,A brown serum bottle kept on a balcony ledge outdoors with Parisian street in background
