image_file,caption
"A blue purse is standing on a shelf next to a off white wall, sunlight at an angle_3.png","A blue purse is standing on a shelf next to a off white wall, sunlight at an angle"
"A tiny speaker is standing on a shelf next to a white wall, sunlight at an angle_3.png","A tiny speaker is standing on a shelf next to a white wall, sunlight at an angle"
"A tiny speaker is standing on a shelf next to a white wall, sunlight at an angle_1.png","A tiny speaker is standing on a shelf next to a white wall, sunlight at an angle"
"A red bottle is standing on a shelf next to a white wall, sunlight at an angle.png","A red bottle is standing on a shelf next to a white wall, sunlight at an angle.png"
"A perfume bottle is standing on a shelf next to a off white wall, sunlight at an angle_2.png","A perfume bottle is standing on a shelf next to a off white wall, sunlight at an angle"
"A perfume bottle is standing on a shelf next to a white wall, sunlight at an angle_1.png","A perfume bottle is standing on a shelf next to a white wall, sunlight at an angle"
"A perfume bottle is standing on a shelf next to a off white wall, sunlight at an angle_4.png","A perfume bottle is standing on a shelf next to a off white wall, sunlight at an angle"
"A red bottle is standing on a shelf next to a white wall, sunlight at an angle_3.png","A red bottle is standing on a shelf next to a white wall, sunlight at an angle"
"A blue purse is standing on a shelf next to a off white wall, sunlight at an angle_1.png","A blue purse is standing on a shelf next to a off white wall, sunlight at an angle"
"A perfume bottle is standing on a shelf next to a off white wall, sunlight at an angle_3.png","A perfume bottle is standing on a shelf next to a off white wall, sunlight at an angle"
"A red bottle is standing on a shelf next to a white wall, sunlight at an angle_2.png","A red bottle is standing on a shelf next to a white wall, sunlight at an angle"
"A blue purse is standing on a shelf next to a off white wall, sunlight at an angle_2.png","A blue purse is standing on a shelf next to a off white wall, sunlight at an angle"
"A tiny speaker is standing on a shelf next to a white wall, sunlight at an angle_2.png","A tiny speaker is standing on a shelf next to a white wall, sunlight at an angle"
