image_file,caption
A grey color theme background with same color platform at bottom A pink color box on the left side A pink color cosmetic bottle with red flower on right side_2.png,A grey color theme background with same color platform at bottom A pink color box on the left side A pink color cosmetic bottle with red flower on right side
"A close up of a black bottle standing on top of a light blue block platform, surrounded by dreamy white , lavender flowers and some leaves, product shot, studio shot_4.png","A close up of a black bottle standing on top of a light blue block platform, surrounded by dreamy white , lavender flowers and some leaves, product shot, studio shot"
"A close up of a serum bottle standing on top of a light pink block platform, surrounded by dreamy flowers and some leaves, product shot, studio shot_2.png","A close up of a serum bottle standing on top of a light pink block platform, surrounded by dreamy flowers and some leaves, product shot, studio shot"
"A close up of a black bottle standing on top of a light blue block platform, surrounded by dreamy white , lavender flowers and some leaves, product shot, studio shot_2.png","A close up of a black bottle standing on top of a light blue block platform, surrounded by dreamy white , lavender flowers and some leaves, product shot, studio shot"
"A close up of a serum bottle standing on top of a light pink block platform, surrounded by dreamy flowers and some leaves, product shot, studio shot_1.png","A close up of a serum bottle standing on top of a light pink block platform, surrounded by dreamy flowers and some leaves, product shot, studio shot"
A product standing on a wooden branch with some pink flowers infront of a pink gradient background_5.png,A product standing on a wooden branch with some pink flowers infront of a pink gradient background
 black shampoo bottle on beige platforms next to two tall yellow flowers_2.png, black shampoo bottle on beige platforms next to two tall yellow flowers
A product standing on a wooden branch with some pink flowers infront of a pink gradient background_2.png,A product standing on a wooden branch with some pink flowers infront of a pink gradient background
 black shampoo bottle on beige platforms next to two tall yellow flowers_7.png, black shampoo bottle on beige platforms next to two tall yellow flowers
A cosmetic bottle standing on a wooden branch with some pink flowers infront of a pink gradient background_1.png,A cosmetic bottle standing on a wooden branch with some pink flowers infront of a pink gradient background
"A close up of a shampoo bottle standing on top of a light yellow block platform, surrounded by dreamy flowers and some leaves, product shot, studio shot_1.png","A close up of a shampoo bottle standing on top of a light yellow block platform, surrounded by dreamy flowers and some leaves, product shot, studio shot"
A product standing on a wooden branch with some pink flowers infront of a pink gradient background_3.png,A product standing on a wooden branch with some pink flowers infront of a pink gradient background
"A close up of a serum bottle standing on top of a light pink block platform, surrounded by dreamy flowers and some leaves, product shot, studio shot_4.png","A close up of a serum bottle standing on top of a light pink block platform, surrounded by dreamy flowers and some leaves, product shot, studio shot"
A product standing on a wooden branch with some pink flowers infront of a pink gradient background_6.png,A product standing on a wooden branch with some pink flowers infront of a pink gradient background
"A close up of a brown serum bottle standing on top of a white block platform, brown background surrounded by dreamy flowers and some leaves, product shot, studio shot_3.png","A close up of a brown serum bottle standing on top of a white block platform, brown background surrounded by dreamy flowers and some leaves, product shot, studio shot"
"A close up of a shampoo bottle standing on top of a light yellow block platform, surrounded by dreamy flowers and some leaves, product shot, studio shot_4.png","A close up of a shampoo bottle standing on top of a light yellow block platform, surrounded by dreamy flowers and some leaves, product shot, studio shot"
"A close up of a brown serum bottle standing on top of a white block platform, brown background surrounded by dreamy flowers and some leaves, product shot, studio shot_4.png","A close up of a brown serum bottle standing on top of a white block platform, brown background surrounded by dreamy flowers and some leaves, product shot, studio shot"
"A close up of a shampoo bottle standing on top of a light yellow block platform, surrounded by dreamy flowers and some leaves, product shot, studio shot_3.png","A close up of a shampoo bottle standing on top of a light yellow block platform, surrounded by dreamy flowers and some leaves, product shot, studio shot"
"A close up of a black bottle standing on top of a light blue block platform, surrounded by dreamy white , lavender flowers and some leaves, product shot, studio shot_1.png","A close up of a black bottle standing on top of a light blue block platform, surrounded by dreamy white , lavender flowers and some leaves, product shot, studio shot"
"A close up of a shampoo bottle standing on top of a light yellow block platform, surrounded by dreamy flowers and some leaves, product shot, studio shot_2.png","A close up of a shampoo bottle standing on top of a light yellow block platform, surrounded by dreamy flowers and some leaves, product shot, studio shot"
A product standing on a wooden branch with some pink flowers infront of a pink gradient background_4.png,A product standing on a wooden branch with some pink flowers infront of a pink gradient background
"A close up of a serum bottle standing on top of a light pink block platform, surrounded by dreamy flowers and some leaves, product shot, studio shot_3.png","A close up of a serum bottle standing on top of a light pink block platform, surrounded by dreamy flowers and some leaves, product shot, studio shot"
