image_file,caption
"A wine bottle standing, surrounded by glitter, white background_10.png","A wine bottle standing, surrounded by glitter, white background"
"A beige bottle standing, surrounded by glitter, white background_1.png","A beige bottle standing, surrounded by glitter, white background"
"A dark blue perfume bottle standing, surrounded by glitter falling from top, white background_5.png","A dark blue perfume bottle standing, surrounded by glitter falling from top, white background"
"A golden sqaure perfume bottle standing, surrounded by glitter falling from top, white background_9.png","A golden sqaure perfume bottle standing, surrounded by glitter falling from top, white background"
"A blue lotion bottle standing, surrounded by glitter, white background_2.png","A blue lotion bottle standing, surrounded by glitter, white background"
"A golden perfume bottle standing, surrounded by glitter, white background_8.png","A golden perfume bottle standing, surrounded by glitter, white background"
"A beige bottle standing, surrounded by glitter, white background_0.png","A beige bottle standing, surrounded by glitter, white background"
"A brown serum bottle standing, surrounded by glitter, white background_4.png","A brown serum bottle standing, surrounded by glitter, white background"
"A blue perfume bottle standing, surrounded by glitter, white background_3.png","A blue perfume bottle standing, surrounded by glitter, white background"
"A dark blue perfume bottle standing, surrounded by glitter falling from top, white background_6.png","A dark blue perfume bottle standing, surrounded by glitter falling from top, white background"
"A golden perfume bottle standing, surrounded by glitter, white background_7.png","A golden perfume bottle standing, surrounded by glitter, white background"
