image_file,caption
"High angle shot, extreme macro close up of a brown serum bottle standing next to a large grey-black rock in background covers full screen, on white surface with water ripples on it,_7.png","High angle shot, extreme macro close up of a brown serum bottle standing next to a large grey-black rock in background covers full screen, on white surface with water ripples on it,"
"High angle shot, extreme macro close up of a brown serum bottle standing next to a large grey-black rock in background covers full screen, on white surface with water ripples on it,_9.png","High angle shot, extreme macro close up of a brown serum bottle standing next to a large grey-black rock in background covers full screen, on white surface with water ripples on it,"
"High angle shot, extreme macro close up of a brown serum bottle standing next to a large grey-black rock in background covers full screen, on white surface with water ripples on it,_8.png","High angle shot, extreme macro close up of a brown serum bottle standing next to a large grey-black rock in background covers full screen, on white surface with water ripples on it,"
"High angle shot, extreme macro close up of a blue perfume bottle standing next to a large grey-black rock, on white surface with water ripples on it,_6.png","High angle shot, extreme macro close up of a blue perfume bottle standing next to a large grey-black rock, on white surface with water ripples on it,"
"High angle shot, extreme macro close up of a blue perfume bottle standing next to a large grey-black rock, on white surface with water ripples on it,_3.png","High angle shot, extreme macro close up of a blue perfume bottle standing next to a large grey-black rock, on white surface with water ripples on it,"
"High angle shot, extreme macro close up of a brown serum bottle standing next to a large grey-black rock in background covers full screen, on white surface with water ripples on it,_10.png","High angle shot, extreme macro close up of a brown serum bottle standing next to a large grey-black rock in background covers full screen, on white surface with water ripples on it,"
"High angle shot, a blue perfume bottle standing on white surface with water, next to a large grey-black rock_0.png","High angle shot, a blue perfume bottle standing on white surface with water, next to a large grey-black rock"
"High angle shot, extreme close up of a blue perfume bottle standing on white surface with water ripples on it, next to a large grey-black rock_2.png","High angle shot, extreme close up of a blue perfume bottle standing on white surface with water ripples on it, next to a large grey-black rock"
"High angle shot, extreme macro close up of a blue perfume bottle standing next to a large grey-black rock, on white surface with water ripples on it,_5.png","High angle shot, extreme macro close up of a blue perfume bottle standing next to a large grey-black rock, on white surface with water ripples on it,"
"High angle shot, extreme macro close up of a blue perfume bottle standing next to a large grey-black rock, on white surface with water ripples on it,_4.png","High angle shot, extreme macro close up of a blue perfume bottle standing next to a large grey-black rock, on white surface with water ripples on it,"
"High angle shot, extreme close up of a blue perfume bottle standing on white surface with water ripples on it, next to a large grey-black rock_1.png","High angle shot, extreme close up of a blue perfume bottle standing on white surface with water ripples on it, next to a large grey-black rock"
