image_file,caption
"A blue perfume standing on platform in front of a model wearing pink dress catwalking on a runway, runway is pink_3.png","A blue perfume standing on platform in front of a model wearing pink dress catwalking on a runway, runway is pink"
"A lavender perfume standing on platform in front of an European model wearing pink dress catwalking on a runway, runway is pink_1.png","A lavender perfume standing on platform in front of an European model wearing pink dress catwalking on a runway, runway is pink"
"A lavender perfume standing on platform in front of a model wearing pink dress catwalking on a runway, runway is pink_5.png","A lavender perfume standing on platform in front of a model wearing pink dress catwalking on a runway, runway is pink"
A gold serum bottle standing on platform in front of a model wearing pink dress catwalking on fashion runway_8.png,A gold serum bottle standing on platform in front of a model wearing pink dress catwalking on fashion runway
"A blue perfume standing on platform in front of a model wearing pink dress catwalking on a runway, runway is pink_2.png","A blue perfume standing on platform in front of a model wearing pink dress catwalking on a runway, runway is pink"
A gold serum bottle standing on platform in front of a model wearing pink dress catwalking on fashion runway_7.png,A gold serum bottle standing on platform in front of a model wearing pink dress catwalking on fashion runway
"A lavender perfume standing on platform in front of an European model wearing pink dress catwalking on a runway, runway is pink_6.png","A lavender perfume standing on platform in front of an European model wearing pink dress catwalking on a runway, runway is pink"
"A blue perfume standing on platform in front of a model wearing pink dress catwalking on a runway, runway is pink_4.png","A blue perfume standing on platform in front of a model wearing pink dress catwalking on a runway, runway is pink"
