image_file,caption
"product photoshoot of brown serum bottle on wooden chopping board on white kitchen table, vegetables around it, kitchen background, focus on product, minimal_4.png","product photoshoot of brown serum bottle on wooden chopping board on white kitchen table, vegetables around it, kitchen background, focus on product, minimal"
"product photoshoot of stain steel glass standing on wooden chopping board on kitchen table, vegetables around it, minimal, top down shot_7.png","product photoshoot of stain steel glass standing on wooden chopping board on kitchen table, vegetables around it, minimal, top down shot"
"product photoshoot of brown serum bottle on wooden chopping board on white kitchen table, vegetables around it, kitchen background, focus on product_2.png","product photoshoot of brown serum bottle on wooden chopping board on white kitchen table, vegetables around it, kitchen background, focus on product"
"product photoshoot of brown serum bottle on wooden chopping board on white kitchen table, vegetables around it, kitchen background, focus on product_3.png","product photoshoot of brown serum bottle on wooden chopping board on white kitchen table, vegetables around it, kitchen background, focus on product"
"product photoshoot of yellow powder bottle with plain cap on wooden chopping board on white kitchen table, vegetables around it, kitchen background, focus on product, minimal_9.png","product photoshoot of yellow powder bottle with plain cap on wooden chopping board on white kitchen table, vegetables around it, kitchen background, focus on product, minimal"
"product photoshoot of red water bottle with plain cap on wooden chopping board on white kitchen table, vegetables around it, kitchen background, focus on product, minimal_6.png","product photoshoot of red water bottle with plain cap on wooden chopping board on white kitchen table, vegetables around it, kitchen background, focus on product, minimal"
"product photoshoot of red water bottle with plain cap on wooden chopping board on white kitchen table, vegetables around it, kitchen background, focus on product, minimal_5.png","product photoshoot of red water bottle with plain cap on wooden chopping board on white kitchen table, vegetables around it, kitchen background, focus on product, minimal"
"product photoshoot of yellow powder bottle with plain cap on wooden chopping board on white kitchen table, vegetables around it, kitchen background, focus on product, minimal_8.png","product photoshoot of yellow powder bottle with plain cap on wooden chopping board on white kitchen table, vegetables around it, kitchen background, focus on product, minimal"
"product photoshoot of blue perfume bottle with plain cap on wooden chopping board on white kitchen table, vegetables around it, kitchen background, focus on product, minimal_0.png","product photoshoot of blue perfume bottle with plain cap on wooden chopping board on white kitchen table, vegetables around it, kitchen background, focus on product, minimal"
"product photoshoot of blue perfume bottle with plain cap on wooden chopping board on white kitchen table, vegetables around it, kitchen background, focus on product, minimal_1.png","product photoshoot of blue perfume bottle with plain cap on wooden chopping board on white kitchen table, vegetables around it, kitchen background, focus on product, minimal"
