image_file,caption
"product photoshoot of blue perfume bottle lying on a surface at an angle, highly detailed, top down shot_2.png","product photoshoot of blue perfume bottle lying on a surface at an angle, highly detailed, top down shot"
"product photoshoot of blue perfume bottle lying on a surface at an angle, highly detailed, top down shot_3.png","product photoshoot of blue perfume bottle lying on a surface at an angle, highly detailed, top down shot"
"product photoshoot of pink skincae tube lying on a surface at an angle, highly detailed, top down shot_4.png","product photoshoot of pink skincae tube lying on a surface at an angle, highly detailed, top down shot"
"product photoshoot of serum bottle lying on a surface at an angle, highly detailed, top down shot_5.png","product photoshoot of serum bottle lying on a surface at an angle, highly detailed, top down shot"
"product photoshoot of serum bottle lying on a surface at an angle, highly detailed, top down shot_6.png","product photoshoot of serum bottle lying on a surface at an angle, highly detailed, top down shot"
"product photoshoot of solid blue bottle lying on a surface at an angle, highly detailed, top down shot_7.png","product photoshoot of solid blue bottle lying on a surface at an angle, highly detailed, top down shot"
"product photoshoot of solid red water bottle lying on a surface at an angle, highly detailed, top down shot_8.png","product photoshoot of solid red water bottle lying on a surface at an angle, highly detailed, top down shot"
"product photoshoot of solid red water bottle lying on a surface at an angle, highly detailed, top down shot_9.png","product photoshoot of solid red water bottle lying on a surface at an angle, highly detailed, top down shot"
"product photoshoot of Wine bottle lying on a surface at an angle, highly detailed, top down shot_0.png","product photoshoot of Wine bottle lying on a surface at an angle, highly detailed, top down shot"
"product photoshoot of Wine bottle lying on a surface at an angle, highly detailed, top down shot_1.png","product photoshoot of Wine bottle lying on a surface at an angle, highly detailed, top down shot"
