image_file,caption
"closeup of a brown serum bottle on a grey surface, grey background, background is out of focus_2.png","closeup of a brown serum bottle on a grey surface, grey background, background is out of focus"
"closeup of two gold earrings standing on a grey background, background is out of focus_8.png","closeup of two gold earrings standing on a grey background, background is out of focus"
"closeup of a brown serum bottle on a grey surface, grey background, background is out of focus_1.png","closeup of a brown serum bottle on a grey surface, grey background, background is out of focus"
"closeup of a silver ring standing on a grey background, background is out of focus_4.png","closeup of a silver ring standing on a grey background, background is out of focus"
"closeup of a silver ring standing on a grey background, background is out of focus_3.png","closeup of a silver ring standing on a grey background, background is out of focus"
"closeup of a silver ring standing on a grey background, background is out of focus_5.png","closeup of a silver ring standing on a grey background, background is out of focus"
"closeup of a brown serum bottle on a grey surface, grey background, background is out of focus_0.png","closeup of a brown serum bottle on a grey surface, grey background, background is out of focus"
"closeup of two gold earrings standing on a grey background, background is out of focus_9.png","closeup of two gold earrings standing on a grey background, background is out of focus"
"closeup of two gold earrings standing on a grey background, background is out of focus_7.png","closeup of two gold earrings standing on a grey background, background is out of focus"
"closeup of a silver standing on a grey background, background is out of focus_6.png","closeup of a silver standing on a grey background, background is out of focus"
