image_file,caption
"product photoshoot of brown serum bottle on top of a silky purple pillow, surrounded by a lavender dreamscape with water and purple clouds, sunray backlight, studio lighting, octane rendering_8.png","product photoshoot of brown serum bottle on top of a silky purple pillow, surrounded by a lavender dreamscape with water and purple clouds, sunray backlight, studio lighting, octane rendering"
"product photoshoot of a solid red bottle on top of a silky purple pillow, surrounded by a lavender dreamscape with water and purple clouds, sunray backlight, studio lighting, octane rendering_2.png","product photoshoot of a solid red bottle on top of a silky purple pillow, surrounded by a lavender dreamscape with water and purple clouds, sunray backlight, studio lighting, octane rendering"
"product photoshoot of blue perfume bottle on top of a silky purple pillow, surrounded by a lavender dreamscape with water and purple clouds, sunray backlight, studio lighting, octane rendering_4.png","product photoshoot of blue perfume bottle on top of a silky purple pillow, surrounded by a lavender dreamscape with water and purple clouds, sunray backlight, studio lighting, octane rendering"
"product photoshoot of a solid red bottle on top of a silky purple pillow, surrounded by a lavender dreamscape with water and purple clouds, sunray backlight, studio lighting, octane rendering_1.png","product photoshoot of a solid red bottle on top of a silky purple pillow, surrounded by a lavender dreamscape with water and purple clouds, sunray backlight, studio lighting, octane rendering"
"product photoshoot of blue shampoo bottle on top of a silky purple pillow, surrounded by a lavender dreamscape with water and purple clouds, sunray backlight, studio lighting, octane rendering_6.png","product photoshoot of blue shampoo bottle on top of a silky purple pillow, surrounded by a lavender dreamscape with water and purple clouds, sunray backlight, studio lighting, octane rendering"
"product photoshoot of brown serum bottle on top of a silky purple pillow, surrounded by a lavender dreamscape with water and purple clouds, sunray backlight, studio lighting, octane rendering_10.png","product photoshoot of brown serum bottle on top of a silky purple pillow, surrounded by a lavender dreamscape with water and purple clouds, sunray backlight, studio lighting, octane rendering"
"product photoshoot of blue shampoo bottle on top of a silky purple pillow, surrounded by a lavender dreamscape with water and purple clouds, sunray backlight, studio lighting, octane rendering_5.png","product photoshoot of blue shampoo bottle on top of a silky purple pillow, surrounded by a lavender dreamscape with water and purple clouds, sunray backlight, studio lighting, octane rendering"
"product photoshoot of a solid red bottle on top of a silky purple pillow, surrounded by a lavender dreamscape with water and purple clouds, sunray backlight, studio lighting, octane rendering_0.png","product photoshoot of a solid red bottle on top of a silky purple pillow, surrounded by a lavender dreamscape with water and purple clouds, sunray backlight, studio lighting, octane rendering"
"product photoshoot of blue perfume bottle on top of a silky purple pillow, surrounded by a lavender dreamscape with water and purple clouds, sunray backlight, studio lighting, octane rendering_3.png","product photoshoot of blue perfume bottle on top of a silky purple pillow, surrounded by a lavender dreamscape with water and purple clouds, sunray backlight, studio lighting, octane rendering"
"product photoshoot of brown serum bottle on top of a silky purple pillow, surrounded by a lavender dreamscape with water and purple clouds, sunray backlight, studio lighting, octane rendering_9.png","product photoshoot of brown serum bottle on top of a silky purple pillow, surrounded by a lavender dreamscape with water and purple clouds, sunray backlight, studio lighting, octane rendering"
"product photoshoot of brown serum bottle on top of a silky purple pillow, surrounded by a lavender dreamscape with water and purple clouds, sunray backlight, studio lighting, octane rendering_7.png","product photoshoot of brown serum bottle on top of a silky purple pillow, surrounded by a lavender dreamscape with water and purple clouds, sunray backlight, studio lighting, octane rendering"
