image_file,caption
"a green sofa in a realistic room with indoor interior brick wall and natural lighting, photorealistic, 4k, taken by a professional camera, minimal_0.png","a green sofa in a realistic room with indoor interior brick wall and natural lighting, photorealistic, 4k, taken by a professional camera, minimal"
"a green sofa in a realistic room with indoor interior brick wall and natural lighting, photorealistic, with plants hanging at top_1.png","a green sofa in a realistic room with indoor interior brick wall and natural lighting, photorealistic, with plants hanging at top"
"a green sofa in a realistic room with indoor interior brick wall and natural lighting, photorealistic, with plants hanging at top_2.png","a green sofa in a realistic room with indoor interior brick wall and natural lighting, photorealistic, with plants hanging at top"
"a wooden chair in a realistic room with indoor interior brick wall and natural lighting, photorealistic, 4k, taken by a professional camera, 5D, 800K_3.png","a wooden chair in a realistic room with indoor interior brick wall and natural lighting, photorealistic, 4k, taken by a professional camera, 5D, 800K"
"a wooden chair in a realistic room with indoor interior brick wall and natural lighting, photorealistic, 4k, taken by a professional camera, 5D, 800K_4.png","a wooden chair in a realistic room with indoor interior brick wall and natural lighting, photorealistic, 4k, taken by a professional camera, 5D, 800K"
"a wooden chair in a realistic room with indoor interior brick wall and natural lighting, photorealistic, 4k, taken by a professional camera, 5D, 800K_5.png","a wooden chair in a realistic room with indoor interior brick wall and natural lighting, photorealistic, 4k, taken by a professional camera, 5D, 800K"
"a yellow bean bag in a realistic room with indoor interior brick wall and natural lighting, photorealistic, 4k, taken by a professional camera, 5D, 800K_6.png","a yellow bean bag in a realistic room with indoor interior brick wall and natural lighting, photorealistic, 4k, taken by a professional camera, 5D, 800K"
"a yellow bean bag in a realistic room with indoor interior brick wall and natural lighting, photorealistic, 4k, taken by a professional camera, 5D, 800K_7.png","a yellow bean bag in a realistic room with indoor interior brick wall and natural lighting, photorealistic, 4k, taken by a professional camera, 5D, 800K"
