image_file,caption
"a tea jar standing against a solid yellow background, with a bowl of strawberries and tapioca pearls beside it_1.png","a tea jar standing against a solid yellow background, with a bowl of strawberries and tapioca pearls beside it"
a tea jar with a standing white plate behind it and raw ingredients next to it_10.png,a tea jar with a standing white plate behind it and raw ingredients next to it
a tea jar with a standing white plate behind it and raw ingredients next to it_9.png,a tea jar with a standing white plate behind it and raw ingredients next to it
a tea jar with a standing white plate behind it and raw ingredients next to it_3.png,a tea jar with a standing white plate behind it and raw ingredients next to it
"a tea jar with a standing white plate behind it, against a yellow background and raw ingredients next to it_11.png","a tea jar with a standing white plate behind it, against a yellow background and raw ingredients next to it"
a tea jar with a standing white plate behind it and raw ingredients next to it_8.png,a tea jar with a standing white plate behind it and raw ingredients next to it
"a tea jar with a standing white plate behind it, against a yellow background and raw ingredients next to it_17.png","a tea jar with a standing white plate behind it, against a yellow background and raw ingredients next to it"
"a tea jar with a standing white plate behind it, against a yellow background and raw ingredients next to it_15.png","a tea jar with a standing white plate behind it, against a yellow background and raw ingredients next to it"
"a tea jar standing with a solid white plate standing behind it, against a yellow background in studio, with a bowl of strawberries and tapioca pearls beside it_2.png","a tea jar standing with a solid white plate standing behind it, against a yellow background in studio, with a bowl of strawberries and tapioca pearls beside it"
"a tea jar with a standing white plate behind it, against a yellow background and raw ingredients next to it_12.png","a tea jar with a standing white plate behind it, against a yellow background and raw ingredients next to it"
a tea jar with a standing white plate behind it and raw ingredients next to it_5.png,a tea jar with a standing white plate behind it and raw ingredients next to it
"a tea jar with a standing white plate behind it, against a yellow background and raw ingredients next to it_16.png","a tea jar with a standing white plate behind it, against a yellow background and raw ingredients next to it"
a tea jar with a standing white plate behind it and raw ingredients next to it_4.png,a tea jar with a standing white plate behind it and raw ingredients next to it
"a tea jar with a standing white plate behind it, against a yellow background and raw ingredients next to it_13.png","a tea jar with a standing white plate behind it, against a yellow background and raw ingredients next to it"
"a tea jar with a standing white plate behind it, against a yellow background and raw ingredients next to it_14.png","a tea jar with a standing white plate behind it, against a yellow background and raw ingredients next to it"
a tea jar with a standing white plate behind it and raw ingredients next to it_7.png,a tea jar with a standing white plate behind it and raw ingredients next to it
"a tea jar standing against a solid yellow background, with a bowl of strawberries and tapioca pearls beside it_0.png","a tea jar standing against a solid yellow background, with a bowl of strawberries and tapioca pearls beside it"
a tea jar with a standing white plate behind it and raw ingredients next to it_6.png,a tea jar with a standing white plate behind it and raw ingredients next to it
