image_file,caption
"a pair of pearl earrings on a bed of soft, white sand, next to a small pearl shell, aesthetic_3.png","a pair of pearl earrings on a bed of soft, white sand, next to a small pearl shell, aesthetic"
"a pair of pearl earrings on a bed of soft, white sand, next to a small pearl shell, aesthetic_4.png","a pair of pearl earrings on a bed of soft, white sand, next to a small pearl shell, aesthetic"
"a pair of pearl earrings on a bed of soft, white sand, next to a small pearl shell, aesthetic_5.png","a pair of pearl earrings on a bed of soft, white sand, next to a small pearl shell, aesthetic"
"a pair of silver rings on a bed of soft, white sand, next to a small pearl shell, aesthetic_9.png","a pair of silver rings on a bed of soft, white sand, next to a small pearl shell, aesthetic"
"a golden bracelet on a bed of soft, white sand, next to a small pearl shell, aesthetic_2.png","a golden bracelet on a bed of soft, white sand, next to a small pearl shell, aesthetic"
"a pearl necklace on a bed of soft, white sand, next to a small pearl shell, aesthetic_12.png","a pearl necklace on a bed of soft, white sand, next to a small pearl shell, aesthetic"
"a golden bracelet on a bed of soft, white sand, next to a small pearl shell, aesthetic_0.png","a golden bracelet on a bed of soft, white sand, next to a small pearl shell, aesthetic"
"a pair of silver rings on a bed of soft, white sand, next to a small pearl shell, aesthetic_8.png","a pair of silver rings on a bed of soft, white sand, next to a small pearl shell, aesthetic"
"a pearl necklace on a bed of soft, white sand, next to a small pearl shell, aesthetic_10.png","a pearl necklace on a bed of soft, white sand, next to a small pearl shell, aesthetic"
"a pair of pearl earrings on a bed of soft, white sand, next to a small pearl shell, aesthetic_6.png","a pair of pearl earrings on a bed of soft, white sand, next to a small pearl shell, aesthetic"
"a golden bracelet on a bed of soft, white sand, next to a small pearl shell, aesthetic_1.png","a golden bracelet on a bed of soft, white sand, next to a small pearl shell, aesthetic"
"a pair of silver rings on a bed of soft, white sand, next to a small pearl shell, aesthetic_7.png","a pair of silver rings on a bed of soft, white sand, next to a small pearl shell, aesthetic"
"a pearl necklace on a bed of soft, white sand, next to a small pearl shell, aesthetic_11.png","a pearl necklace on a bed of soft, white sand, next to a small pearl shell, aesthetic"
