image_file,caption
A glass bottle of mango drink standing against backdrop of mango slices and lush greenery_16.png,A glass bottle of mango drink standing against backdrop of mango slices and lush greenery
"A  glass bottle , tropical paradise with lush foilage and beach scene surrounded by ripe Malaga mangoes, on a wooden platform, warm sunlight _1.png","A  glass bottle , tropical paradise with lush foilage and beach scene surrounded by ripe Malaga mangoes, on a wooden platform, warm sunlight "
"A glass bottle, tropical paradise with lush foilage and beach scene, surrounded by ripe Malaga mangoes, on a wooden platform, warm sunlight_2.png","A glass bottle, tropical paradise with lush foilage and beach scene, surrounded by ripe Malaga mangoes, on a wooden platform, warm sunlight"
"A small bottle of mango seed hair oil stands on a vanity, with a halved mango and its seed beside it_10.png","A small bottle of mango seed hair oil stands on a vanity, with a halved mango and its seed beside it"
"A liquor bottle sits on a wooden shelf, with ripe mangoes and tropical leaves surrounding it_8.png","A liquor bottle sits on a wooden shelf, with ripe mangoes and tropical leaves surrounding it"
A sleek dropper bottle of mango hydrating serum is placed against a backdrop of mango slices and lush greenery_15.png,A sleek dropper bottle of mango hydrating serum is placed against a backdrop of mango slices and lush greenery
"A  body wash bottle  sits on a wooden shelf, with ripe mangoes and tropical leaves surrounding it_5.png","A  body wash bottle  sits on a wooden shelf, with ripe mangoes and tropical leaves surrounding it"
"A liquor bottle sits on a wooden shelf, with ripe mangoes and tropical leaves surrounding it _9.png","A liquor bottle sits on a wooden shelf, with ripe mangoes and tropical leaves surrounding it "
"A bottle of mango soda wash sits on a wooden shelf, with ripe mangoes and tropical leaves surrounding it_7.png","A bottle of mango soda wash sits on a wooden shelf, with ripe mangoes and tropical leaves surrounding it"
"A bottle of mango soda wash sits on a wooden shelf, with ripe mangoes and tropical leaves surrounding it_6.png","A bottle of mango soda wash sits on a wooden shelf, with ripe mangoes and tropical leaves surrounding it"
