image_file,caption
"close up, green beer can standing on a rock in a small pond in foreground, mountains in background, product shot_9.png","close up, green beer can standing on a rock in a small pond in foreground, mountains in background, product shot"
"close up, green beer can standing on a rock in a small pond in foreground, mountains in background, product shot_8.png","close up, green beer can standing on a rock in a small pond in foreground, mountains in background, product shot"
"close up, brown serum bottle standing on a rock in a small pond in foreground, mountains in background, product shot_6.png","close up, brown serum bottle standing on a rock in a small pond in foreground, mountains in background, product shot"
"close up, brown serum bottle standing on a rock in a small pond in foreground, mountains in background, product shot_7.png","close up, brown serum bottle standing on a rock in a small pond in foreground, mountains in background, product shot"
"close up, brown serum bottle standing on a rock in a small pond in foreground, mountains in background, product shot_5.png","close up, brown serum bottle standing on a rock in a small pond in foreground, mountains in background, product shot"
"close up, brown serum bottle standing on a rock in a small pond in foreground, mountains in background, product shot_4.png","close up, brown serum bottle standing on a rock in a small pond in foreground, mountains in background, product shot"
"close up, green beer can standing on a rock in a small pond in foreground, mountains in background, product shot_10.png","close up, green beer can standing on a rock in a small pond in foreground, mountains in background, product shot"
"close up, blue perfume standing on a rock in a small pond in foreground, mountains in background, product shot_0.png","close up, blue perfume standing on a rock in a small pond in foreground, mountains in background, product shot"
"close up, blue perfume standing on a rock in a small pond in foreground, mountains in background, product shot_1.png","close up, blue perfume standing on a rock in a small pond in foreground, mountains in background, product shot"
"close up, blue perfume standing on a rock in a small pond in foreground, mountains in background, product shot_3.png","close up, blue perfume standing on a rock in a small pond in foreground, mountains in background, product shot"
"close up, blue perfume standing on a rock in a small pond in foreground, mountains in background, product shot_2.png","close up, blue perfume standing on a rock in a small pond in foreground, mountains in background, product shot"
