image_file,caption
A red shampoo bottle on a colored surface in front of a old painted wall_8.png,A red shampoo bottle on a colored surface in front of a old painted wall
A wine bottle on a colored surface in front of a old painted wall_14.png,A wine bottle on a colored surface in front of a old painted wall
A red shampoo bottle on a colored surface in front of a old painted wall_11.png,A red shampoo bottle on a colored surface in front of a old painted wall
A green skincare tube on a colored surface in front of a old painted wall_6.png,A green skincare tube on a colored surface in front of a old painted wall
A brown serum bottle on a colored surface in front of a old painted wall_3.png,A brown serum bottle on a colored surface in front of a old painted wall
A black backpack on a colored surface in front of a old painted wall_0.png,A black backpack on a colored surface in front of a old painted wall
A brown serum bottle on a colored surface in front of a old painted wall_4.png,A brown serum bottle on a colored surface in front of a old painted wall
A red shampoo bottle on a colored surface in front of a old painted wall_9.png,A red shampoo bottle on a colored surface in front of a old painted wall
A brown serum bottle on a colored surface in front of a old painted wall_5.png,A brown serum bottle on a colored surface in front of a old painted wall
A brown serum bottle on a colored surface in front of a old painted wall_2.png,A brown serum bottle on a colored surface in front of a old painted wall
A red shampoo bottle on a colored surface in front of a old painted wall_10.png,A red shampoo bottle on a colored surface in front of a old painted wall
A wine bottle on a colored surface in front of a old painted wall_13.png,A wine bottle on a colored surface in front of a old painted wall
A green skincare tube on a colored surface in front of a old painted wall_7.png,A green skincare tube on a colored surface in front of a old painted wall
A wine bottle on a colored surface in front of a old painted wall_12.png,A wine bottle on a colored surface in front of a old painted wall
A black backpack on a colored surface in front of a old painted wall_1.png,A black backpack on a colored surface in front of a old painted wall
