image_file,caption
"bird eye view, a white facewash tube lying on top of amooth golden background_11.png","bird eye view, a white facewash tube lying on top of amooth golden background"
"bird eye view, a white facewash tube lying on top of amooth golden background_5.png","bird eye view, a white facewash tube lying on top of amooth golden background"
"bird eye view, a white facewash tube lying on top of amooth golden background_10.png","bird eye view, a white facewash tube lying on top of amooth golden background"
"bird eye view, a white facewash tube lying on top of amooth golden background_6.png","bird eye view, a white facewash tube lying on top of amooth golden background"
"bird eye view, a white facewash tube lying on top of amooth golden background_12.png","bird eye view, a white facewash tube lying on top of amooth golden background"
"bird eye view, a white facewash tube lying on top of amooth golden background_7.png","bird eye view, a white facewash tube lying on top of amooth golden background"
"bird eye view, a brown serum bottle lying on top of smooth golden background_2.png","bird eye view, a brown serum bottle lying on top of smooth golden background"
"bird eye view, a brown perfume bottle lying on top of smooth golden fluid_1.png","bird eye view, a brown perfume bottle lying on top of smooth golden fluid"
"bird eye view, a brown perfume bottle lying on top of smooth golden fluid_0.png","bird eye view, a brown perfume bottle lying on top of smooth golden fluid"
"bird eye view, a white facewash tube lying on top of amooth golden background_9.png","bird eye view, a white facewash tube lying on top of amooth golden background"
"bird eye view, a green can tube lying on top of smooth golden background_3.png","bird eye view, a green can tube lying on top of smooth golden background"
"bird eye view, a white facewash tube lying on top of amooth golden background_8.png","bird eye view, a white facewash tube lying on top of amooth golden background"
"bird eye view, a green can tube lying on top of smooth golden background_4.png","bird eye view, a green can tube lying on top of smooth golden background"
