File Name,Caption
A  white drawer in a sunlit room with a beige background_6.jpeg,A  white drawer in a sunlit room with a beige background_6
A double bed with a  bedside table in a minimalistic sunlit room_5.jpeg,A double bed with a  bedside table in a minimalistic sunlit room_5
A showcase table in a sunlit room with a beige background_1.jpeg,A showcase table in a sunlit room with a beige background_1
A double red wood bed with twin bedside tables in a minimalistic sunlit room_10.jpeg,A double red wood bed with twin bedside tables in a minimalistic sunlit room_10
A double bed with twin bedside tables in a minimalistic sunlit room_4.jpeg,A double bed with twin bedside tables in a minimalistic sunlit room_4
A light blue sofa in a sunlit minimalistic living room_7.jpeg,A light blue sofa in a sunlit minimalistic living room_7
A  beige  drawer in a sunlit room with a beige background_9.jpeg,A  beige  drawer in a sunlit room with a beige background_9
A  brown wooden drawer in a sunlit room with a beige background_8.jpeg,A  brown wooden drawer in a sunlit room with a beige background_8
A showcase table in a sunlit room with a beige background_2.jpeg,A showcase table in a sunlit room with a beige background_2
A showcase table in a sunlit room with a beige background_3.jpeg,A showcase table in a sunlit room with a beige background_3
