image_file,caption
"A blue shampoo bottle standing in front of a tree trunk, some leaves around_0.png","A blue shampoo bottle standing in front of a tree trunk, some leaves around"
"A yellow skincare tube bottle standing in front of a tree trunk, some leaves around_9.png","A yellow skincare tube bottle standing in front of a tree trunk, some leaves around"
"A wine bottle standing in front of a tree trunk, some leaves around_6.png","A wine bottle standing in front of a tree trunk, some leaves around"
"A wine bottle standing in front of a tree trunk, some leaves around_5.png","A wine bottle standing in front of a tree trunk, some leaves around"
"A brown serum bottle standing in front of a tree trunk, some leaves around_3.png","A brown serum bottle standing in front of a tree trunk, some leaves around"
"A brown serum bottle standing in front of a tree trunk, some leaves around_4.png","A brown serum bottle standing in front of a tree trunk, some leaves around"
"A blue shampoo bottle standing in front of a tree trunk, some leaves around_1.png","A blue shampoo bottle standing in front of a tree trunk, some leaves around"
"A yellow skincare tube bottle standing in front of a tree trunk, some leaves around_8.png","A yellow skincare tube bottle standing in front of a tree trunk, some leaves around"
"A brown serum bottle standing in front of a tree trunk, some leaves around_2.png","A brown serum bottle standing in front of a tree trunk, some leaves around"
"A yellow skincare tube bottle standing in front of a tree trunk, some leaves around_7.png","A yellow skincare tube bottle standing in front of a tree trunk, some leaves around"
