image_file,caption
A pink perfume on a white platform in front of a streamer decoration_7.png,A pink perfume on a white platform in front of a streamer decoration
A pink perfume on a white platform in front of a streamer decoration_6.png,A pink perfume on a white platform in front of a streamer decoration
A yellow purse perfume on a white platform in front of a streamer decoration_12.png,A yellow purse perfume on a white platform in front of a streamer decoration
A yellow purse perfume on a white platform in front of a streamer decoration_13.png,A yellow purse perfume on a white platform in front of a streamer decoration
A brown perfume bottle on a white platform in front of a streamer decoration_2.png,A brown perfume bottle on a white platform in front of a streamer decoration
A brown perfume bottle on a white platform in front of a streamer decoration_3.png,A brown perfume bottle on a white platform in front of a streamer decoration
A brown perfume bottle on a white platform in front of a streamer decoration_1.png,A brown perfume bottle on a white platform in front of a streamer decoration
A brown perfume bottle on a white platform in front of a streamer decoration_0.png,A brown perfume bottle on a white platform in front of a streamer decoration
A pink perfume on a white platform in front of a streamer decoration_8.png,A pink perfume on a white platform in front of a streamer decoration
A pink perfume on a white platform in front of a streamer decoration_9.png,A pink perfume on a white platform in front of a streamer decoration
A wine bottle on a white platform in front of a streamer decoration_11.png,A wine bottle on a white platform in front of a streamer decoration
A wine bottle on a white platform in front of a streamer decoration_10.png,A wine bottle on a white platform in front of a streamer decoration
A brown serum bottle on a white platform in front of a streamer decoration_5.png,A brown serum bottle on a white platform in front of a streamer decoration
A brown serum bottle on a white platform in front of a streamer decoration_4.png,A brown serum bottle on a white platform in front of a streamer decoration
