image_file,caption
"closeup, An red facewash tube standing on a wooden tray, next to two tiny leaves, minimal, white background , product photoshoot_8.png","closeup, An red facewash tube standing on a wooden tray, next to two tiny leaves, minimal, white background , product photoshoot"
"closeup, A brown serum bottle standing on a wooden tray, next to two tiny leaves, minimal, white background , product photoshoot_2.png","closeup, A brown serum bottle standing on a wooden tray, next to two tiny leaves, minimal, white background , product photoshoot"
"closeup, A white serum bottle on a wooden tray, next to two tiny leaves, minimal, white background_4.png","closeup, A white serum bottle on a wooden tray, next to two tiny leaves, minimal, white background"
"closeup, A big oil bottle standing on a wooden tray, next to two tiny leaves, minimal, white background , product photoshoot_1.png","closeup, A big oil bottle standing on a wooden tray, next to two tiny leaves, minimal, white background , product photoshoot"
"closeup, A big oil bottle standing on a wooden tray, next to two tiny leaves, minimal, white background , product photoshoot_0.png","closeup, A big oil bottle standing on a wooden tray, next to two tiny leaves, minimal, white background , product photoshoot"
"closeup, An red facewash tube standing on a wooden tray, next to two tiny leaves, minimal, white background , product photoshoot_9.png","closeup, An red facewash tube standing on a wooden tray, next to two tiny leaves, minimal, white background , product photoshoot"
"closeup, An oil bottle standing on a wooden tray, next to two tiny leaves, minimal, white background , product photoshoot_7.png","closeup, An oil bottle standing on a wooden tray, next to two tiny leaves, minimal, white background , product photoshoot"
"closeup, An oil bottle standing on a wooden tray, next to two tiny leaves, minimal, white background , product photoshoot_5.png","closeup, An oil bottle standing on a wooden tray, next to two tiny leaves, minimal, white background , product photoshoot"
"closeup, A brown serum bottle standing on a wooden tray, next to two tiny leaves, minimal, white background , product photoshoot_3.png","closeup, A brown serum bottle standing on a wooden tray, next to two tiny leaves, minimal, white background , product photoshoot"
"closeup, An oil bottle standing on a wooden tray, next to two tiny leaves, minimal, white background , product photoshoot_6.png","closeup, An oil bottle standing on a wooden tray, next to two tiny leaves, minimal, white background , product photoshoot"
