image_file,caption
"a human hand with slender fingers holding an glass perfume bottle in open palm upright, product photography_0.png","a human hand with slender fingers holding an glass perfume bottle in open palm upright, product photography"
"a human hand with slender fingers holding an glass perfume bottle in open palm upright, product photography_1.png","a human hand with slender fingers holding an glass perfume bottle in open palm upright, product photography"
"a human hand with slender fingers holding an glass perfume bottle in open palm upright, product photography_2.png","a human hand with slender fingers holding an glass perfume bottle in open palm upright, product photography"
"a human hand with slender fingers holding an glass perfume bottle in open palm upright, product photography_3.png","a human hand with slender fingers holding an glass perfume bottle in open palm upright, product photography"
"a human hand with slender fingers holding an glass perfume bottle in open palm upright, product photography_4.png","a human hand with slender fingers holding an glass perfume bottle in open palm upright, product photography"
"a human hand with slender fingers holding brown serum bottle in open palm upright, hands are horizontal, product photography_5.png","a human hand with slender fingers holding brown serum bottle in open palm upright, hands are horizontal, product photography"
"a human hand with slender fingers holding brown serum bottle in open palm upright, product photography_6.png","a human hand with slender fingers holding brown serum bottle in open palm upright, product photography"
"a human hand with slender fingers holding brown serum bottle in open palm upright, product photography_7.png","a human hand with slender fingers holding brown serum bottle in open palm upright, product photography"
"a human hand with slender fingers holding white cream jar in open palm upright, hands are horizontal, product photography_10.png","a human hand with slender fingers holding white cream jar in open palm upright, hands are horizontal, product photography"
"a human hand with slender fingers holding white cream jar in open palm upright, hands are horizontal, product photography_8.png","a human hand with slender fingers holding white cream jar in open palm upright, hands are horizontal, product photography"
"a human hand with slender fingers holding white cream jar in open palm upright, hands are horizontal, product photography_9.png","a human hand with slender fingers holding white cream jar in open palm upright, hands are horizontal, product photography"
