image_file,caption
"product shoot of a moisturizer cup, kept on a bule glittery mountain cliff, with glittery sand floating in the air infron a black background_3.png","product shoot of a moisturizer cup, kept on a bule glittery mountain cliff, with glittery sand floating in the air infron a black background_3"
"product shoot of a moisturizer cup, kept on a bule glittery mountain cliff, with glittery sand floating in the air infront a black background_4.png","product shoot of a moisturizer cup, kept on a bule glittery mountain cliff, with glittery sand floating in the air infront a black background_4"
"product shoot of a moisturizer cup, kept on a bule glittery mountain cliff, with glittery sand floating in the air infront a black background_5.png","product shoot of a moisturizer cup, kept on a bule glittery mountain cliff, with glittery sand floating in the air infront a black background_5"
"product shoot of a moisturizer cup, kept on a bule glittery mountain cliff, with glittery sand floating in the air infront of a dark background_2.png","product shoot of a moisturizer cup, kept on a bule glittery mountain cliff, with glittery sand floating in the air infront of a dark background_2"
"product shoot of a moisturizer cup, kept on a bule glittery mountain cliff, with glittery sand floating in the air infron a black background_4.png","product shoot of a moisturizer cup, kept on a bule glittery mountain cliff, with glittery sand floating in the air infron a black background_4"
"product shoot of a black cup, kept on a bule glittery mountain cliff, with glittery sand_2.png","product shoot of a black cup, kept on a bule glittery mountain cliff, with glittery sand_2"
"product shoot of a black cup, kept on a bule glittery mountain cliff, with glittery sand_1.png","product shoot of a black cup, kept on a bule glittery mountain cliff, with glittery sand_1"
