image_file,caption
product-shoot-of-a-moisturizer-cup_-kept-on-a-bule-glittery-mountain-cliff_-with-glittery-sand-float_1.png,product-shoot-of-a-moisturizer-cup -kept-on-a-bule-glittery-mountain-cliff -with-glittery-sand-float
"product shoot of a moisturizer cup, kept on a bule glittery mountain cliff, with glittery sand floating in the air infron a black background_4.png","product shoot of a moisturizer cup, kept on a bule glittery mountain cliff, with glittery sand floating in the air infron a black background"
"product shoot of a moisturizer cup, kept on a bule glittery mountain cliff, with glittery sand floating in the air infront a black background_4.png","product shoot of a moisturizer cup, kept on a bule glittery mountain cliff, with glittery sand floating in the air infront a black background"
product-shoot-of-a-moisturizer-cup_-kept-on-a-bule-glittery-mountain-cliff_-with-glittery-sand-float (2).png,product-shoot-of-a-moisturizer-cup -kept-on-a-bule-glittery-mountain-cliff
"product shoot of a moisturizer cup, kept on a bule glittery mountain cliff, with glittery sand floating in the air infron a black background_3.png","product shoot of a moisturizer cup, kept on a bule glittery mountain cliff, with glittery sand floating in the air infron a black background"
"product shoot of a black cup, kept on a bule glittery mountain cliff, with glittery sand_2.png","product shoot of a black cup, kept on a bule glittery mountain cliff, with glittery sand"
product-shoot-of-a-moisturizer-cup_-kept-on-a-bule-glittery-mountain-cliff_-with-glittery-sand-float (3).png,product-shoot-of-a-moisturizer-cup -kept-on-a-bule-glittery-mountain-cliff
"product shoot of a moisturizer cup, kept on a bule glittery mountain cliff, with glittery sand floating in the air infront a black background_5.png","product shoot of a moisturizer cup, kept on a bule glittery mountain cliff, with glittery sand floating in the air infront a black background"
product-shoot-of-a-moisturizer-cup_-kept-on-a-bule-glittery-mountain-cliff_-with-glittery-sand-float.png,product-shoot-of-a-moisturizer-cup -kept-on-a-bule-glittery-mountain-cliff
"product shoot of a black cup, kept on a bule glittery mountain cliff, with glittery sand_1.png","product shoot of a black cup, kept on a bule glittery mountain cliff, with glittery sand"
product-shoot-of-a-moisturizer-cup_-kept-on-a-bule-glittery-mountain-cliff_-with-glittery-sand-float (1).png,product-shoot-of-a-moisturizer-cup -kept-on-a-bule-glittery-mountain-cliff
product-shoot-of-a-black-cup_-kept-on-a-bule-glittery-mountain-cliff_-with-glittery-sand_2.png,product-shoot-of-a-black-cup -kept-on-a-bule-glittery-mountain-cliff -with-glittery-sand
product-shoot-of-a-black-cup_-kept-on-a-bule-glittery-mountain-cliff_-with-glittery-sand_1.png,product-shoot-of-a-black-cup -kept-on-a-bule-glittery-mountain-cliff -with-glittery-sand
"product shoot of a moisturizer cup, kept on a bule glittery mountain cliff, with glittery sand floating in the air infront of a dark background_2.png","product shoot of a moisturizer cup, kept on a bule glittery mountain cliff, with glittery sand floating in the air infront of a dark background"
