image_file,caption
"product photoshoot of solid red bottle standing in a miniature city made of lego, with miniature people around, minimal, close up_12.png","product photoshoot of solid red bottle standing in a miniature city made of lego, with miniature people around, minimal, close up"
"product photography of solid red bottle standing in a miniature city made of lego, with miniature people around, minimal, close up_3.png","product photography of solid red bottle standing in a miniature city made of lego, with miniature people around, minimal, close up"
"product photoshoot of giant red bottle standing in a miniature city made of lego, with miniature people around, minimal, close up_10.png","product photoshoot of giant red bottle standing in a miniature city made of lego, with miniature people around, minimal, close up"
"product photoshoot of blue sunglasses lying in a miniature city made of lego, with miniature people around, minimal, close up_7.png","product photoshoot of blue sunglasses lying in a miniature city made of lego, with miniature people around, minimal, close up"
"product photoshoot of giant red bottle standing in a miniature city made of lego, with miniature people around, minimal, close up_11.png","product photoshoot of giant red bottle standing in a miniature city made of lego, with miniature people around, minimal, close up"
"giant brown serum bottle standing in a miniature city made of lego, with miniature people around_1.png","giant brown serum bottle standing in a miniature city made of lego, with miniature people around"
"product photography of solid red bottle standing in a miniature city made of lego, with miniature people around, minimal, close up_2.png","product photography of solid red bottle standing in a miniature city made of lego, with miniature people around, minimal, close up"
"product photoshoot of blue sunglasses lying in a miniature city made of lego, with miniature people around, minimal, close up_8.png","product photoshoot of blue sunglasses lying in a miniature city made of lego, with miniature people around, minimal, close up"
"giant brown serum bottle standing in a miniature city made of lego, with miniature people around_0.png","giant brown serum bottle standing in a miniature city made of lego, with miniature people around"
"product photoshoot of black sunglasses lying in a miniature city made of lego, with miniature people around, minimal, close up, high angle shot_6.png","product photoshoot of black sunglasses lying in a miniature city made of lego, with miniature people around, minimal, close up, high angle shot"
"product photoshoot of black sunglasses lying in a miniature city made of lego, with miniature people around, minimal, close up, high angle shot_4.png","product photoshoot of black sunglasses lying in a miniature city made of lego, with miniature people around, minimal, close up, high angle shot"
"product photoshoot of blue sunglasses lying in a miniature city made of lego, with miniature people around, minimal, close up_9.png","product photoshoot of blue sunglasses lying in a miniature city made of lego, with miniature people around, minimal, close up"
"product photoshoot of black sunglasses lying in a miniature city made of lego, with miniature people around, minimal, close up, high angle shot_5.png","product photoshoot of black sunglasses lying in a miniature city made of lego, with miniature people around, minimal, close up, high angle shot"
