image_file,caption
"product photoshoot of a white SUV car standing on road, with few tall buidlings on both its sides, 4k, focus on product, front angle shot, cloudy daylight_8.png","product photoshoot of a white SUV car standing on road, with few tall buidlings on both its sides, 4k, focus on product, front angle shot, cloudy daylight"
"product photoshoot of a brown sedan car standing on black wet road, with few tall glass buidlings on both its sides, 4k, focus on product, front angle shot, cloudy daylight_3.png","product photoshoot of a brown sedan car standing on black wet road, with few tall glass buidlings on both its sides, 4k, focus on product, front angle shot, cloudy daylight"
"product photoshoot of a black car standing on road, with few buidlings behind it, 4k, focus on product, front angle shot, cloudy daylight_1.png","product photoshoot of a black car standing on road, with few buidlings behind it, 4k, focus on product, front angle shot, cloudy daylight"
"product photoshoot of a brown sedan car standing on black wet road, with few tall glass buidlings on both its sides, 4k, focus on product, front angle shot, cloudy daylight_2.png","product photoshoot of a brown sedan car standing on black wet road, with few tall glass buidlings on both its sides, 4k, focus on product, front angle shot, cloudy daylight"
"product photoshoot of a white SUV car standing on black wet road, with few tall glass buidlings on both its sides, 4k, focus on product, front angle shot, cloudy daylight_7.png","product photoshoot of a white SUV car standing on black wet road, with few tall glass buidlings on both its sides, 4k, focus on product, front angle shot, cloudy daylight"
"product photoshoot of a white SUV car standing on black wet road, with few tall glass buidlings on both its sides, 4k, focus on product, front angle shot, cloudy daylight_6.png","product photoshoot of a white SUV car standing on black wet road, with few tall glass buidlings on both its sides, 4k, focus on product, front angle shot, cloudy daylight"
"product photoshoot of a grey minivan car standing sideways on black wet road, with few tall glass buidlings on both its sides, 4k, focus on product, front angle shot, cloudy daylight_4.png","product photoshoot of a grey minivan car standing sideways on black wet road, with few tall glass buidlings on both its sides, 4k, focus on product, front angle shot, cloudy daylight"
"product photoshoot of a white SUV car standing on black wet road, with few tall glass buidlings on both its sides, 4k, focus on product, front angle shot, cloudy daylight_5.png","product photoshoot of a white SUV car standing on black wet road, with few tall glass buidlings on both its sides, 4k, focus on product, front angle shot, cloudy daylight"
"product photoshoot of a black car standing on road, with few buidlings behind it, 4k, focus on product, front angle shot, cloudy daylight_0.png","product photoshoot of a black car standing on road, with few buidlings behind it, 4k, focus on product, front angle shot, cloudy daylight"
