image_file,caption
"close_up_of_a_pink_purse_on_a_fancy_white_table,_next_to_a_single_branch_with_few_pink_flowers,_minimal,_product_shot_1.png","close up of a pink purse on a fancy white table, next to a single branch with few pink flowers, minimal, product shot"
"close_up_of_a_yellow_bottle_with_black_cap_on_a_fancy_white_table,_next_to_a_single_branch_with_few_yellow_flowers,_minimal,_product_shot_1.png","close up of a yellow bottle with black cap on a fancy white table, next to a single branch with few yellow flowers, minimal, product shot"
"close_up_of_a_brown_serum_bottle_on_a_fancy_white_table,_next_to_a_single_branch_with_few_white_flowers,_beige_backgreound,_minimal,_product_shot_1.png","close up of a brown serum bottle on a fancy white table, next to a single branch with few white flowers, beige backgreound, minimal, product shot"
"front_angle_close_up_of_a_yellow_perfume_bottle_on_a_white_classical_dressing_table_with_engravings,_next_to_a_single_branch_with_few_yellow_flowers,_minimal,_sunlight,_product_shot_2.png","front angle close up of a yellow perfume bottle on a white classical dressing table with engravings, next to a single branch with few yellow flowers, minimal, sunlight, product shot"
"front_angle_close_up_of_a_yellow_perfume_bottle_on_a_white_classical_dressing_table_with_engravings,_next_to_a_single_branch_with_few_yellow_flowers,_minimal,_sunlight,_product_shot_1.png","front angle close up of a yellow perfume bottle on a white classical dressing table with engravings, next to a single branch with few yellow flowers, minimal, sunlight, product shot"
"front_angle_close_up_of_a_sunglasses_on_a_white_classical_dressing_table_with_engravings,_next_to_a_single_wooden_branch,_minimal,_sunlight,_product_shot_0.png","front angle close up of a sunglasses on a white classical dressing table with engravings, next to a single wooden branch, minimal, sunlight, product shot"
"close_up_of_a_red_perfume_bottle_with_black_cap_on_a_fancy_white_table,_next_to_a_single_branch_with_few_red_flowers,_minimal,_product_shot_3.png","close up of a red perfume bottle with black cap on a fancy white table, next to a single branch with few red flowers, minimal, product shot"
"close_up_of_a_brown_serum_bottle_on_a_fancy_white_table,_next_to_a_single_branch_with_few_white_flowers,_beige_backgreound,_minimal,_product_shot_0.png","close up of a brown serum bottle on a fancy white table, next to a single branch with few white flowers, beige backgreound, minimal, product shot"
"front_angle_close_up_of_a_red_perfume_bottle_on_a_white_classical_dressing_table_with_engravings,_next_to_a_single_branch_with_few_yellow_flowers,_minimal,_sunlight,_product_shot_1.png","front angle close up of a red perfume bottle on a white classical dressing table with engravings, next to a single branch with few yellow flowers, minimal, sunlight, product shot"
"close_up_of_a_yellow_bottle_with_black_cap_on_a_fancy_white_table,_next_to_a_single_branch_with_few_yellow_flowers,_minimal,_product_shot_0.png","close up of a yellow bottle with black cap on a fancy white table, next to a single branch with few yellow flowers, minimal, product shot"
"front_angle_close_up_of_a_red_perfume_bottle_on_a_white_classical_dressing_table_with_engravings,_next_to_a_single_branch_with_few_red_flowers,_minimal,_sunlight,_product_shot_0.png","front angle close up of a red perfume bottle on a white classical dressing table with engravings, next to a single branch with few red flowers, minimal, sunlight, product shot"
"close_up_of_a_red_perfume_bottle_with_black_cap_on_a_fancy_white_table,_next_to_a_single_branch_with_few_red_flowers,_minimal,_product_shot_0.png","close up of a red perfume bottle with black cap on a fancy white table, next to a single branch with few red flowers, minimal, product shot"
"front_angle_close_up_of_a_red_perfume_bottle_on_a_white_classical_dressing_table_with_engravings,_next_to_a_single_branch_with_few_red_flowers,_minimal,_sunlight,_product_shot_1.png","front angle close up of a red perfume bottle on a white classical dressing table with engravings, next to a single branch with few red flowers, minimal, sunlight, product shot"
"front_angle_close_up_of_a_yellow_perfume_bottle_on_a_white_classical_dressing_table_with_engravings,_next_to_a_single_branch_with_few_yellow_flowers,_minimal,_sunlight,_product_shot_0.png","front angle close up of a yellow perfume bottle on a white classical dressing table with engravings, next to a single branch with few yellow flowers, minimal, sunlight, product shot"
"front_angle_close_up_of_a_brown_bag_on_a_white_classical_dressing_table_with_engravings,_next_to_a_single_branch_with_few_white_flowers,_minimal,_sunlight,_product_shot_1.png","front angle close up of a brown bag on a white classical dressing table with engravings, next to a single branch with few white flowers, minimal, sunlight, product shot"
"front_angle_close_up_of_a_red_perfume_bottle_on_a_white_classical_dressing_table_with_engravings,_next_to_a_single_branch_with_few_yellow_flowers,_minimal,_sunlight,_product_shot_0.png","front angle close up of a red perfume bottle on a white classical dressing table with engravings, next to a single branch with few yellow flowers, minimal, sunlight, product shot"
"front_angle_close_up_of_a_sunglasses_on_a_white_classical_dressing_table_with_engravings,_next_to_a_single_wooden_branch,_minimal,_sunlight,_product_shot_1.png","front angle close up of a sunglasses on a white classical dressing table with engravings, next to a single wooden branch, minimal, sunlight, product shot"
"front_angle_close_up_of_a_yellow_perfume_bottle_on_a_white_classical_dressing_table_with_engravings,_next_to_a_single_branch_with_few_yellow_flowers,_minimal,_sunlight,_product_shot_3.png","front angle close up of a yellow perfume bottle on a white classical dressing table with engravings, next to a single branch with few yellow flowers, minimal, sunlight, product shot"
"close_up_of_a_pink_purse_on_a_fancy_white_table,_next_to_a_single_branch_with_few_pink_flowers,_minimal,_product_shot_0.png","close up of a pink purse on a fancy white table, next to a single branch with few pink flowers, minimal, product shot"
"front_angle_close_up_of_a_brown_bag_on_a_white_classical_dressing_table_with_engravings,_next_to_a_single_branch_with_few_white_flowers,_minimal,_sunlight,_product_shot_2.png","front angle close up of a brown bag on a white classical dressing table with engravings, next to a single branch with few white flowers, minimal, sunlight, product shot"
"close_up_of_a_red_perfume_bottle_with_black_cap_on_a_fancy_white_table,_next_to_a_single_branch_with_few_red_flowers,_minimal,_product_shot_1.png","close up of a red perfume bottle with black cap on a fancy white table, next to a single branch with few red flowers, minimal, product shot"
"close_up_of_a_red_perfume_bottle_with_black_cap_on_a_fancy_white_table,_next_to_a_single_branch_with_few_red_flowers,_minimal,_product_shot_2.png","close up of a red perfume bottle with black cap on a fancy white table, next to a single branch with few red flowers, minimal, product shot"
