image_file,caption
"a white vase on a blank background of a blue tone, in the style of light teal and gray, modern geometrics, vignetting, soft_0.png","a white vase on a blank background of a blue tone, in the style of light teal and gray, modern geometrics, vignetting, soft"
"a white vase on a blank background of a blue tone, in the style of light teal and gray, modern geometrics, vignetting, soft_1.png","a white vase on a blank background of a blue tone, in the style of light teal and gray, modern geometrics, vignetting, soft"
"a white vase on a blank background of a blue tone, in the style of light teal and gray, modern geometrics, vignetting, soft_2.png","a white vase on a blank background of a blue tone, in the style of light teal and gray, modern geometrics, vignetting, soft"
"a wooden chair stands on a blank background of a blue tone, in the style of light teal and gray, modern geometrics, vignetting, soft_3.png","a wooden chair stands on a blank background of a blue tone, in the style of light teal and gray, modern geometrics, vignetting, soft"
"a wooden chair stands on a blank background of a blue tone, in the style of light teal and gray, modern geometrics, vignetting, soft_4.png","a wooden chair stands on a blank background of a blue tone, in the style of light teal and gray, modern geometrics, vignetting, soft"
"an empty chair stands on a blank background of a blue tone, in the style of light teal and gray, modern geometrics, vignetting, soft_7.png","an empty chair stands on a blank background of a blue tone, in the style of light teal and gray, modern geometrics, vignetting, soft"
"an empty chair stands on a blank background of a blue tone, in the style of light teal and gray, modern geometrics, vignetting, soft_8.png","an empty chair stands on a blank background of a blue tone, in the style of light teal and gray, modern geometrics, vignetting, soft"
