image_file,caption
A blue perfume bottle standing on a wooden platform in center of water body_1.png,A blue perfume bottle standing on a wooden platform in center of water body
"close up, A black coffee mug standing on a wooden platform in center of water body_5.png","close up, A black coffee mug standing on a wooden platform in center of water body"
A blue perfume bottle standing on a wooden platform in center of water body_2.png,A blue perfume bottle standing on a wooden platform in center of water body
A blue perfume bottle standing on a wooden platform in center of water body_0.png,A blue perfume bottle standing on a wooden platform in center of water body
"close up, A brown serum bottle standing on a wooden platform in center of water body_8.png","close up, A brown serum bottle standing on a wooden platform in center of water body"
"close up, A black coffee mug standing on a wooden platform in center of water body_3.png","close up, A black coffee mug standing on a wooden platform in center of water body"
"close up, A black coffee mug standing on a wooden platform in center of water body_4.png","close up, A black coffee mug standing on a wooden platform in center of water body"
"close up, A brown serum bottle standing on a wooden platform in center of water body_7.png","close up, A brown serum bottle standing on a wooden platform in center of water body"
"close up, A black coffee mug standing on a wooden platform in center of water body_6.png","close up, A black coffee mug standing on a wooden platform in center of water body"
