image_file,caption
"ultra closeup of a yellow perfume, on a white surface, kept outdoors, white blurred building parttially visible, blue sky background, white flowers in foreground,--v 6.0_4.png","ultra closeup of a yellow perfume, on a white surface, kept outdoors, white blurred building parttially visible, blue sky background, white flowers in foreground,--v 6.0"
"ultra closeup of a yellow purse, on a white surface, white flowers, kept outdoors, white blurred building partially visible, blue sky background,_12.png","ultra closeup of a yellow purse, on a white surface, white flowers, kept outdoors, white blurred building partially visible, blue sky background,"
"ultra closeup of a yellow perfume, on a white surface, kept outdoors, white blurred building parttially visible, blue sky background, white flowers in foreground,--v 6.0_7.png","ultra closeup of a yellow perfume, on a white surface, kept outdoors, white blurred building parttially visible, blue sky background, white flowers in foreground,--v 6.0"
"closeup of a yellow perfume, on a white platform, kept outdoors, blue sky background, white flowers in foreground,--v 6.0_1.png","closeup of a yellow perfume, on a white platform, kept outdoors, blue sky background, white flowers in foreground,--v 6.0"
"ultra closeup of a brown serum bottle, on a white surface, kept outdoors, white blurred building parttially visible, blue sky background, white flowers in foreground,--v 6.0_2.png","ultra closeup of a brown serum bottle, on a white surface, kept outdoors, white blurred building parttially visible, blue sky background, white flowers in foreground,--v 6.0"
"closeup of a yellow perfume, on a white platform, kept outdoors, blue sky background, white flowers in foreground,--v 6.0_0.png","closeup of a yellow perfume, on a white platform, kept outdoors, blue sky background, white flowers in foreground,--v 6.0"
"ultra closeup of a brown serum bottle, on a white surface, kept outdoors, white blurred building parttially visible, blue sky background, white flowers in foreground,--v 6.0_3.png","ultra closeup of a brown serum bottle, on a white surface, kept outdoors, white blurred building parttially visible, blue sky background, white flowers in foreground,--v 6.0"
"ultra closeup of a yellow perfume, on a white surface, kept outdoors, white blurred building parttially visible, blue sky background, white flowers in foreground,--v 6.0_9.png","ultra closeup of a yellow perfume, on a white surface, kept outdoors, white blurred building parttially visible, blue sky background, white flowers in foreground,--v 6.0"
"ultra closeup of a yellow perfume, on a white surface, kept outdoors, white blurred building parttially visible, blue sky background, white flowers in foreground,--v 6.0_5.png","ultra closeup of a yellow perfume, on a white surface, kept outdoors, white blurred building parttially visible, blue sky background, white flowers in foreground,--v 6.0"
"ultra closeup of a yellow perfume, on a white surface, kept outdoors, white blurred building parttially visible, blue sky background, white flowers in foreground,--v 6.0_8.png","ultra closeup of a yellow perfume, on a white surface, kept outdoors, white blurred building parttially visible, blue sky background, white flowers in foreground,--v 6.0"
"ultra closeup of a yellow perfume, on a white surface, kept outdoors, white blurred building parttially visible, blue sky background, white flowers in foreground,--v 6.0_6.png","ultra closeup of a yellow perfume, on a white surface, kept outdoors, white blurred building parttially visible, blue sky background, white flowers in foreground,--v 6.0"
"ultra closeup of a yellow perfume, on a white surface, kept outdoors, white blurred building parttially visible, blue sky background, white flowers in foreground,--v 6.0_10.png","ultra closeup of a yellow perfume, on a white surface, kept outdoors, white blurred building parttially visible, blue sky background, white flowers in foreground,--v 6.0"
"ultra closeup of a yellow perfume, on a white surface, kept outdoors, white blurred building parttially visible, blue sky background, white flowers in foreground,--v 6.0_11.png","ultra closeup of a yellow perfume, on a white surface, kept outdoors, white blurred building parttially visible, blue sky background, white flowers in foreground,--v 6.0"
"ultra closeup of a yellow purse, on a white surface, white flowers, kept outdoors, white blurred building partially visible, blue sky background,_13.png","ultra closeup of a yellow purse, on a white surface, white flowers, kept outdoors, white blurred building partially visible, blue sky background,"
