image_file,caption
"A wine bottle on a white pastel platform in center of blue water, studio product shot_5.png","A wine bottle on a white pastel platform in center of blue water, studio product shot"
"A yellow purse on a white pastel platform in center of blue water, studio product shot_10.png","A yellow purse on a white pastel platform in center of blue water, studio product shot"
"A brown serum bottle on a white pastel platform in center of blue water, studio product shot_0.png","A brown serum bottle on a white pastel platform in center of blue water, studio product shot"
"A yellow purse on a white pastel platform in center of blue water, studio product shot_11.png","A yellow purse on a white pastel platform in center of blue water, studio product shot"
"A wine bottle on a white pastel platform in center of blue water, studio product shot_7.png","A wine bottle on a white pastel platform in center of blue water, studio product shot"
"A wine bottle on a white pastel platform in center of blue water, studio product shot_8.png","A wine bottle on a white pastel platform in center of blue water, studio product shot"
"A brown serum bottle on a white pastel platform in center of blue water, studio product shot_2.png","A brown serum bottle on a white pastel platform in center of blue water, studio product shot"
"A yellow purse on a white pastel platform in center of blue water, studio product shot_9.png","A yellow purse on a white pastel platform in center of blue water, studio product shot"
"A pink shampoo bottle on a white pastel platform in center of blue water, studio product shot_4.png","A pink shampoo bottle on a white pastel platform in center of blue water, studio product shot"
"A wine bottle on a white pastel platform in center of blue water, studio product shot_6.png","A wine bottle on a white pastel platform in center of blue water, studio product shot"
"A brown serum bottle on a white pastel platform in center of blue water, studio product shot_1.png","A brown serum bottle on a white pastel platform in center of blue water, studio product shot"
"A pink shampoo bottle on a white pastel platform in center of blue water, studio product shot_3.png","A pink shampoo bottle on a white pastel platform in center of blue water, studio product shot"
