image_file,caption
"Two pink shampoo bottles on a glass shelf in front of a pink tiled wall, bubbles floating_3.png","Two pink shampoo bottles on a glass shelf in front of a pink tiled wall, bubbles floating"
"Two pink shampoo bottles on a glass shelf in front of a pink tiled wall, bubbles floating_1png.png","Two pink shampoo bottles on a glass shelf in front of a pink tiled wall, bubbles floating"
"Two blue shampoo bottles on a glass shelf in front of a white tiled wall, bubbles floating_3.png","Two blue shampoo bottles on a glass shelf in front of a white tiled wall, bubbles floating"
"Two blue shampoo bottles on a glass shelf in front of a white tiled wall, bubbles floating_2.png","Two blue shampoo bottles on a glass shelf in front of a white tiled wall, bubbles floating"
"A brown serum bottle on a glass shelf in front of a tiled wall, bubbles floating_1.png","A brown serum bottle on a glass shelf in front of a tiled wall, bubbles floating"
"A brown serum bottle on a glass shelf in front of a white tiled wall, bubbles floating_1.png","A brown serum bottle on a glass shelf in front of a white tiled wall, bubbles floating"
"A brown serum bottle on a glass shelf in front of a tiled wall, bubbles floating_2.png","A brown serum bottle on a glass shelf in front of a tiled wall, bubbles floating"
"Two pink shampoo bottles on a glass shelf in front of a pink tiled wall, bubbles floating_2.png","Two pink shampoo bottles on a glass shelf in front of a pink tiled wall, bubbles floating"
"Two blue shampoo bottles on a glass shelf in front of a white tiled wall, bubbles floating_5.png","Two blue shampoo bottles on a glass shelf in front of a white tiled wall, bubbles floating"
"Two blue shampoo bottles on a glass shelf in front of a white tiled wall, bubbles floating_1.png","Two blue shampoo bottles on a glass shelf in front of a white tiled wall, bubbles floating"
"Two blue shampoo bottles on a glass shelf in front of a white tiled wall, bubbles floating_4.png","Two blue shampoo bottles on a glass shelf in front of a white tiled wall, bubbles floating"
