image_file,caption
"A serum bottle on a white surface, next to a calendar in background_6.png","A serum bottle on a white surface, next to a calendar in background"
"A serum bottle on a white surface, next to a calendar in background_9.png","A serum bottle on a white surface, next to a calendar in background"
"A serum bottle on a white surface, next to a calendar in background_7.png","A serum bottle on a white surface, next to a calendar in background"
"A capsule bottle on a white surface, with a calendar in background_2.png","A capsule bottle on a white surface, with a calendar in background"
"A green shampoo bottle on a white surface, next to a calendar in background_5.png","A green shampoo bottle on a white surface, next to a calendar in background"
"A green shampoo bottle on a white surface, next to a calendar in background_4.png","A green shampoo bottle on a white surface, next to a calendar in background"
"A serum bottle on a white surface, next to a calendar in background_8.png","A serum bottle on a white surface, next to a calendar in background"
"A capsule bottle on a white surface, with a calendar in background_1.png","A capsule bottle on a white surface, with a calendar in background"
"A capsule bottle on a white surface, with a calendar in background_3.png","A capsule bottle on a white surface, with a calendar in background"
