image_file,caption
"closeup, A blue bottle with white label on a rock in Namibian desert, barren land_4.png","closeup, A blue bottle with white label on a rock in Namibian desert, barren land"
"closeup, a brown serum bottle with white label on a rock in Namibian desert, barren land_8.png","closeup, a brown serum bottle with white label on a rock in Namibian desert, barren land"
"closeup, A blue bottle with white label in Namibian desert, barren land_3.png","closeup, A blue bottle with white label in Namibian desert, barren land"
"A can of beer on a rock in Namibian desert, barren land_1.png","A can of beer on a rock in Namibian desert, barren land"
"closeup, high angle shot of a brown perfume with white label on a rock in Namibian desert, barren land_9.png","closeup, high angle shot of a brown perfume with white label on a rock in Namibian desert, barren land"
"closeup, A blue bottle with white label in Namibian desert, barren land_2.png","closeup, A blue bottle with white label in Namibian desert, barren land"
"A can of beer on a rock in Namibian desert, barren land_0.png","A can of beer on a rock in Namibian desert, barren land"
"closeup, high angle shot of a brown perfume with white label on a rock in Namibian desert, barren land_11.png","closeup, high angle shot of a brown perfume with white label on a rock in Namibian desert, barren land"
"closeup, A blue bottle with white label on a rock in Namibian desert, barren land_5.png","closeup, A blue bottle with white label on a rock in Namibian desert, barren land"
"closeup, a brown serum bottle with white label on a rock in Namibian desert, barren land_7.png","closeup, a brown serum bottle with white label on a rock in Namibian desert, barren land"
"closeup, high angle shot of a brown perfume with white label on a rock in Namibian desert, barren land_10.png","closeup, high angle shot of a brown perfume with white label on a rock in Namibian desert, barren land"
"closeup, A blue bottle with white label on a rock in Namibian desert, barren land_6.png","closeup, A blue bottle with white label on a rock in Namibian desert, barren land"
