image_file,caption
closeup of a blue shampoo bottle on an empty road with holi colors_0.png,closeup of a blue shampoo bottle on an empty road with holi colors
closeup of a brown serum bottle on an empty road with holi colors_3.png,closeup of a brown serum bottle on an empty road with holi colors
closeup of a sunglasses on an empty road with holi colors_7.png,closeup of a sunglasses on an empty road with holi colors
closeup of a wine bottle on an empty road with holi colors_8.png,closeup of a wine bottle on an empty road with holi colors
closeup of a wine bottle on an empty road with holi colors_10.png,closeup of a wine bottle on an empty road with holi colors
closeup of a blue shampoo bottle on an empty road with holi colors_1.png,closeup of a blue shampoo bottle on an empty road with holi colors
closeup of a sunglasses on an empty road with holi colors_6.png,closeup of a sunglasses on an empty road with holi colors
closeup of a wine bottle on an empty road with holi colors_9.png,closeup of a wine bottle on an empty road with holi colors
closeup of a brown serum bottle on an empty road with holi colors_4.png,closeup of a brown serum bottle on an empty road with holi colors
closeup of a blue shampoo bottle on an empty road with holi colors_2.png,closeup of a blue shampoo bottle on an empty road with holi colors
closeup of a sunglasses on an empty road with holi colors_5.png,closeup of a sunglasses on an empty road with holi colors
