image_file,caption
"A pink perfume standing on water, ripple in water.png","A pink perfume standing on water, ripple in water.png"
"A golden perfume standing on water, ripple in water, minimal_3.png","A golden perfume standing on water, ripple in water, minimal"
"A golden perfume standing on water, ripple in water, minimal_2.png","A golden perfume standing on water, ripple in water, minimal"
"A serum bottle standing on water, ripple in water.png","A serum bottle standing on water, ripple in water.png"
"A serum bottle standing on water, ripple in water_2.png","A serum bottle standing on water, ripple in water"
"A golden perfume standing on water, ripple in water, minimal_1.png","A golden perfume standing on water, ripple in water, minimal"
"A serum bottle standing on water, ripple in wate_3.png","A serum bottle standing on water, ripple in wate"
"A pink perfume standing on water, ripple in water_3.png","A pink perfume standing on water, ripple in water"
"A pink perfume standing on water, ripple in water_2.png","A pink perfume standing on water, ripple in water"
