image_file,caption
"A black bottle standing on a wood platform on top of snow, white studio background_1.png","A black bottle standing on a wood platform on top of snow, white studio background"
"A brown serum bottle standing on a wood platform on top of snow, white studio background_6.png","A brown serum bottle standing on a wood platform on top of snow, white studio background"
"A brown serum bottle standing on a wood platform on top of snow, white studio background_4.png","A brown serum bottle standing on a wood platform on top of snow, white studio background"
"A brown serum bottle standing on a wood platform on top of snow, white studio background_5.png","A brown serum bottle standing on a wood platform on top of snow, white studio background"
"sunglasses standing on a wood platform on top of snow, white studio background_9.png","sunglasses standing on a wood platform on top of snow, white studio background"
"A black bottle standing on a wood platform on top of snow, white studio background_2.png","A black bottle standing on a wood platform on top of snow, white studio background"
"A black bottle standing on a wood platform on top of snow, white studio background_0.png","A black bottle standing on a wood platform on top of snow, white studio background"
"sunglasses standing on a wood platform on top of snow, white studio background_8.png","sunglasses standing on a wood platform on top of snow, white studio background"
"sunglasses standing on a wood platform on top of snow, white studio background_10.png","sunglasses standing on a wood platform on top of snow, white studio background"
"sunglasses standing on a wood platform on top of snow, white studio background_7.png","sunglasses standing on a wood platform on top of snow, white studio background"
"A black bottle standing on a wood platform on top of snow, white studio background_3.png","A black bottle standing on a wood platform on top of snow, white studio background"
