image_file,caption
"top angle view, A blue shampoo lying on top of aesthetic patterns of holi color powder, aesthetic, structured_0.png","top angle view, A blue shampoo lying on top of aesthetic patterns of holi color powder, aesthetic, structured"
"top angle view, A yellow skincare tube ying on top of aesthetic patterns of holi color powder, aesthetic, structured_9.png","top angle view, A yellow skincare tube ying on top of aesthetic patterns of holi color powder, aesthetic, structured"
"top angle view, A blue shampoo lying on top of aesthetic patterns of holi color powder, aesthetic, structured_2.png","top angle view, A blue shampoo lying on top of aesthetic patterns of holi color powder, aesthetic, structured"
"top angle view, A wine bottle lying on top of aesthetic patterns of holi color powder, aesthetic, structured_8.png","top angle view, A wine bottle lying on top of aesthetic patterns of holi color powder, aesthetic, structured"
"top angle view, A wine bottle lying on top of aesthetic patterns of holi color powder, aesthetic, structured_6.png","top angle view, A wine bottle lying on top of aesthetic patterns of holi color powder, aesthetic, structured"
"top angle view, A brown serum bottle lying on top of aesthetic patterns of holi color powder, aesthetic, structured_3.png","top angle view, A brown serum bottle lying on top of aesthetic patterns of holi color powder, aesthetic, structured"
"top angle view, A brown serum bottle lying on top of aesthetic patterns of holi color powder, aesthetic, structured_4.png","top angle view, A brown serum bottle lying on top of aesthetic patterns of holi color powder, aesthetic, structured"
"top angle view, A yellow skincare tube ying on top of aesthetic patterns of holi color powder, aesthetic, structured_10.png","top angle view, A yellow skincare tube ying on top of aesthetic patterns of holi color powder, aesthetic, structured"
"top angle view, A yellow skincare tube ying on top of aesthetic patterns of holi color powder, aesthetic, structured_11.png","top angle view, A yellow skincare tube ying on top of aesthetic patterns of holi color powder, aesthetic, structured"
"top angle view, A wine bottle lying on top of aesthetic patterns of holi color powder, aesthetic, structured_7.png","top angle view, A wine bottle lying on top of aesthetic patterns of holi color powder, aesthetic, structured"
"top angle view, A brown serum bottle lying on top of aesthetic patterns of holi color powder, aesthetic, structured_5.png","top angle view, A brown serum bottle lying on top of aesthetic patterns of holi color powder, aesthetic, structured"
"top angle view, A blue shampoo lying on top of aesthetic patterns of holi color powder, aesthetic, structured_1.png","top angle view, A blue shampoo lying on top of aesthetic patterns of holi color powder, aesthetic, structured"
