image_file,caption
"a blue sofa on a balcony with green grass, in the style of carpetpunk, artificial environments_0.png","a blue sofa on a balcony with green grass, in the style of carpetpunk, artificial environments"
"a blue sofa on a balcony with green grass, in the style of carpetpunk, artificial environments_1.png","a blue sofa on a balcony with green grass, in the style of carpetpunk, artificial environments"
"a metal chair on a balcony with green grass, in the style of carpetpunk, artificial environments_2.png","a metal chair on a balcony with green grass, in the style of carpetpunk, artificial environments"
"a wooden chair on a balcony with green grass, in the style of carpetpunk, artificial environments_3.png","a wooden chair on a balcony with green grass, in the style of carpetpunk, artificial environments"
"a wooden chair on a balcony with green grass, in the style of carpetpunk, artificial environments_4.png","a wooden chair on a balcony with green grass, in the style of carpetpunk, artificial environments"
"a wooden stool on a balcony with green grass,_5.png","a wooden stool on a balcony with green grass,"
"a yellow bean bag on a balcony with green grass, in the style of carpetpunk, artificial environments_6.png","a yellow bean bag on a balcony with green grass, in the style of carpetpunk, artificial environments"
"a yellow bean bag on a balcony with green grass, in the style of carpetpunk, artificial environments_7.png","a yellow bean bag on a balcony with green grass, in the style of carpetpunk, artificial environments"
"a yellow bean bag on a balcony with green grass, in the style of carpetpunk, artificial environments_8.png","a yellow bean bag on a balcony with green grass, in the style of carpetpunk, artificial environments"
