image_file,caption
"product photoshoot of blue perfume bottle on wooden table, fruits behind the product, dark wall in background, minimal_0.png","product photoshoot of blue perfume bottle on wooden table, fruits behind the product, dark wall in background, minimal"
"product photoshoot of brown serum bottle on wooden table, fruits behind the product, dark wall in background, minimal_1.png","product photoshoot of brown serum bottle on wooden table, fruits behind the product, dark wall in background, minimal"
"product photoshoot of brown serum bottle on wooden table, fruits behind the product, dark wall in background, minimal_2.png","product photoshoot of brown serum bottle on wooden table, fruits behind the product, dark wall in background, minimal"
"product photoshoot of brown serum bottle on wooden table, fruits behind the product, dark wall in background, minimal_3.png","product photoshoot of brown serum bottle on wooden table, fruits behind the product, dark wall in background, minimal"
"product photoshoot of deo bottle with plain cap on wooden table, fruits behind the product, dark wall in background, minimal_4.png","product photoshoot of deo bottle with plain cap on wooden table, fruits behind the product, dark wall in background, minimal"
"product photoshoot of deo bottle with plain cap on wooden table, fruits behind the product, dark wall in background, minimal_5.png","product photoshoot of deo bottle with plain cap on wooden table, fruits behind the product, dark wall in background, minimal"
"product photoshoot of skincare tube on wooden table, fruits behind the product, dark wall in background, minimal_6.png","product photoshoot of skincare tube on wooden table, fruits behind the product, dark wall in background, minimal"
"product photoshoot of skincare tube on wooden table, fruits behind the product, dark wall in background, minimal_7.png","product photoshoot of skincare tube on wooden table, fruits behind the product, dark wall in background, minimal"
"product photoshoot of slid red bottle with plain cap on wooden table, fruits behind the product, dark wall in background, minimal_8.png","product photoshoot of slid red bottle with plain cap on wooden table, fruits behind the product, dark wall in background, minimal"
"product photoshoot of slid red bottle with plain cap on wooden table, fruits behind the product, dark wall in background, minimal_9.png","product photoshoot of slid red bottle with plain cap on wooden table, fruits behind the product, dark wall in background, minimal"
"product photoshoot of wine bottle on wooden table, fruits behind the product, dark wall in background, minimal_10.png","product photoshoot of wine bottle on wooden table, fruits behind the product, dark wall in background, minimal"
