image_file,caption
"perfume bottle on rocks in front of frozen mountains, shallow depth of field_6.png","perfume bottle on rocks in front of frozen mountains, shallow depth of field"
"Chilled can on rocks in front of frozen mountains, shallow depth of field_0.png","Chilled can on rocks in front of frozen mountains, shallow depth of field"
"Chilled can on rocks in front of frozen mountains, shallow depth of field_1.png","Chilled can on rocks in front of frozen mountains, shallow depth of field"
"perfume bottle on rocks in front of frozen mountains, shallow depth of field_8.png","perfume bottle on rocks in front of frozen mountains, shallow depth of field"
"perfume bottle on rocks in front of frozen mountains, shallow depth of field_7.png","perfume bottle on rocks in front of frozen mountains, shallow depth of field"
"Serum bottle on rocks in front of frozen mountains, shallow depth of field_5.png","Serum bottle on rocks in front of frozen mountains, shallow depth of field"
"Serum bottle on rocks in front of frozen mountains, shallow depth of field_4.png","Serum bottle on rocks in front of frozen mountains, shallow depth of field"
"Serum bottle on rocks in front of frozen mountains, shallow depth of field_3.png","Serum bottle on rocks in front of frozen mountains, shallow depth of field"
"Chilled can on rocks in front of frozen mountains, shallow depth of field_2.png","Chilled can on rocks in front of frozen mountains, shallow depth of field"
