image_file,caption
"a yellow pefume bottle on a beige surface, a single hydrangea flower in foreground, beige background, depth composition_1.png","a yellow pefume bottle on a beige surface, a single hydrangea flower in foreground, beige background, depth composition"
"a pink bodywash bottle on a beige surface, a single pink gerbera flower in foreground, mint leaves in background, beige background, depth composition_1.png","a pink bodywash bottle on a beige surface, a single pink gerbera flower in foreground, mint leaves in background, beige background, depth composition"
"a yellow pefume bottle on a beige surface, a single hydrangea flower in foreground, beige background, depth composition_2.png","a yellow pefume bottle on a beige surface, a single hydrangea flower in foreground, beige background, depth composition"
"closeup of a yellow bodywash bottle on a beige surface, a single pink gerbera flower in foreground, few leaves in background, beige background, depth composition_1.png","closeup of a yellow bodywash bottle on a beige surface, a single pink gerbera flower in foreground, few leaves in background, beige background, depth composition"
"a yellow pefume bottle on a beige surface, a singlemarigold flower in foreground, beige background, depth composition_1.png","a yellow pefume bottle on a beige surface, a singlemarigold flower in foreground, beige background, depth composition"
"a pink bodywash bottle on a beige surface, a single pink gerbera flower in foreground, mint leaves in background, beige background, depth composition_3.png","a pink bodywash bottle on a beige surface, a single pink gerbera flower in foreground, mint leaves in background, beige background, depth composition"
"a yellow pefume bottle on a beige surface, a singlemarigold flower in foreground, beige background, depth composition_2.png","a yellow pefume bottle on a beige surface, a singlemarigold flower in foreground, beige background, depth composition"
"closeup of a yellow bodywash bottle on a beige surface, a single pink gerbera flower in foreground, few leaves in background, beige background, depth composition_2.png","closeup of a yellow bodywash bottle on a beige surface, a single pink gerbera flower in foreground, few leaves in background, beige background, depth composition"
"a green bottle on a beige surface, a single hibiscus flower in foreground, mint leaves in background, beige background, depth composition_1.png","a green bottle on a beige surface, a single hibiscus flower in foreground, mint leaves in background, beige background, depth composition"
"a red pefume bottle on a beige surface, a single orchid flower in foreground, mint leaves in background, beige background, depth composition_2.png","a red pefume bottle on a beige surface, a single orchid flower in foreground, mint leaves in background, beige background, depth composition"
"a green bottle on a beige surface, a single hibiscus flower in foreground, mint leaves in background, beige background, depth composition_2.png","a green bottle on a beige surface, a single hibiscus flower in foreground, mint leaves in background, beige background, depth composition"
"a pink bodywash bottle on a beige surface, a single pink gerbera flower in foreground, mint leaves in background, beige background, depth composition_2.png","a pink bodywash bottle on a beige surface, a single pink gerbera flower in foreground, mint leaves in background, beige background, depth composition"
"a red pefume bottle on a beige surface, a single orchid flower in foreground, mint leaves in background, beige background, depth composition_1.png","a red pefume bottle on a beige surface, a single orchid flower in foreground, mint leaves in background, beige background, depth composition"
