image_file,caption
"a shampoo bottle, kept in the middle of the forest with all the trees standing in between, product shoot_4.png","a shampoo bottle, kept in the middle of the forest with all the trees standing in between, product shoot"
"a perfume bottle, kept in the middle of the forest with all the trees standing in between, product shoot_1.png","a perfume bottle, kept in the middle of the forest with all the trees standing in between, product shoot"
"a body spray, kept in the middle of the forest with all the trees standing in between, product shoot_2.png","a body spray, kept in the middle of the forest with all the trees standing in between, product shoot"
"a perfume bottle, kept in the middle of the forest with all the trees standing in between, product shoot_3.png","a perfume bottle, kept in the middle of the forest with all the trees standing in between, product shoot"
"a perfume bottle, kept in the middle of the forest with all the trees standing in between, product shoot_2.png","a perfume bottle, kept in the middle of the forest with all the trees standing in between, product shoot"
"a shampoo bottle, kept in the middle of the forest with all the trees standing in between, product shoot_1.png","a shampoo bottle, kept in the middle of the forest with all the trees standing in between, product shoot"
"a body spray, kept in the middle of the forest with all the trees standing in between, product shoot_4.png","a body spray, kept in the middle of the forest with all the trees standing in between, product shoot"
"a body spray, kept in the middle of the forest with all the trees standing in between, product shoot_3.png","a body spray, kept in the middle of the forest with all the trees standing in between, product shoot"
"a perfume bottle, kept in the middle of the forest with all the trees standing in between, product shoot_4.png","a perfume bottle, kept in the middle of the forest with all the trees standing in between, product shoot"
"a body spray, kept in the middle of the forest with all the trees standing in between, product shoot_1.png","a body spray, kept in the middle of the forest with all the trees standing in between, product shoot"
"a shampoo bottle, kept in the middle of the forest with all the trees standing in between, product shoot_2.png","a shampoo bottle, kept in the middle of the forest with all the trees standing in between, product shoot"
"a shampoo bottle, kept in the middle of the forest with all the trees standing in between, product shoot_3.png","a shampoo bottle, kept in the middle of the forest with all the trees standing in between, product shoot"
