image_file,caption
"A blue bottle standing on a circular placemat on a white table, next to few tiny white flowers_1.png","A blue bottle standing on a circular placemat on a white table, next to few tiny white flowers"
"A blue shampoo bottle standing on a circular placemat on a white table, next to a towel_1.png","A blue shampoo bottle standing on a circular placemat on a white table, next to a towel"
"A black coffee mug standing on a circular placemat on a white table, next to few tiny white flowers_1.png","A black coffee mug standing on a circular placemat on a white table, next to few tiny white flowers"
"A coffee mug standing on a circular placemat on a white table, next to few tiny white flowers_1.png","A coffee mug standing on a circular placemat on a white table, next to few tiny white flowers"
"A blue bottle standing on a circular placemat on a white table, next to few tiny white flowers_2.png","A blue bottle standing on a circular placemat on a white table, next to few tiny white flowers"
"A black coffee mug standing on a circular placemat on a white table, next to coffee beans_3.png","A black coffee mug standing on a circular placemat on a white table, next to coffee beans"
"A serum bottle standing on a circular placemat on a white table, next to lavender flowers_1.png","A serum bottle standing on a circular placemat on a white table, next to lavender flowers"
"A blue shampoo bottle standing on a circular placemat on a white table, next to a towel_2.png","A blue shampoo bottle standing on a circular placemat on a white table, next to a towel"
"A black coffee mug standing on a circular placemat on a white table, next to coffee beans_1.png","A black coffee mug standing on a circular placemat on a white table, next to coffee beans"
"A black coffee mug standing on a circular placemat on a white table, next to coffee beans_2.png","A black coffee mug standing on a circular placemat on a white table, next to coffee beans"
"A coffee mug standing on a circular placemat on a white table, next to few tiny white flowers_2.png","A coffee mug standing on a circular placemat on a white table, next to few tiny white flowers"
"A serum bottle standing on a circular placemat on a white table, next to lavender flowers_2.png","A serum bottle standing on a circular placemat on a white table, next to lavender flowers"
