image_file,caption
"wide angle shot, a black bean bag in the corner of a minimal beige room, empty, brown curtains on left side, beige wall in background_1.png","wide angle shot, a black bean bag in the corner of a minimal beige room, empty, brown curtains on left side, beige wall in background"
"wide angle shot, a black bean bag in the corner of a minimal beige room, empty, brown curtains on left side, beige wall in background_2.png","wide angle shot, a black bean bag in the corner of a minimal beige room, empty, brown curtains on left side, beige wall in background"
"wide angle shot, a black bean bag in the corner of a minimal beige room, empty, brown curtains on left side, beige wall in background_3.png","wide angle shot, a black bean bag in the corner of a minimal beige room, empty, brown curtains on left side, beige wall in background"
"wide angle shot, a brown wooden chair in the corner of a minimal beige room, empty, brown curtains on left side, beige wall in background_4.png","wide angle shot, a brown wooden chair in the corner of a minimal beige room, empty, brown curtains on left side, beige wall in background"
"wide angle shot, a brown wooden chair in the corner of a minimal beige room, empty, brown curtains on left side, beige wall in background_5.png","wide angle shot, a brown wooden chair in the corner of a minimal beige room, empty, brown curtains on left side, beige wall in background"
"wide angle shot, a brown wooden chair in the corner of a minimal beige room, empty, brown curtains on left side, beige wall in background_6.png","wide angle shot, a brown wooden chair in the corner of a minimal beige room, empty, brown curtains on left side, beige wall in background"
"wide angle shot, a green sofa in the corner of a minimal beige room, empty, brown curtains on left side, beige wall in background_7.png","wide angle shot, a green sofa in the corner of a minimal beige room, empty, brown curtains on left side, beige wall in background"
"wide angle shot, a green sofa in the corner of a minimal beige room, empty, brown curtains on left side, beige wall in background_8.png","wide angle shot, a green sofa in the corner of a minimal beige room, empty, brown curtains on left side, beige wall in background"
"wide angle shot, a white cupboard in the corner of a minimal beige room, empty, brown curtains on left side, beige wall in background_9.png","wide angle shot, a white cupboard in the corner of a minimal beige room, empty, brown curtains on left side, beige wall in background"
