image_file,caption
"product photoshoot of yellw powder bottle with plain cap on a rock platform with fine texture, dark wall background, aloe vera leves behind product, close up low angle shot_7.png","product photoshoot of yellw powder bottle with plain cap on a rock platform with fine texture, dark wall background, aloe vera leves behind product, close up low angle shot"
"product photoshoot of yellw powder bottle with plain cap on a rock platform with fine texture, dark wall background, aloe vera leves behind product, close up low angle shot_8.png","product photoshoot of yellw powder bottle with plain cap on a rock platform with fine texture, dark wall background, aloe vera leves behind product, close up low angle shot"
"product photoshoot of brown serum bottle on a rock platform with fine texture, dark wall background, aloe vera leves behind product, close up low angle shot_2.png","product photoshoot of brown serum bottle on a rock platform with fine texture, dark wall background, aloe vera leves behind product, close up low angle shot"
"product photoshoot of wine bottle on a rock platform with fine texture, dark wall background, aloe vera leves behind product, close up low angle shot_6.png","product photoshoot of wine bottle on a rock platform with fine texture, dark wall background, aloe vera leves behind product, close up low angle shot"
"product photoshoot of brown serum bottle on a rock platform with fine texture, dark wall background, aloe vera leves behind product, close up low angle shot_1.png","product photoshoot of brown serum bottle on a rock platform with fine texture, dark wall background, aloe vera leves behind product, close up low angle shot"
"product photoshoot of blue perfume bottle with plain cap on a rock platform with fine texture, dark wall background, aloe vera leves behind product, close up low angle shot_0.png","product photoshoot of blue perfume bottle with plain cap on a rock platform with fine texture, dark wall background, aloe vera leves behind product, close up low angle shot"
"product photoshoot of wine bottle on a rock platform with fine texture, dark wall background, aloe vera leves behind product, close up low angle shot_5.png","product photoshoot of wine bottle on a rock platform with fine texture, dark wall background, aloe vera leves behind product, close up low angle shot"
"product photoshoot of red bottle with plain cap on a rock platform with fine texture, dark wall background, aloe vera leves behind product, close up low angle shot, studio setting_4.png","product photoshoot of red bottle with plain cap on a rock platform with fine texture, dark wall background, aloe vera leves behind product, close up low angle shot, studio setting"
"product photoshoot of red bottle with plain cap on a rock platform with fine texture, dark wall background, aloe vera leves behind product, close up low angle shot_3.png","product photoshoot of red bottle with plain cap on a rock platform with fine texture, dark wall background, aloe vera leves behind product, close up low angle shot"
