image_file,caption
"A chilled blue can next to rocks in a limestone cave, shallow depth of field_7.png","A chilled blue can next to rocks in a limestone cave, shallow depth of field"
"A serum bottle next to rocks in a limestone cave, shallow depth of field_8.png","A serum bottle next to rocks in a limestone cave, shallow depth of field"
"A blue perfume next to rocks in a limestone cave, shallow depth of field_1.png","A blue perfume next to rocks in a limestone cave, shallow depth of field"
"A blue perfume next to rocks in a limestone cave, shallow depth of field_2.png","A blue perfume next to rocks in a limestone cave, shallow depth of field"
"A chilled blue can next to rocks in a limestone cave, shallow depth of field_4.png","A chilled blue can next to rocks in a limestone cave, shallow depth of field"
"A chilled blue can next to rocks in a limestone cave, shallow depth of field_6.png","A chilled blue can next to rocks in a limestone cave, shallow depth of field"
"A blue perfume next to rocks in a limestone cave, shallow depth of field_3.png","A blue perfume next to rocks in a limestone cave, shallow depth of field"
"A chilled blue can next to rocks in a limestone cave, shallow depth of field_5.png","A chilled blue can next to rocks in a limestone cave, shallow depth of field"
"A blue perfume next to rocks in a limestone cave, shallow depth of field_0.png","A blue perfume next to rocks in a limestone cave, shallow depth of field"
