image_file,caption
product photoshoot of a pink skincare tube with plain cap lying on clean blue water surface_0.png,product photoshoot of a pink skincare tube with plain cap lying on clean blue water surface
product photoshoot of a plain white bottle with plain cap lying on clean blue water surface_3.png,product photoshoot of a plain white bottle with plain cap lying on clean blue water surface
product photoshoot of a pink skincare tube with plain cap lying on clean blue water surface_1.png,product photoshoot of a pink skincare tube with plain cap lying on clean blue water surface
product photoshoot of a solid green bottle with plain cap lying on clean blue water surface_8.png,product photoshoot of a solid green bottle with plain cap lying on clean blue water surface
product photoshoot of a yellow powder bottle with plain cap lying on clean blue water surface_10.png,product photoshoot of a yellow powder bottle with plain cap lying on clean blue water surface
product photoshoot of a plain white bottle with plain cap lying on clean blue water surface_2.png,product photoshoot of a plain white bottle with plain cap lying on clean blue water surface
product photoshoot of a solid brown bottle with plain cap lying on clean blue water surface_5.png,product photoshoot of a solid brown bottle with plain cap lying on clean blue water surface
product photoshoot of a yellow powder bottle with plain cap lying on clean blue water surface_9.png,product photoshoot of a yellow powder bottle with plain cap lying on clean blue water surface
product photoshoot of a red perfume bottle with plain cap lying on clean blue water surface_4.png,product photoshoot of a red perfume bottle with plain cap lying on clean blue water surface
product photoshoot of a solid brown serum bottle lying on clean blue water surface_6.png,product photoshoot of a solid brown serum bottle lying on clean blue water surface
product photoshoot of a solid green bottle with plain cap lying on clean blue water surface_7.png,product photoshoot of a solid green bottle with plain cap lying on clean blue water surface
