image_file,caption
"product photoshoot of brown serum bottle lying and crushing smooth white floor, top angle shot_3.png","product photoshoot of brown serum bottle lying and crushing smooth white floor, top angle shot"
"product photoshoot of yellow powder bottle lying and crushing smooth white floor, top angle shot_8.png","product photoshoot of yellow powder bottle lying and crushing smooth white floor, top angle shot"
"product photoshoot of brown serum bottle lying and crushing smooth white floor, top angle shot_2.png","product photoshoot of brown serum bottle lying and crushing smooth white floor, top angle shot"
"product photoshoot of blue perfume bottle lying and crushing smooth white floor, top angle shot_1.png","product photoshoot of blue perfume bottle lying and crushing smooth white floor, top angle shot"
"product photoshoot of solid red bottle lying and crushing smooth white floor, top angle shot_6.png","product photoshoot of solid red bottle lying and crushing smooth white floor, top angle shot"
"product photoshoot of skincare tube bottle lying and crushing smooth white floor, top angle shot_4.png","product photoshoot of skincare tube bottle lying and crushing smooth white floor, top angle shot"
"product photoshoot of yellow powder bottle lying and crushing smooth white floor, top angle shot_9.png","product photoshoot of yellow powder bottle lying and crushing smooth white floor, top angle shot"
"product photoshoot of blue perfume bottle lying and crushing smooth white floor, top angle shot_0.png","product photoshoot of blue perfume bottle lying and crushing smooth white floor, top angle shot"
"product photoshoot of solid red bottle lying and crushing smooth white floor, top angle shot_7.png","product photoshoot of solid red bottle lying and crushing smooth white floor, top angle shot"
"product photoshoot of solid red bottle lying and crushing smooth white floor, top angle shot_5.png","product photoshoot of solid red bottle lying and crushing smooth white floor, top angle shot"
