image_file,caption
"closeup, a wine bottle on a mossy rock, in a serene water river, blue mountains in background_9.png","closeup, a wine bottle on a mossy rock, in a serene water river, blue mountains in background"
"closeup, a wine bottle on a mossy rock, in a serene water river, blue mountains in background_8.png","closeup, a wine bottle on a mossy rock, in a serene water river, blue mountains in background"
"closeup, a brown serum bottle standing on a mossy rock, blue flowers in a serene water river, blue mountains in background_0.png","closeup, a brown serum bottle standing on a mossy rock, blue flowers in a serene water river, blue mountains in background"
"closeup, a brown serum bottle standing on a mossy rock, blue flowers in a serene water river, blue mountains in background_1.png","closeup, a brown serum bottle standing on a mossy rock, blue flowers in a serene water river, blue mountains in background"
"closeup, a brown serum bottle standing on a mossy rock, blue flowers in a serene water river, blue mountains in background_2.png","closeup, a brown serum bottle standing on a mossy rock, blue flowers in a serene water river, blue mountains in background"
"closeup, a wine bottle on a mossy rock next to blue flowers in a serene water river, blue mountains in background_6.png","closeup, a wine bottle on a mossy rock next to blue flowers in a serene water river, blue mountains in background"
"closeup, a wine bottle on a mossy rock, in a serene water river, blue mountains in background_7.png","closeup, a wine bottle on a mossy rock, in a serene water river, blue mountains in background"
"closeup, a brown serum bottle standing on a mossy rock, in serene water river, blue mountains in background_4.png","closeup, a brown serum bottle standing on a mossy rock, in serene water river, blue mountains in background"
"closeup, a white bottle standing on a mossy rock next to blue flowers in a serene water river, blue mountains in background_5.png","closeup, a white bottle standing on a mossy rock next to blue flowers in a serene water river, blue mountains in background"
"closeup, a brown serum bottle standing on a mossy rock, in serene water river, blue mountains in background_3.png","closeup, a brown serum bottle standing on a mossy rock, in serene water river, blue mountains in background"
