image_file,caption
A yellow perfume bottle standing on yellow silk cloth with yellow rose petals_1.png,A yellow perfume bottle standing on yellow silk cloth with yellow rose petals
A perfume bottle standing on red silk cloth with red rose petals_1.png,A perfume bottle standing on red silk cloth with red rose petals
facewash tube placed on red satin cloth with red rose petals_3.png,facewash tube placed on red satin cloth with red rose petals
serum bottle placed on golden satin cloth with rose petals_1.png,serum bottle placed on golden satin cloth with rose petals
A perfume bottle lying on yellow silk cloth with some white flower petals_4.png,A perfume bottle lying on yellow silk cloth with some white flower petals
serum bottle placed on golden satin cloth with rose petals_2.png,serum bottle placed on golden satin cloth with rose petals
A perfume bottle lying on yellow silk cloth with some white flower petals_1.png,A perfume bottle lying on yellow silk cloth with some white flower petals
A perfume bottle lying on yellow silk cloth with some white flower petals_3.png,A perfume bottle lying on yellow silk cloth with some white flower petals
serum bottle placed on golden satin cloth with rose petals_5.png,serum bottle placed on golden satin cloth with rose petals
A perfume bottle lying on yellow silk cloth with some white flower petals_2.png,A perfume bottle lying on yellow silk cloth with some white flower petals
serum bottle placed on golden satin cloth with rose petals_3.png,serum bottle placed on golden satin cloth with rose petals
facewash tube placed on red satin cloth with red rose petals_1.png,facewash tube placed on red satin cloth with red rose petals
facewash tube placed on red satin cloth with red rose petals_2.png,facewash tube placed on red satin cloth with red rose petals
A facewash tube standing on lavendar silk cloth with pink rose petals_1.png,A facewash tube standing on lavendar silk cloth with pink rose petals
