image_file,caption
"A perfume bottle standing on a white counter, enveloped by the sweet scent of jasmine, with a misty, early morning garden as the backdrop_11.png","A perfume bottle standing on a white counter, enveloped by the sweet scent of jasmine, with a misty, early morning garden as the backdrop"
"A perfume bottle standing on a white counter, enveloped by the sweet scent of jasmine, with a misty, early morning garden as the backdrop_10.png","A perfume bottle standing on a white counter, enveloped by the sweet scent of jasmine, with a misty, early morning garden as the backdrop"
"A lavender perfume bottle standing on a white counter, enveloped by the sweet scent of jasmine, with a misty, early morning garden as the backdrop_6.png","A lavender perfume bottle standing on a white counter, enveloped by the sweet scent of jasmine, with a misty, early morning garden as the backdrop"
"A lavender perfume bottle standing on a white counter, enveloped by the sweet scent of jasmine, with a misty, early morning garden as the backdrop_4.png","A lavender perfume bottle standing on a white counter, enveloped by the sweet scent of jasmine, with a misty, early morning garden as the backdrop"
"A blue perfume bottle standing on a white counter, enveloped by the sweet scent of jasmine, with a misty, early morning garden as the backdrop_2.png","A blue perfume bottle standing on a white counter, enveloped by the sweet scent of jasmine, with a misty, early morning garden as the backdrop"
"A brown serum bottle standing on a white counter, enveloped by the sweet scent of jasmine, with a misty, early morning garden as the backdrop_8.png","A brown serum bottle standing on a white counter, enveloped by the sweet scent of jasmine, with a misty, early morning garden as the backdrop"
"A lavender perfume bottle standing on a white counter, enveloped by the sweet scent of jasmine, with a misty, early morning garden as the backdrop_5.png","A lavender perfume bottle standing on a white counter, enveloped by the sweet scent of jasmine, with a misty, early morning garden as the backdrop"
"A brown serum bottle standing on a white counter, enveloped by the sweet scent of jasmine, with a misty, early morning garden as the backdrop_7.png","A brown serum bottle standing on a white counter, enveloped by the sweet scent of jasmine, with a misty, early morning garden as the backdrop"
"A perfume bottle standing on a white counter, enveloped by the sweet scent of jasmine, with a misty, early morning garden as the backdrop_9.png","A perfume bottle standing on a white counter, enveloped by the sweet scent of jasmine, with a misty, early morning garden as the backdrop"
"A lavender perfume bottle standing on a white counter, enveloped by the sweet scent of jasmine, with a misty, early morning garden as the backdrop_3.png","A lavender perfume bottle standing on a white counter, enveloped by the sweet scent of jasmine, with a misty, early morning garden as the backdrop"
"A blue perfume bottle standing on a white counter, enveloped by the sweet scent of jasmine, with a misty, early morning garden as the backdrop_1.png","A blue perfume bottle standing on a white counter, enveloped by the sweet scent of jasmine, with a misty, early morning garden as the backdrop"
