image_file,caption
"product photoshoot of a bracelet on white circular thermocol paltform, on a dark printed silk plain cloth, minimal, 4k, close up shot_0.png","product photoshoot of a bracelet on white circular thermocol paltform, on a dark printed silk plain cloth, minimal, 4k, close up shot"
"product photoshoot of a ring on white circular thermocol paltform, on a dark printed silk plain cloth, minimal, 4k, close up shot_8.png","product photoshoot of a ring on white circular thermocol paltform, on a dark printed silk plain cloth, minimal, 4k, close up shot"
"product photoshoot of a heavy jewellery on white circular thermocol paltform, on a dark printed silk plain cloth, minimal, 4k, close up shot_4.png","product photoshoot of a heavy jewellery on white circular thermocol paltform, on a dark printed silk plain cloth, minimal, 4k, close up shot"
"product photoshoot of a necklace on white circular thermocol paltform, on a dark printed silk plain cloth, minimal, 4k, close up shot_7.png","product photoshoot of a necklace on white circular thermocol paltform, on a dark printed silk plain cloth, minimal, 4k, close up shot"
"product photoshoot of a heavy jewellery on white circular thermocol paltform, on a dark printed silk plain cloth, minimal, 4k, close up shot_3.png","product photoshoot of a heavy jewellery on white circular thermocol paltform, on a dark printed silk plain cloth, minimal, 4k, close up shot"
"product photoshoot of a necklace on white circular thermocol paltform, on a dark printed silk plain cloth, minimal, 4k, close up shot_6.png","product photoshoot of a necklace on white circular thermocol paltform, on a dark printed silk plain cloth, minimal, 4k, close up shot"
"product photoshoot of a earring on white circular thermocol paltform, on a dark printed silk plain cloth, minimal, 4k, close up shot_1.png","product photoshoot of a earring on white circular thermocol paltform, on a dark printed silk plain cloth, minimal, 4k, close up shot"
"product photoshoot of a jewellery on white circular thermocol paltform, on a dark printed silk plain cloth, minimal, 4k, close up shot_5.png","product photoshoot of a jewellery on white circular thermocol paltform, on a dark printed silk plain cloth, minimal, 4k, close up shot"
"product photoshoot of a ring on white thermocol piece, on a dark tiny printed silk plain cloth, minimal, 4k, close up shot_9.png","product photoshoot of a ring on white thermocol piece, on a dark tiny printed silk plain cloth, minimal, 4k, close up shot"
"product photoshoot of a heavy earring on white circular thermocol paltform, on a dark printed silk plain cloth, minimal, 4k, close up shot_2.png","product photoshoot of a heavy earring on white circular thermocol paltform, on a dark printed silk plain cloth, minimal, 4k, close up shot"
