image_file,caption
"A serum bottle kept on a marble counter, a person in background, whose hand coming towards serum bottle_1.png","A serum bottle kept on a marble counter, a person in background, whose hand coming towards serum bottle"
"A serum bottle kept on a marble counter, a person in background, whose hand coming towards serum bottle_6.png","A serum bottle kept on a marble counter, a person in background, whose hand coming towards serum bottle"
"A serum bottle kept on a marble counter, a person in background, whose hand coming towards serum bottle_4.png","A serum bottle kept on a marble counter, a person in background, whose hand coming towards serum bottle"
"A serum bottle kept on a marble counter, a person in background, whose hand coming towards serum bottle_7.png","A serum bottle kept on a marble counter, a person in background, whose hand coming towards serum bottle"
"A serum bottle kept on a marble counter, a person in background, whose hand coming towards serum bottle_3.png","A serum bottle kept on a marble counter, a person in background, whose hand coming towards serum bottle"
"A serum bottle kept on a marble counter, a person in background, whose hand coming towards serum bottle_5.png","A serum bottle kept on a marble counter, a person in background, whose hand coming towards serum bottle"
"A serum bottle kept on a marble counter, a person in background, whose hand coming towards serum bottle_2.png","A serum bottle kept on a marble counter, a person in background, whose hand coming towards serum bottle"
"A serum bottle kept on a marble counter, a person in background, whose hand coming towards serum bottle_0.png","A serum bottle kept on a marble counter, a person in background, whose hand coming towards serum bottle"
