image_file,caption
"Product photography, serum bottle, lying on the water surface, with flowers, stone on sparkling water, high resolution_11.png","Product photography, serum bottle, lying on the water surface, with flowers, stone on sparkling water, high resolution"
"Product photography, perfume bottle, lying on the water surface, with flowers, stone on sparkling water, high resolution_13.png","Product photography, perfume bottle, lying on the water surface, with flowers, stone on sparkling water, high resolution"
"Product photography, perfume bottle, lying on the water surface, with flowers, stone on sparkling water, high resolution_10.png","Product photography, perfume bottle, lying on the water surface, with flowers, stone on sparkling water, high resolution"
"Product photography, perfume bottle, standing on the water surface, with many flowers floating on water, stone on sparkling water, natural lighting_0.png","Product photography, perfume bottle, standing on the water surface, with many flowers floating on water, stone on sparkling water, natural lighting"
"Product photography, red perfume bottle lying on the water surface, top view, centre composition, with many flowers floating on water, stone on sparkling water, high resolution_3.png","Product photography, red perfume bottle lying on the water surface, top view, centre composition, with many flowers floating on water, stone on sparkling water, high resolution"
"Product photography, perfume bottle, standing on the water surface, with many flowers floating on water, stone on sparkling water, high resolution_8.png","Product photography, perfume bottle, standing on the water surface, with many flowers floating on water, stone on sparkling water, high resolution"
"Product photography, red perfume bottle lying on the water surface, top view, centre composition, with many flowers floating on water, stone on sparkling water, high resolution_2.png","Product photography, red perfume bottle lying on the water surface, top view, centre composition, with many flowers floating on water, stone on sparkling water, high resolution"
"Product photography, red perfume bottle lying on the water surface, top view, centre composition, with many flowers floating on water, stone on sparkling water, high resolution_1.png","Product photography, red perfume bottle lying on the water surface, top view, centre composition, with many flowers floating on water, stone on sparkling water, high resolution"
"Product photography, perfume bottle, standing on the water surface, with many flowers floating on water, stone on sparkling water, high resolution_6.png","Product photography, perfume bottle, standing on the water surface, with many flowers floating on water, stone on sparkling water, high resolution"
"Product photography, perfume bottle, standing on the water surface, with many flowers floating on water, stone on sparkling water, high resolution_7.png","Product photography, perfume bottle, standing on the water surface, with many flowers floating on water, stone on sparkling water, high resolution"
"Product photography, scented candle, lying on the water surface, with flowers, stone on sparkling water, high resolution_12.png","Product photography, scented candle, lying on the water surface, with flowers, stone on sparkling water, high resolution"
"Product photography, perfume bottle, standing on the water surface, with many flowers floating on water, stone on sparkling water, high resolution_5.png","Product photography, perfume bottle, standing on the water surface, with many flowers floating on water, stone on sparkling water, high resolution"
"Product photography, perfume bottle, standing on the water surface, with many flowers floating on water, stone on sparkling water, high resolution_4.png","Product photography, perfume bottle, standing on the water surface, with many flowers floating on water, stone on sparkling water, high resolution"
"Product photography, perfume bottle, standing on the water surface, with flowers floating on water, stone on sparkling water, high resolution_9.png","Product photography, perfume bottle, standing on the water surface, with flowers floating on water, stone on sparkling water, high resolution"
