image_file,caption
A pink perfume lying on a pink printed floral bedsheet_2.png,A pink perfume lying on a pink printed floral bedsheet
A pink perfume lying on a pink printed floral bedsheet_5.png,A pink perfume lying on a pink printed floral bedsheet
A pink perfume lying on a pink printed floral bedsheet_4.png,A pink perfume lying on a pink printed floral bedsheet
"a brown serum bottle lying on a blue printed floral bed sheet, bird eye view_8.png","a brown serum bottle lying on a blue printed floral bed sheet, bird eye view"
"a brown serum bottle lying on a blue printed floral bed sheet, bird eye view_6.png","a brown serum bottle lying on a blue printed floral bed sheet, bird eye view"
"a brown serum bottle lying on a blue printed floral bed sheet, bird eye view_7.png","a brown serum bottle lying on a blue printed floral bed sheet, bird eye view"
"close up, a wine bottle lying on a blue printed floral bed sheet, bird eye view_10.png","close up, a wine bottle lying on a blue printed floral bed sheet, bird eye view"
