image_file,caption
"A yellow skincare tube on a white surface, holi colors in background_10.png","A yellow skincare tube on a white surface, holi colors in background"
"A blue shampoo bottle on a white surface, holi colors in background_0.png","A blue shampoo bottle on a white surface, holi colors in background"
"A blue shampoo bottle on a white surface, holi colors in background_1.png","A blue shampoo bottle on a white surface, holi colors in background"
"A wine bottle on a white surface, holi colors in background_7.png","A wine bottle on a white surface, holi colors in background"
"A yellow skincare tube on a white surface, holi colors in background_9.png","A yellow skincare tube on a white surface, holi colors in background"
"A brown serum bottle on a white surface, holi colors in background_3.png","A brown serum bottle on a white surface, holi colors in background"
"A wine bottle on a white surface, holi colors in background_8.png","A wine bottle on a white surface, holi colors in background"
"A brown serum bottle on a white surface, holi colors in background_5.png","A brown serum bottle on a white surface, holi colors in background"
"A brown serum bottle on a white surface, holi colors in background_4.png","A brown serum bottle on a white surface, holi colors in background"
"A wine bottle on a white surface, holi colors in background_6.png","A wine bottle on a white surface, holi colors in background"
"A blue shampoo bottle on a white surface, holi colors in background_2.png","A blue shampoo bottle on a white surface, holi colors in background"
