image_file,caption
"A grey can standing on a beige surface, in front of a beige paper art background with paper paper sun, paper birds_1.png","A grey can standing on a beige surface, in front of a beige paper art background with paper paper sun, paper birds"
A yellow juice bottle on a platform with some coffee beans infron of some paper buildings in the background_3.png,A yellow juice bottle on a platform with some coffee beans infron of some paper buildings in the background
A red box on a platform with some coffee beans infron of some paper buildings in the background_4.png,A red box on a platform with some coffee beans infron of some paper buildings in the background
A red package on a platform with some coffee beans infron of some paper buildings_2.png,A red package on a platform with some coffee beans infron of some paper buildings
"A brown serum bottle standing on a beige surface, in front of a beige paper art background with paper clouds, paper moon_2.png","A brown serum bottle standing on a beige surface, in front of a beige paper art background with paper clouds, paper moon"
"A blue paper bottle standing on a yellow surface, in front of a yellow paper art background with paper clouds, paper moon_3.png","A blue paper bottle standing on a yellow surface, in front of a yellow paper art background with paper clouds, paper moon"
A yellow perfume bottle standing on a pink surface in front of a pink paper art background_1.png,A yellow perfume bottle standing on a pink surface in front of a pink paper art background
"A pink serum bottle standing on a pink surface, in front of a pink paper art background with paper clouds, paper moon_2.png","A pink serum bottle standing on a pink surface, in front of a pink paper art background with paper clouds, paper moon"
"A yellow perfume bottle standing on a blue surface, in front of a blue paper art background with paper clouds, paper moon_3 (1).png","A yellow perfume bottle standing on a blue surface, in front of a blue paper art background with paper clouds, paper moon"
"A grey can standing on a beige surface, in front of a beige paper art background with paper paper sun, paper birds_1 (1).png","A grey can standing on a beige surface, in front of a beige paper art background with paper paper sun, paper birds"
"A pink gin bottle standing on a pink surface, in front of a pink paper art background with paper clouds, paper moon_1.png","A pink gin bottle standing on a pink surface, in front of a pink paper art background with paper clouds, paper moon"
A yellow perfume bottle standing on a pink surface in front of a pink paper art background_2.png,A yellow perfume bottle standing on a pink surface in front of a pink paper art background
"A yellow perfume bottle standing on a blue surface, in front of a blue paper art background with paper clouds, paper moon_4.png","A yellow perfume bottle standing on a blue surface, in front of a blue paper art background with paper clouds, paper moon"
"A pink serum bottle standing on a pink surface, in front of a pink paper art background with paper clouds, paper moon_22.png","A pink serum bottle standing on a pink surface, in front of a pink paper art background with paper clouds, paper moon"
"A yellow perfume bottle standing on a blue surface, in front of a blue paper art background with paper clouds, paper moon_3.png","A yellow perfume bottle standing on a blue surface, in front of a blue paper art background with paper clouds, paper moon"
A red package on a beige platform with some coffee beans infron of some paper buildings_1.png,A red package on a beige platform with some coffee beans infron of some paper buildings
"A blue purse bottle standing on a yellow surface, in front of a yellow paper art background with paper clouds, paper moon_1.png","A blue purse bottle standing on a yellow surface, in front of a yellow paper art background with paper clouds, paper moon"
A white box on a platform with some coffee beans infron of some paper buildings and tree in the background_4.png,A white box on a platform with some coffee beans infron of some paper buildings and tree in the background
"A brown serum bottle standing on a beige surface, in front of a beige paper art background with paper clouds, paper moon_3.png","A brown serum bottle standing on a beige surface, in front of a beige paper art background with paper clouds, paper moon"
A red bottle on a platform with some coffee beans infron of some paper buildings in the background_2.png,A red bottle on a platform with some coffee beans infron of some paper buildings in the background
A white box on a platform with some coffee beans infron of some paper buildings in the background_6.png,A white box on a platform with some coffee beans infron of some paper buildings in the background
A yellow bottle on a platform with some coffee beans infron of some paper buildings in the background_3.png,A yellow bottle on a platform with some coffee beans infron of some paper buildings in the background
