image_file,caption
"A product kept on a park bench in autumn, product shoot_1.png","A product kept on a park bench in autumn, product shoot"
"A product kept on a park bench in autumn, product shoot_3.png","A product kept on a park bench in autumn, product shoot"
"A product kept on a park bench in autumn, product shoot_7.png","A product kept on a park bench in autumn, product shoot"
"A product kept on a park bench in autumn, product shoot_11.png","A product kept on a park bench in autumn, product shoot"
"A product kept on a park bench in autumn, product shoot_4.png","A product kept on a park bench in autumn, product shoot"
"A product kept on a park bench in autumn, product shoot_8.png","A product kept on a park bench in autumn, product shoot"
"A product kept on a park bench in autumn, product shoot_12.png","A product kept on a park bench in autumn, product shoot"
"A product kept on a park bench in autumn, product shoot_5.png","A product kept on a park bench in autumn, product shoot"
"A product kept on a park bench in autumn, product shoot_2.png","A product kept on a park bench in autumn, product shoot"
"A product kept on a park bench in autumn, product shoot_10.png","A product kept on a park bench in autumn, product shoot"
"A product kept on a park bench in autumn, product shoot_6.png","A product kept on a park bench in autumn, product shoot"
"A product kept on a park bench in autumn, product shoot_9.png","A product kept on a park bench in autumn, product shoot"
