image_file,caption
"giant brown serum bottle standing in a miniature city made of lego, with miniature people around_3.png","giant brown serum bottle standing in a miniature city made of lego, with miniature people around"
"product photoshoot of blue sunglasses lying in a miniature city made of lego, with miniature people around, minimal, close up_6.png","product photoshoot of blue sunglasses lying in a miniature city made of lego, with miniature people around, minimal, close up"
"product photoshoot of solid red bottle standing in a miniature city made of lego, with miniature people around, minimal, close up_8.png","product photoshoot of solid red bottle standing in a miniature city made of lego, with miniature people around, minimal, close up"
"giant blue perfume bottle standing in a miniature city made of lego, with miniature people around_1.png","giant blue perfume bottle standing in a miniature city made of lego, with miniature people around"
"product photoshoot of yellow bagpack lying in a miniature city made of lego, with miniature people around, minimal, close up_10.png","product photoshoot of yellow bagpack lying in a miniature city made of lego, with miniature people around, minimal, close up"
"product photoshoot of giant red bottle standing in a miniature city made of lego, with miniature people around, minimal, close up_7.png","product photoshoot of giant red bottle standing in a miniature city made of lego, with miniature people around, minimal, close up"
"giant blue perfume bottle standing in a miniature city made of lego, with miniature people around_0.png","giant blue perfume bottle standing in a miniature city made of lego, with miniature people around"
"product photoshoot of yellow bagpack lying in a miniature city made of lego, with miniature people around, minimal, close up_9.png","product photoshoot of yellow bagpack lying in a miniature city made of lego, with miniature people around, minimal, close up"
"giant blue perfume bottle standing in a miniature city made of lego, with miniature people around_2.png","giant blue perfume bottle standing in a miniature city made of lego, with miniature people around"
"giant brown serum bottle standing in a miniature city made of lego, with miniature people around_4.png","giant brown serum bottle standing in a miniature city made of lego, with miniature people around"
"product photoshoot of yellow bagpack standing in a miniature city made of lego, with miniature people around, minimal, close up_11.png","product photoshoot of yellow bagpack standing in a miniature city made of lego, with miniature people around, minimal, close up"
"product photoshoot of black sunglasses lying in a miniature city made of lego, with miniature people around, minimal, close up, high angle shot_5.png","product photoshoot of black sunglasses lying in a miniature city made of lego, with miniature people around, minimal, close up, high angle shot"
