image_file,caption
"a brown serum bottle standing on a Picnic Blanket, next to a Basket of Fresh Fruits and a Bouquet of Wildflowers, picnic scene_0.png","a brown serum bottle standing on a Picnic Blanket, next to a Basket of Fresh Fruits and a Bouquet of Wildflowers, picnic scene"
"a brown serum bottle standing on a Picnic Blanket, next to a Basket of Fresh Fruits and a Bouquet of Wildflowers, picnic scene_2.png","a brown serum bottle standing on a Picnic Blanket, next to a Basket of Fresh Fruits and a Bouquet of Wildflowers, picnic scene"
"a face cream jar standing on a Picnic Blanket, next to a Basket of Fresh Fruits and a Bouquet of Wildflowers, picnic scene, shot taken from below_3.png","a face cream jar standing on a Picnic Blanket, next to a Basket of Fresh Fruits and a Bouquet of Wildflowers, picnic scene, shot taken from below"
"a white face cream tube standing on a Picnic Blanket, next to a Basket of Fresh Fruits and a Bouquet of Wildflowers, picnic scene_11.png","a white face cream tube standing on a Picnic Blanket, next to a Basket of Fresh Fruits and a Bouquet of Wildflowers, picnic scene"
"a red sauce bottle standing on a Picnic Blanket, next to a Basket of Fresh Fruits and a Bouquet of Wildflowers, picnic scene_8.png","a red sauce bottle standing on a Picnic Blanket, next to a Basket of Fresh Fruits and a Bouquet of Wildflowers, picnic scene"
"a face cream tube standing next to a fruit basket and some wild flowers, on a picnic blanket picnic scenery in background_5.png","a face cream tube standing next to a fruit basket and some wild flowers, on a picnic blanket picnic scenery in background"
"a white face cream tube standing on a Picnic Blanket, next to a Basket of Fresh Fruits and a Bouquet of Wildflowers, picnic scene_10.png","a white face cream tube standing on a Picnic Blanket, next to a Basket of Fresh Fruits and a Bouquet of Wildflowers, picnic scene"
"a face cream tube standing next to a fruit basket and some wild flowers, on a picnic blanket picnic scenery in background_6.png","a face cream tube standing next to a fruit basket and some wild flowers, on a picnic blanket picnic scenery in background"
"a face cream jar standing on a Picnic Blanket, next to a Basket of Fresh Fruits and a Bouquet of Wildflowers, picnic scene, shot taken from below_4.png","a face cream jar standing on a Picnic Blanket, next to a Basket of Fresh Fruits and a Bouquet of Wildflowers, picnic scene, shot taken from below"
"a red sauce bottle standing on a Picnic Blanket, next to a Basket of Fresh Fruits and a Bouquet of Wildflowers, picnic scene_7.png","a red sauce bottle standing on a Picnic Blanket, next to a Basket of Fresh Fruits and a Bouquet of Wildflowers, picnic scene"
"a red sauce bottle standing on a Picnic Blanket, next to a Basket of Fresh Fruits and a Bouquet of Wildflowers, picnic scene_9.png","a red sauce bottle standing on a Picnic Blanket, next to a Basket of Fresh Fruits and a Bouquet of Wildflowers, picnic scene"
"a brown serum bottle standing on a Picnic Blanket, next to a Basket of Fresh Fruits and a Bouquet of Wildflowers, picnic scene_1.png","a brown serum bottle standing on a Picnic Blanket, next to a Basket of Fresh Fruits and a Bouquet of Wildflowers, picnic scene"
