image_file,caption
"A face cream on a wooden platform on grass in a park, defocussed_1.png","A face cream on a wooden platform on grass in a park, defocussed"
"A shoe on a wooden platform on grass in a park, defocussed_8.png","A shoe on a wooden platform on grass in a park, defocussed"
"A serum bottle on a wooden platform on grass in a park, defocussed_4.png","A serum bottle on a wooden platform on grass in a park, defocussed"
"A serum bottle on a wooden platform on grass in a park, defocussed_6.png","A serum bottle on a wooden platform on grass in a park, defocussed"
"A serum bottle on a wooden platform on grass in a park, defocussed_5.png","A serum bottle on a wooden platform on grass in a park, defocussed"
"A face cream on a wooden platform on grass in a park, defocussed_0.png","A face cream on a wooden platform on grass in a park, defocussed"
