image_file,caption
"close up of a coke can kept on snow with houses in background with snow all over, winter, frozen_2.png","close up of a coke can kept on snow with houses in background with snow all over, winter, frozen"
"close up of a serum bottle kept on snow with houses in background with snow all over, winter, frozen_1.png","close up of a serum bottle kept on snow with houses in background with snow all over, winter, frozen"
"close up of a beer bottle kept on snow with houses in background with snow all over, winter, frozen_2.png","close up of a beer bottle kept on snow with houses in background with snow all over, winter, frozen"
"close up of a coke can kept on snow with houses in background with snow all over, winter, frozen_3.png","close up of a coke can kept on snow with houses in background with snow all over, winter, frozen"
"close up of a coke can kept on snow with houses in background with snow all over, winter, frozen_4.png","close up of a coke can kept on snow with houses in background with snow all over, winter, frozen"
"close up of a beer bottle kept on snow with houses in background with snow all over, winter, frozen_1.png","close up of a beer bottle kept on snow with houses in background with snow all over, winter, frozen"
"close up of a serum bottle kept on snow with houses in background with snow all over, winter, frozen_4.png","close up of a serum bottle kept on snow with houses in background with snow all over, winter, frozen"
"close up of a serum bottle kept on snow with houses in background with snow all over, winter, frozen_3.png","close up of a serum bottle kept on snow with houses in background with snow all over, winter, frozen"
"close up of a beer bottle kept on snow with houses in background with snow all over, winter, frozen_4.png","close up of a beer bottle kept on snow with houses in background with snow all over, winter, frozen"
"close up of a beer bottle kept on snow with houses in background with snow all over, winter, frozen_3.png","close up of a beer bottle kept on snow with houses in background with snow all over, winter, frozen"
"close up of a coke can kept on snow with houses in background with snow all over, winter, frozen_1.png","close up of a coke can kept on snow with houses in background with snow all over, winter, frozen"
"close up of a serum bottle kept on snow with houses in background with snow all over, winter, frozen_2.png","close up of a serum bottle kept on snow with houses in background with snow all over, winter, frozen"
