image_file,caption
"beer bottle kept on grass with houses in background, summer time, bright sky, product shoot_1.png","beer bottle kept on grass with houses in background, summer time, bright sky, product shoot"
"serum bottle kept on grass with houses in background, summer time, bright sky, product shoot_1.png","serum bottle kept on grass with houses in background, summer time, bright sky, product shoot"
"serum bottle kept on grass with houses in background, summer time, bright sky, product shoot_3.png","serum bottle kept on grass with houses in background, summer time, bright sky, product shoot"
"serum bottle kept on grass with houses in background, summer time, bright sky, product shoot_6.png","serum bottle kept on grass with houses in background, summer time, bright sky, product shoot"
"serum bottle kept on grass with houses in background, summer time, bright sky, product shoot_4.png","serum bottle kept on grass with houses in background, summer time, bright sky, product shoot"
"juice bottle kept on grass with houses in background, summer time, bright sky, product shoot_4.png","juice bottle kept on grass with houses in background, summer time, bright sky, product shoot"
"serum bottle kept on grass with houses in background, summer time, bright sky, product shoot_2.png","serum bottle kept on grass with houses in background, summer time, bright sky, product shoot"
"juice bottle kept on grass with houses in background, summer time, bright sky, product shoot_3.png","juice bottle kept on grass with houses in background, summer time, bright sky, product shoot"
"beer bottle kept on grass with houses in background, summer time, bright sky, product shoot_2.png","beer bottle kept on grass with houses in background, summer time, bright sky, product shoot"
"juice bottle kept on grass with houses in background, summer time, bright sky, product shoot_2.png","juice bottle kept on grass with houses in background, summer time, bright sky, product shoot"
"juice bottle kept on grass with houses in background, summer time, bright sky, product shoot_1.png","juice bottle kept on grass with houses in background, summer time, bright sky, product shoot"
"serum bottle kept on grass with houses in background, summer time, bright sky, product shoot_5.png","serum bottle kept on grass with houses in background, summer time, bright sky, product shoot"
