image_file,caption
Product kept on a beige platform with a transparent vase infront of a solid orange wall_1.png,Product kept on a beige platform with a transparent vase infront of a solid orange wall
Product kept on a beige platform with a transparent vase infront of a striped green wall_2.png,Product kept on a beige platform with a transparent vase infront of a striped green wall
Product kept on a beige platform with a transparent vase infront of a solid orange wall_2.png,Product kept on a beige platform with a transparent vase infront of a solid orange wall
Product kept on a beige platform with a transparent vase infront of a striped green wall_7.png,Product kept on a beige platform with a transparent vase infront of a striped green wall
Product kept on a beige platform with a transparent vase infront of a patterned yellow wall_2.png,Product kept on a beige platform with a transparent vase infront of a patterned yellow wall
Product kept on a beige platform with a transparent vase infront of a striped green wall_4.png,Product kept on a beige platform with a transparent vase infront of a striped green wall
Product kept on a beige platform with a transparent vase infront of a solid yellow wall_6.png,Product kept on a beige platform with a transparent vase infront of a solid yellow wall
Product kept on a beige platform with a transparent vase infront of a striped green wall_1.png,Product kept on a beige platform with a transparent vase infront of a striped green wall
Product kept on a beige platform with a transparent vase infront of a solid yellow wall_3.png,Product kept on a beige platform with a transparent vase infront of a solid yellow wall
Product kept on a beige platform with a transparent vase infront of a striped green wall_5.png,Product kept on a beige platform with a transparent vase infront of a striped green wall
Product kept on a beige platform with a transparent vase infront of a striped green wall_6.png,Product kept on a beige platform with a transparent vase infront of a striped green wall
Product kept on a beige platform with a transparent vase infront of a solid orange wall_4.png,Product kept on a beige platform with a transparent vase infront of a solid orange wall
Product kept on a beige platform with a transparent vase infront of a striped green wall_8.png,Product kept on a beige platform with a transparent vase infront of a striped green wall
Product kept on a beige platform with a transparent vase infront of a striped orange wall_2.png,Product kept on a beige platform with a transparent vase infront of a striped orange wall
Product kept on a beige platform with a transparent vase infront of a solid yellow wall_1.png,Product kept on a beige platform with a transparent vase infront of a solid yellow wall
Product kept on a beige platform with a transparent vase infront of a yellow wall_7.png,Product kept on a beige platform with a transparent vase infront of a yellow wall
Product kept on a beige platform with a transparent vase infront of a solid yellow wall_2.png,Product kept on a beige platform with a transparent vase infront of a solid yellow wall
Product kept on a beige platform with a transparent vase infront of a striped green wall_3.png,Product kept on a beige platform with a transparent vase infront of a striped green wall
Product kept on a beige platform with a transparent vase infront of a yellow wall_5.png,Product kept on a beige platform with a transparent vase infront of a yellow wall
Product kept on a beige platform with a transparent vase infront of a solid yellow wall_5.png,Product kept on a beige platform with a transparent vase infront of a solid yellow wall
Product kept on a beige platform with a transparent vase infront of a solid orange wall_3.png,Product kept on a beige platform with a transparent vase infront of a solid orange wall
