image_file,caption
"A product photography of blue perfume bottle lying on a blooming crystal flower in lotus shape, bathed in the light of a double moon, top down_0.png","A product photography of blue perfume bottle lying on a blooming crystal flower in lotus shape, bathed in the light of a double moon, top down"
"A product photography of red bottle lying on a blooming crystal lotus flower, bathed in the light of a double moon, top down_9.png","A product photography of red bottle lying on a blooming crystal lotus flower, bathed in the light of a double moon, top down"
"A product photography of brown serum bottle lying on a blooming crystal flower in lotus shape, bathed in the light of a double moon, top down_3.png","A product photography of brown serum bottle lying on a blooming crystal flower in lotus shape, bathed in the light of a double moon, top down"
"A product photography of blue perfume bottle lying on a blooming crystal flower, bathed in the light of a double moon, top down_2.png","A product photography of blue perfume bottle lying on a blooming crystal flower, bathed in the light of a double moon, top down"
"A product photography of red bottle lying on a blooming crystal flower in lotus shape, bathed in the light of a double moon, top down_7.png","A product photography of red bottle lying on a blooming crystal flower in lotus shape, bathed in the light of a double moon, top down"
"A product photography of brown serum bottle lying on a blooming crystal flower in lotus shape, bathed in the light of a double moon, top down_4.png","A product photography of brown serum bottle lying on a blooming crystal flower in lotus shape, bathed in the light of a double moon, top down"
"A product photography of red bottle lying on a blooming crystal flower in lotus shape, bathed in the light of a double moon, top down_8.png","A product photography of red bottle lying on a blooming crystal flower in lotus shape, bathed in the light of a double moon, top down"
"A product photography of red bottle lying on a blooming crystal flower in lotus shape, bathed in the light of a double moon, top down_6.png","A product photography of red bottle lying on a blooming crystal flower in lotus shape, bathed in the light of a double moon, top down"
"A product photography of blue perfume bottle lying on a blooming crystal flower in lotus shape, bathed in the light of a double moon, top down_1.png","A product photography of blue perfume bottle lying on a blooming crystal flower in lotus shape, bathed in the light of a double moon, top down"
"A product photography of brown serum bottle lying on a blooming crystal flower in lotus shape, bathed in the light of a double moon, top down_5.png","A product photography of brown serum bottle lying on a blooming crystal flower in lotus shape, bathed in the light of a double moon, top down"
