image_file,caption
"earrings lying on a white marble platform, bird eye view_3.png","earrings lying on a white marble platform, bird eye view"
"A serum bottle lying on a marble platform, bird eye view_2.png","A serum bottle lying on a marble platform, bird eye view"
"A wine bottle lying on a marble platform, bird eye view_1.png","A wine bottle lying on a marble platform, bird eye view"
"A wine bottle lying on a marble platform, bird eye view_2.png","A wine bottle lying on a marble platform, bird eye view"
"earrings lying on a white marble platform, bird eye view_2.png","earrings lying on a white marble platform, bird eye view"
"brown serum bottle lying on a beige marble platform, bird eye view_1.png","brown serum bottle lying on a beige marble platform, bird eye view"
"A serum bottle lying on a white marble platform, bird eye view_1.png","A serum bottle lying on a white marble platform, bird eye view"
"earrings lying on a white marble platform, bird eye view_1.png","earrings lying on a white marble platform, bird eye view"
"brown serum bottle lying on a marble platform, bird eye view_5.png","brown serum bottle lying on a marble platform, bird eye view"
