image_file,caption
"brown serum bottle, pure white background, white flowers_1.png","brown serum bottle, pure white background, white flowers"
"chanel perfume, purewhite background, white flowers_5.png","chanel perfume, purewhite background, white flowers"
"chanel perfume, purewhite background, white flowers_6.png","chanel perfume, purewhite background, white flowers"
"wine bottle, purewhite background, white flowers_9.png","wine bottle, purewhite background, white flowers"
"wine bottle, purewhite background, white flowers_8.png","wine bottle, purewhite background, white flowers"
"brown serum bottle, pure white background, white flowers_2.png","brown serum bottle, pure white background, white flowers"
"chanel perfume, purewhite background, white flowers_7.png","chanel perfume, purewhite background, white flowers"
"chanel perfume, purewhite background, white flowers_4.png","chanel perfume, purewhite background, white flowers"
"brown serum bottle, pure white background, white flowers_0.png","brown serum bottle, pure white background, white flowers"
"chanel perfume, purewhite background, white flowers_3.png","chanel perfume, purewhite background, white flowers"
