image_file,caption
"plush purple unicorn toy sitting on a table, outdoors, background out of focus, night time_8.png","plush purple unicorn toy sitting on a table, outdoors, background out of focus, night time"
"A wine bottle sitting on a table, outdoors, background out of focus, night time_5.png","A wine bottle sitting on a table, outdoors, background out of focus, night time"
"A wine bottle sitting on a table, outdoors, background out of focus, night time_6.png","A wine bottle sitting on a table, outdoors, background out of focus, night time"
"plush purple unicorn toy sitting on a table, outdoors, background out of focus, night time_9.png","plush purple unicorn toy sitting on a table, outdoors, background out of focus, night time"
"A teddy bear toy sitting on a table, outdoors, background out of focus, night time_2.png","A teddy bear toy sitting on a table, outdoors, background out of focus, night time"
"A wine bottle sitting on a table, outdoors, background out of focus, night time_4.png","A wine bottle sitting on a table, outdoors, background out of focus, night time"
"A teddy bear toy sitting on a table, outdoors, background out of focus, night time_3.png","A teddy bear toy sitting on a table, outdoors, background out of focus, night time"
"A teddy bear toy sitting on a table, outdoors, background out of focus, night time_1.png","A teddy bear toy sitting on a table, outdoors, background out of focus, night time"
"A brown serum bottle sitting on a table, outdoors, background out of focus, night time_0.png","A brown serum bottle sitting on a table, outdoors, background out of focus, night time"
"plush purple unicorn toy sitting on a table, outdoors, background out of focus, night time_7.png","plush purple unicorn toy sitting on a table, outdoors, background out of focus, night time"
