image_file,caption
A green bottle standing on a white surface in front of chart paper with graphs_3.png,A green bottle standing on a white surface in front of chart paper with graphs
A green bottle standing on a white surface in front of chart paper with graphs_4.png,A green bottle standing on a white surface in front of chart paper with graphs
Black sunglasses standing on a white surface in front of chart paper with graphs_8.png,Black sunglasses standing on a white surface in front of chart paper with graphs
A sunscreen bottle standing on a white surface in front of chart paper with graphs_1.png,A sunscreen bottle standing on a white surface in front of chart paper with graphs
A serum bottle standing on a white surface in front of chart paper with graphs_7.png,A serum bottle standing on a white surface in front of chart paper with graphs
A serum bottle standing on a white surface in front of chart paper with graphs_6.png,A serum bottle standing on a white surface in front of chart paper with graphs
A green bottle standing on a white surface in front of chart paper with graphs_5.png,A green bottle standing on a white surface in front of chart paper with graphs
A sunscreen bottle standing on a white surface in front of chart paper with graphs_2.png,A sunscreen bottle standing on a white surface in front of chart paper with graphs
