image_file,caption
"closeup of necklace on white background, purple flowers in background, jewelery photography_4.png","closeup of necklace on white background, purple flowers in background, jewelery photography"
"closeup of necklace on white background, purple flowers in background, jewelery photography_5.png","closeup of necklace on white background, purple flowers in background, jewelery photography"
"closeup of necklace on white background, purple flowers in background, jewelery photography_6.png","closeup of necklace on white background, purple flowers in background, jewelery photography"
"closeup of silver earrings on white background, purple flowers in background_10.png","closeup of silver earrings on white background, purple flowers in background"
"closeup of brown serum bottle on white background, blue flowers in background_2.png","closeup of brown serum bottle on white background, blue flowers in background"
"closeup of brown serum bottle on white background, blue flowers in background_3.png","closeup of brown serum bottle on white background, blue flowers in background"
"closeup of brown serum bottle on white background, blue flowers in background_1.png","closeup of brown serum bottle on white background, blue flowers in background"
"closeup of brown serum bottle on white background, blue flowers in background_0.png","closeup of brown serum bottle on white background, blue flowers in background"
"closeup of silver earrings on white background, purple flowers in background_8.png","closeup of silver earrings on white background, purple flowers in background"
"closeup of silver earrings on white background, purple flowers in background_9.png","closeup of silver earrings on white background, purple flowers in background"
"closeup of silver earrings on white background, purple flowers in background_7.png","closeup of silver earrings on white background, purple flowers in background"
