image_file,caption
"A serum bottle standing on a beige surface with water, red petals next to it_1.png","A serum bottle standing on a beige surface with water, red petals next to it"
"A green bottle standing on a pink surface with water, white petals next to it_1.png","A green bottle standing on a pink surface with water, white petals next to it"
"A yellow bottle standing on a yellow surface with water, white petals next to it_1.png","A yellow bottle standing on a yellow surface with water, white petals next to it"
"A gren bottle standing on a pink surface with water, white petals next to it_3.png","A gren bottle standing on a pink surface with water, white petals next to it"
"A serum bottle standing on a beige surface with water, red petals next to it_2.png","A serum bottle standing on a beige surface with water, red petals next to it"
"A gren bottle standing on a pink surface with water, white petals next to it_2.png","A gren bottle standing on a pink surface with water, white petals next to it"
"A yellow bottle standing on a blue surface with water, white petals next to it_2.png","A yellow bottle standing on a blue surface with water, white petals next to it"
"A serum bottle standing on a beige surface with water, red petals next to it_3.png","A serum bottle standing on a beige surface with water, red petals next to it"
"A yellow bottle standing on a blue surface with water, white petals next to it_1.png","A yellow bottle standing on a blue surface with water, white petals next to it"
"A green bottle standing on a pink surface with water, white petals next to it_4.png","A green bottle standing on a pink surface with water, white petals next to it"
