image_file,caption
"a coffee mug standing on the wooden branch with white flowers coming out of the branch, close up_1.png","a coffee mug standing on the wooden branch with white flowers coming out of the branch, close up"
"a face cream jar standing on the wooden branch with white flowers coming out of the branch, close up_4.png","a face cream jar standing on the wooden branch with white flowers coming out of the branch, close up"
"a coffee mug standing on the wooden branch with white flowers coming out of the branch, close up, product photoshoot_2.png","a coffee mug standing on the wooden branch with white flowers coming out of the branch, close up, product photoshoot"
"a face cream jar standing on the wooden branch with white flowers coming out of the branch, close up_5.png","a face cream jar standing on the wooden branch with white flowers coming out of the branch, close up"
"a coffee mug standing on the wooden branch with white flowers coming out of the branch, close up_0.png","a coffee mug standing on the wooden branch with white flowers coming out of the branch, close up"
"a serum bottle standing on the wooden branch with white flowers coming out of the branch, close up, product photoshoot_12.png","a serum bottle standing on the wooden branch with white flowers coming out of the branch, close up, product photoshoot"
"a serum bottle standing on the wooden branch with white flowers coming out of the branch, close up, product photoshoot_10.png","a serum bottle standing on the wooden branch with white flowers coming out of the branch, close up, product photoshoot"
"a face cream jar standing on the wooden branch with white flowers coming out of the branch, close up_3.png","a face cream jar standing on the wooden branch with white flowers coming out of the branch, close up"
"a serum bottle standing on the wooden branch with white flowers coming out of the branch, close up, product photoshoot_11.png","a serum bottle standing on the wooden branch with white flowers coming out of the branch, close up, product photoshoot"
"a face cream tube standing on the wooden branch with white flowers coming out of the branch, close up_8.png","a face cream tube standing on the wooden branch with white flowers coming out of the branch, close up"
"a hair oil bottle standing on the wooden branch with white flowers coming out of the branch, close up_9.png","a hair oil bottle standing on the wooden branch with white flowers coming out of the branch, close up"
"a face cream tube standing on the wooden branch with white flowers coming out of the branch, close up_6.png","a face cream tube standing on the wooden branch with white flowers coming out of the branch, close up"
"a face cream tube standing on the wooden branch with white flowers coming out of the branch, close up_7.png","a face cream tube standing on the wooden branch with white flowers coming out of the branch, close up"
