image_file,caption
"product photoshoot of gaming chair in studio setting, with vibrant lights_0.png","product photoshoot of gaming chair in studio setting, with vibrant lights"
"product photoshoot of gaming chair in studio with vibrant lights, dark background, professional, 4k_1.png","product photoshoot of gaming chair in studio with vibrant lights, dark background, professional, 4k"
"product photoshoot of recliner in studio with vibrant lights, dark background, dark shiny floor, professional_2.png","product photoshoot of recliner in studio with vibrant lights, dark background, dark shiny floor, professional"
"product photoshoot of recliner in studio with vibrant lights, dark background, dark shiny floor, professional_3.png","product photoshoot of recliner in studio with vibrant lights, dark background, dark shiny floor, professional"
"product photoshoot of sofa in studio with vibrant lights, dark background, dark shiny floor, professional_4.png","product photoshoot of sofa in studio with vibrant lights, dark background, dark shiny floor, professional"
"product photoshoot of sofa in studio with vibrant lights, dark background, dark shiny floor, professional_5.png","product photoshoot of sofa in studio with vibrant lights, dark background, dark shiny floor, professional"
"product photoshoot of stylish chair in studio with vibrant lights, dark background, dark shiny floor, professional_6.png","product photoshoot of stylish chair in studio with vibrant lights, dark background, dark shiny floor, professional"
"product photoshoot of table in studio with vibrant lights, dark background, dark shiny floor, professional_7.png","product photoshoot of table in studio with vibrant lights, dark background, dark shiny floor, professional"
