image_file,caption
"A green sofa standing on brown carpet on grey floor, in front of a white wall, minimal_0.png","A green sofa standing on brown carpet on grey floor, in front of a white wall, minimal"
"A green sofa standing on brown carpet on grey floor, in front of a white wall, minimal_1.png","A green sofa standing on brown carpet on grey floor, in front of a white wall, minimal"
"A metal chair standing on brown carpet on grey floor, in front of a white wall, minimal_2.png","A metal chair standing on brown carpet on grey floor, in front of a white wall, minimal"
"A metal chair standing on brown carpet on grey floor, in front of a white wall, minimal_3.png","A metal chair standing on brown carpet on grey floor, in front of a white wall, minimal"
"A wooden chair standing on brown carpet on grey floor, in front of a off white ceramic wall_4.png","A wooden chair standing on brown carpet on grey floor, in front of a off white ceramic wall"
"A wooden chair standing on brown carpet on grey floor, in front of a white wall, minimal_5.png","A wooden chair standing on brown carpet on grey floor, in front of a white wall, minimal"
"A wooden chair standing on brown carpet on grey floor, in front of a white wall, minimal_6.png","A wooden chair standing on brown carpet on grey floor, in front of a white wall, minimal"
"A wooden cupboard standing on brown carpet on grey floor, in front of a white wall, minimal_7.png","A wooden cupboard standing on brown carpet on grey floor, in front of a white wall, minimal"
"A wooden cupboard standing on brown carpet on grey floor, in front of a white wall, minimal_8.png","A wooden cupboard standing on brown carpet on grey floor, in front of a white wall, minimal"
"A yellow bean bag standing on brown carpet on grey floor, in front of a white wall, minimal_10.png","A yellow bean bag standing on brown carpet on grey floor, in front of a white wall, minimal"
"A yellow bean bag standing on brown carpet on grey floor, in front of a white wall, minimal_9.png","A yellow bean bag standing on brown carpet on grey floor, in front of a white wall, minimal"
