image_file,caption
"A close up of a green bottle with droplets on it standing on a wooden branch on top of some water, green textured background_2.png","A close up of a green bottle with droplets on it standing on a wooden branch on top of some water, green textured background"
"A close up of a blue perfume bottle with droplets on it standing on a wooden branch on top of some water, blue textured background_3.png","A close up of a blue perfume bottle with droplets on it standing on a wooden branch on top of some water, blue textured background"
"A close up of a black bottle with droplets on it standing on a wooden branch on top of some water, black textured background_2.png","A close up of a black bottle with droplets on it standing on a wooden branch on top of some water, black textured background"
"A close up of a blue perfume bottle with droplets on it standing on a wooden branch on top of some water, blue textured background_2.png","A close up of a blue perfume bottle with droplets on it standing on a wooden branch on top of some water, blue textured background"
"A close up of a brown serum bottle with droplets on it standing on a wooden branch on top of some water, beige textured background_2.png","A close up of a brown serum bottle with droplets on it standing on a wooden branch on top of some water, beige textured background"
"A close up of a black bottle with droplets on it standing on a wooden branch on top of some water, black textured background_1.png","A close up of a black bottle with droplets on it standing on a wooden branch on top of some water, black textured background"
"A close up of a red toothpaste tube bottle standing on a wooden branch on top of some water, red background_1.png","A close up of a red toothpaste tube bottle standing on a wooden branch on top of some water, red background"
"A close up of a black bottle with droplets on it standing on a wooden branch on top of some water, black textured background_3.png","A close up of a black bottle with droplets on it standing on a wooden branch on top of some water, black textured background"
"A close up of a brown serum bottle with droplets on it standing on a wooden branch on top of some water, beige textured background_1.png","A close up of a brown serum bottle with droplets on it standing on a wooden branch on top of some water, beige textured background"
"A close up of a green bottle with droplets on it standing on a wooden branch on top of some water, green textured background_1.png","A close up of a green bottle with droplets on it standing on a wooden branch on top of some water, green textured background"
"A close up of a blue perfume bottle with droplets on it standing on a wooden branch on top of some water, blue textured background_1.png","A close up of a blue perfume bottle with droplets on it standing on a wooden branch on top of some water, blue textured background"
