image_file,caption
"A serum bottle, kept in the middle of the snow, product shoot_1.png","A serum bottle, kept in the middle of the snow, product shoot"
"A serum bottle, kept in the middle of the snow, product shoot_2.png","A serum bottle, kept in the middle of the snow, product shoot"
"A serum bottle, kept in the middle of the snow, product shoot_4.png","A serum bottle, kept in the middle of the snow, product shoot"
"A coffee mug, kept in the middle of the snow, product shoot_4.png","A coffee mug, kept in the middle of the snow, product shoot"
"A coffee mug, kept in the middle of the snow, product shoot_2.png","A coffee mug, kept in the middle of the snow, product shoot"
"A coke can, kept in the middle of the snow, product shoot_2.png","A coke can, kept in the middle of the snow, product shoot"
"A coke can, kept in the middle of the snow, product shoot_3.png","A coke can, kept in the middle of the snow, product shoot"
"A coke can, kept in the middle of the snow, product shoot_1.png","A coke can, kept in the middle of the snow, product shoot"
"A coffee mug, kept in the middle of the snow, product shoot_3.png","A coffee mug, kept in the middle of the snow, product shoot"
"A serum bottle, kept in the middle of the snow, product shoot_3.png","A serum bottle, kept in the middle of the snow, product shoot"
"A coffee mug, kept in the middle of the snow, product shoot_1.png","A coffee mug, kept in the middle of the snow, product shoot"
"A coke can, kept in the middle of the snow, product shoot_4.png","A coke can, kept in the middle of the snow, product shoot"
