image_file,caption
"A black lipstick on a grey background, next to a black tapered cloth_3.png","A black lipstick on a grey background, next to a black tapered cloth"
"A yellow lipstick on a grey background, next to a yellow tapered cloth_1.png","A yellow lipstick on a grey background, next to a yellow tapered cloth"
"A black lipstick on a grey background, next to a black tapered cloth_1.png","A black lipstick on a grey background, next to a black tapered cloth"
"A black lipstick on a grey background, next to a black tapered cloth_4.png","A black lipstick on a grey background, next to a black tapered cloth"
"A red lipstick on a grey background, next to a red tapered cloth_1.png","A red lipstick on a grey background, next to a red tapered cloth"
"A red lipstick on a grey background, next to a red tapered cloth_2.png","A red lipstick on a grey background, next to a red tapered cloth"
"A red lipstick standing on a grey background, next to a red tapered cloth in backgroun_1.png","A red lipstick standing on a grey background, next to a red tapered cloth in backgroun"
"A black lipstick on a grey background, next to a black tapered cloth_2.png","A black lipstick on a grey background, next to a black tapered cloth"
"A serum bottle on a white background, next to a brown tapered cloth_1.png","A serum bottle on a white background, next to a brown tapered cloth"
"A red lipstick on a grey background, next to a yellow tapered cloth_1.png","A red lipstick on a grey background, next to a yellow tapered cloth"
"A serum bottle on a white background, next to a brown tapered cloth on left_1.png","A serum bottle on a white background, next to a brown tapered cloth on left"
"A red tube standing on a grey background, next to a red tapered cloth_1.png","A red tube standing on a grey background, next to a red tapered cloth"
