image_file,caption
"A pump bottle placed on a stack of orange slices and oranges , orange background, studio shot_6.png","A pump bottle placed on a stack of orange slices and oranges , orange background, studio shot"
"A perfume bottle standing on a platform of orange slices and oranges , orange background, studio shot_1.png","A perfume bottle standing on a platform of orange slices and oranges , orange background, studio shot"
"A serum bottle placed on a stack of orange slices , orange background, studio shot_8.png","A serum bottle placed on a stack of orange slices , orange background, studio shot"
"A facewash tube placed on a stack of orange slices and oranges , orange background, studio shot_4.png","A facewash tube placed on a stack of orange slices and oranges , orange background, studio shot"
"A perfume bottle standing on a platform of orange slices and oranges , orange background, studio shot_2.png","A perfume bottle standing on a platform of orange slices and oranges , orange background, studio shot"
"A perfume bottle standing on a platform of orange slices and oranges , orange background, studio shot_3.png","A perfume bottle standing on a platform of orange slices and oranges , orange background, studio shot"
"A shampoo bottle standing on a platform of orange slices and oranges , orange background, studio shot_5.png","A shampoo bottle standing on a platform of orange slices and oranges , orange background, studio shot"
"A serum bottle placed on a stack of orange slices , orange background, studio shot_7.png","A serum bottle placed on a stack of orange slices , orange background, studio shot"
