image_file,caption
"Chic sunglasses positioned to reflect the grandeur of towering, sunlit pillars, highlighting style amidst architectural beauty._6.png","Chic sunglasses positioned to reflect the grandeur of towering, sunlit pillars, highlighting style amidst architectural beauty."
"A serum bottle positioned to reflect the grandeur of towering, sunlit pillars,_5.png","A serum bottle positioned to reflect the grandeur of towering, sunlit pillars,"
"A serum bottle positioned to reflect the grandeur of towering, sunlit pillars,_4.png","A serum bottle positioned to reflect the grandeur of towering, sunlit pillars,"
"A serum bottle positioned to reflect the grandeur of towering, sunlit pillars,_3.png","A serum bottle positioned to reflect the grandeur of towering, sunlit pillars,"
"A golden bottle of perfume positioned to reflect the grandeur of towering, sunlit pillars,_1.png","A golden bottle of perfume positioned to reflect the grandeur of towering, sunlit pillars,"
"A golden bottle of perfume positioned to reflect the grandeur of towering, sunlit pillars,_0.png","A golden bottle of perfume positioned to reflect the grandeur of towering, sunlit pillars,"
"A golden bottle of perfume positioned to reflect the grandeur of towering, sunlit pillars,_2.png","A golden bottle of perfume positioned to reflect the grandeur of towering, sunlit pillars,"
