image_file,caption
"Product photography, serum bottle, with leaves beside, high end, beautiful lighting and shadow from the window, top notch_9.png","Product photography, serum bottle, with leaves beside, high end, beautiful lighting and shadow from the window, top notch"
"Product photography, clock, with leaves beside, high end, beautiful lighting and shadow from the window, top notch_1.png","Product photography, clock, with leaves beside, high end, beautiful lighting and shadow from the window, top notch"
"Product photography, clock, with leaves beside, high end, beautiful lighting and shadow from the window, top notch_4.png","Product photography, clock, with leaves beside, high end, beautiful lighting and shadow from the window, top notch"
"Product photography, clock, with leaves beside, high end, beautiful lighting and shadow from the window, top notch_2.png","Product photography, clock, with leaves beside, high end, beautiful lighting and shadow from the window, top notch"
"Product photography, serum bottle, with leaves beside, high end, beautiful lighting and shadow from the window, top notch_8.png","Product photography, serum bottle, with leaves beside, high end, beautiful lighting and shadow from the window, top notch"
"Product photography, perfume bottle, with leaves beside, high end, beautiful lighting and shadow from the window, top notch_5.png","Product photography, perfume bottle, with leaves beside, high end, beautiful lighting and shadow from the window, top notch"
"Product photography, serum bottle, with leaves beside, high end, beautiful lighting and shadow from the window, top notch_7.png","Product photography, serum bottle, with leaves beside, high end, beautiful lighting and shadow from the window, top notch"
"Product photography, clock, with leaves beside, high end, beautiful lighting and shadow from the window, top notch_3.png","Product photography, clock, with leaves beside, high end, beautiful lighting and shadow from the window, top notch"
"Product photography, clock, with leaves beside, high end, beautiful lighting and shadow from the window, top notch_0.png","Product photography, clock, with leaves beside, high end, beautiful lighting and shadow from the window, top notch"
"Product photography, perfume bottle, with leaves beside, high end, beautiful lighting and shadow from the window, top notch_6.png","Product photography, perfume bottle, with leaves beside, high end, beautiful lighting and shadow from the window, top notch"
