image_file,caption
"A beige cosemtic bottle on white sand in front of serene blue water, blue sky_0.png","A beige cosemtic bottle on white sand in front of serene blue water, blue sky"
"A beige cosemtic bottle on white sand in front of serene blue water, blue sky_1.png","A beige cosemtic bottle on white sand in front of serene blue water, blue sky"
"A beige cosemtic bottle on white sand in front of serene blue water, blue sky_2.png","A beige cosemtic bottle on white sand in front of serene blue water, blue sky"
"A green facecream jar on white sand in front of serene blue water, blue sky_3.png","A green facecream jar on white sand in front of serene blue water, blue sky"
"A green facecream jar on white sand in front of serene blue water, blue sky_4.png","A green facecream jar on white sand in front of serene blue water, blue sky"
"A green facecream jar on white sand in front of serene blue water, blue sky_5.png","A green facecream jar on white sand in front of serene blue water, blue sky"
"A green facecream jar on white sand in front of serene blue water, blue sky_6.png","A green facecream jar on white sand in front of serene blue water, blue sky"
