image_file,caption
"A yellow perfume bottle tilted at angle leaning between two orchid flowers on top and bottom in air, blurred yellow_232.png","A yellow perfume bottle tilted at angle leaning between two orchid flowers on top and bottom in air, blurred yellow"
"Close up of a white scented candle floating mid air surrounded by tiny flowers and leaves, blue sky background, product shot_9.png","Close up of a white scented candle floating mid air surrounded by tiny flowers and leaves, blue sky background, product shot"
"Close up of a blue perfume bottle with a black cap floating mid air with tiny flowers and leaves, blue sky background, product shot_2.png","Close up of a blue perfume bottle with a black cap floating mid air with tiny flowers and leaves, blue sky background, product shot"
"Close up of a pink perfume bottle with a black cap floating mid air surrounded by tiny flowers and leaves, blue sky background, product shot_4.png","Close up of a pink perfume bottle with a black cap floating mid air surrounded by tiny flowers and leaves, blue sky background, product shot"
"A yellow perfume bottle tilted at angle leaning between orchid flowers on top and bottom in air, blurred blue background_1.png","A yellow perfume bottle tilted at angle leaning between orchid flowers on top and bottom in air, blurred blue background"
"A brown serum bottle floating in air, surrounded by rose petals_1.png","A brown serum bottle floating in air, surrounded by rose petals"
"Close up of a blue perfume bottle with a black cap floating mid air with tiny flowers and leaves, blue sky background, product shot_3.png","Close up of a blue perfume bottle with a black cap floating mid air with tiny flowers and leaves, blue sky background, product shot"
"A yellow perfume bottle tilted at angle leaning between two orchid flowers on top and bottom in air, blurred yellow_40.png","A yellow perfume bottle tilted at angle leaning between two orchid flowers on top and bottom in air, blurred yellow"
"Close up of a white scented candle floating mid air surrounded by tiny flowers and leaves, blue sky background, product shot_12.png","Close up of a white scented candle floating mid air surrounded by tiny flowers and leaves, blue sky background, product shot"
"Close up of a pink perfume bottle with a black cap floating mid air surrounded by tiny flowers and leaves, blue sky background, product shot_7.png","Close up of a pink perfume bottle with a black cap floating mid air surrounded by tiny flowers and leaves, blue sky background, product shot"
"Close up of a white scented candle floating mid air surrounded by tiny flowers and leaves, blue sky background, product shot_10.png","Close up of a white scented candle floating mid air surrounded by tiny flowers and leaves, blue sky background, product shot"
"A brown serum bottle floating in air, surrounded by rose petals_3.png","A brown serum bottle floating in air, surrounded by rose petals"
"A brown serum bottle floating in air, surrounded by rose petals_2.png","A brown serum bottle floating in air, surrounded by rose petals"
"A yellow perfume bottle tilted at angle leaning between two orchid flowers on top and bottom in air, blurred yellow_233.png","A yellow perfume bottle tilted at angle leaning between two orchid flowers on top and bottom in air, blurred yellow"
"A yellow perfume bottle tilted at angle leaning between two orchid flowers on top and bottom in air, blurred yellow_41.png","A yellow perfume bottle tilted at angle leaning between two orchid flowers on top and bottom in air, blurred yellow"
"Close up of a blue perfume bottle with a black cap floating mid air with tiny flowers and leaves, blue sky background, product shot_1.png","Close up of a blue perfume bottle with a black cap floating mid air with tiny flowers and leaves, blue sky background, product shot"
"Close up of a pink perfume bottle with a black cap floating mid air surrounded by tiny flowers and leaves, blue sky background, product shot_5.png","Close up of a pink perfume bottle with a black cap floating mid air surrounded by tiny flowers and leaves, blue sky background, product shot"
"Close up of a red purse floating mid air, branches with leaves and tiny lavender flowers on the sides, aesthetically placed, blue sky background, product shot_8.png","Close up of a red purse floating mid air, branches with leaves and tiny lavender flowers on the sides, aesthetically placed, blue sky background, product shot"
"A yellow perfume bottle tilted at angle leaning between two orchid flowers on top and bottom in air, shiny and blurred blue background_1.png","A yellow perfume bottle tilted at angle leaning between two orchid flowers on top and bottom in air, shiny and blurred blue background"
"Close up of a white scented candle floating mid air surrounded by tiny flowers and leaves, blue sky background, product shot_11.png","Close up of a white scented candle floating mid air surrounded by tiny flowers and leaves, blue sky background, product shot"
"Close up of a pink perfume bottle with a black cap floating mid air surrounded by tiny flowers and leaves, blue sky background, product shot_6.png","Close up of a pink perfume bottle with a black cap floating mid air surrounded by tiny flowers and leaves, blue sky background, product shot"
