image_file,caption
"macro closeup of a brown serum bottle, kept on a white circular platform, surrounded by clouds a miniature ladder leaning on to the white platform, light blue sky in the background, product shoot_3.png","macro closeup of a brown serum bottle, kept on a white circular platform, surrounded by clouds a miniature ladder leaning on to the white platform, light blue sky in the background, product shoot"
"macro closeup of a brown serum bottle, kept on a white circular platform, surrounded by clouds a miniature ladder leaning on to the white platform, light blue sky in the background, product shoot_4.png","macro closeup of a brown serum bottle, kept on a white circular platform, surrounded by clouds a miniature ladder leaning on to the white platform, light blue sky in the background, product shoot"
"macro closeup of a brown serum bottle, kept on a white circular platform, surrounded by clouds a miniature ladder leaning on to the white platform, light blue sky in the background, product shoot_5.png","macro closeup of a brown serum bottle, kept on a white circular platform, surrounded by clouds a miniature ladder leaning on to the white platform, light blue sky in the background, product shoot"
"macro closeup of a liquor bottle, kept on a white circular platform, surrounded by clouds a miniature ladder leaning on to the white platform, light blue sky in the background, product shoot_8.png","macro closeup of a liquor bottle, kept on a white circular platform, surrounded by clouds a miniature ladder leaning on to the white platform, light blue sky in the background, product shoot"
"macro closeup of a liquor bottle, kept on a white circular platform, surrounded by clouds a miniature ladder leaning on to the white platform, light blue sky in the background, product shoot_9.png","macro closeup of a liquor bottle, kept on a white circular platform, surrounded by clouds a miniature ladder leaning on to the white platform, light blue sky in the background, product shoot"
"macro closeup of a pink perfume bottle, kept on a white circular platform, surrounded by clouds a miniature ladder leaning on to the white platform, light blue sky in the background, product shoot_10.png","macro closeup of a pink perfume bottle, kept on a white circular platform, surrounded by clouds a miniature ladder leaning on to the white platform, light blue sky in the background, product shoot"
"macro closeup of a liquor bottle, kept on a white circular platform, surrounded by clouds a miniature ladder leaning on to the white platform, light blue sky in the background, product shoot_7.png","macro closeup of a liquor bottle, kept on a white circular platform, surrounded by clouds a miniature ladder leaning on to the white platform, light blue sky in the background, product shoot"
"macro closeup of a liquor bottle, kept on a white circular platform, surrounded by clouds a miniature ladder leaning on to the white platform, light blue sky in the background, product shoot_6.png","macro closeup of a liquor bottle, kept on a white circular platform, surrounded by clouds a miniature ladder leaning on to the white platform, light blue sky in the background, product shoot"
"closeup of a liquor bottle, kept on a white platform, with clouds covering its surrounding, a miniature ladder leaning on to the white platform, light blue sky in the background, product shoot_2.png","closeup of a liquor bottle, kept on a white platform, with clouds covering its surrounding, a miniature ladder leaning on to the white platform, light blue sky in the background, product shoot"
"A liquor bottle, kept on a white platform, with clouds covering its surrounding, a miniature ladder leaning on to the white platform, light blue sky in the background, product shoot_0.png","A liquor bottle, kept on a white platform, with clouds covering its surrounding, a miniature ladder leaning on to the white platform, light blue sky in the background, product shoot"
"A liquor bottle, kept on a white platform, with clouds covering its surrounding, a miniature ladder leaning on to the white platform, light blue sky in the background, product shoot_1.png","A liquor bottle, kept on a white platform, with clouds covering its surrounding, a miniature ladder leaning on to the white platform, light blue sky in the background, product shoot"
