image_file,caption
"A wooden chair on a grey floor, smooth grey wall background, furniture photography_10.png","A wooden chair on a grey floor, smooth grey wall background, furniture photography"
"A wooden chair on a grey floor, smooth grey wall background, furniture photography_11.png","A wooden chair on a grey floor, smooth grey wall background, furniture photography"
"A wooden chair on a grey floor, smooth grey wall background, furniture photography_9.png","A wooden chair on a grey floor, smooth grey wall background, furniture photography"
"A black sofa standing on a grey marble, smooth grey wall background, furniture photography_0.png","A black sofa standing on a grey marble, smooth grey wall background, furniture photography"
"A black sofa standing on a grey marble, smooth grey wall background, furniture photography_1.png","A black sofa standing on a grey marble, smooth grey wall background, furniture photography"
"A wooden chair on a grey floor, smooth grey wall background, furniture photography_8.png","A wooden chair on a grey floor, smooth grey wall background, furniture photography"
"A white sofa chair on a grey floor, smooth grey wall background, furniture photography_5.png","A white sofa chair on a grey floor, smooth grey wall background, furniture photography"
"A white sofa chair on a grey floor, smooth grey wall background, furniture photography_4.png","A white sofa chair on a grey floor, smooth grey wall background, furniture photography"
"A white sofa chair on a grey floor, smooth grey wall background, furniture photography_3.png","A white sofa chair on a grey floor, smooth grey wall background, furniture photography"
"A white vase on a grey floor, smooth grey wall background, furniture photography_6.png","A white vase on a grey floor, smooth grey wall background, furniture photography"
"A white vase on a grey floor, smooth grey wall background, furniture photography_7.png","A white vase on a grey floor, smooth grey wall background, furniture photography"
"A white sofa chair on a grey floor, smooth grey wall background, furniture photography_2.png","A white sofa chair on a grey floor, smooth grey wall background, furniture photography"
