image_file,caption
"An elegant, expensive watch is delicately placed on a piece of driftwood, with the backdrop of a serene beach scene_with a coconut cocktail with mini umbrella and silver straw_9.png","An elegant, expensive watch is delicately placed on a piece of driftwood, with the backdrop of a serene beach scene with a coconut cocktail with mini umbrella and silver straw"
"An exotic glass perfume bottle with dew drops on it , nestled in soft, white sand, with a backdrop of clear blue sea and sky. Whole coconuts and palm leaves frame the product_3.png","An exotic glass perfume bottle with dew drops on it , nestled in soft, white sand, with a backdrop of clear blue sea and sky. Whole coconuts and palm leaves frame the product"
"A close up shot fo a jar of hydrating skin care cream sits on a small mound of fine, white sand, evoking a pristine beach atmosphere. Beside it, a fresh coconut is cut open_5.png","A close up shot fo a jar of hydrating skin care cream sits on a small mound of fine, white sand, evoking a pristine beach atmosphere. Beside it, a fresh coconut is cut open"
"A high-protection sunscreen bottle nestled in soft, white sand, with a backdrop of clear blue sea and sky. Whole coconuts and palm leaves frame the product_1.png","A high-protection sunscreen bottle nestled in soft, white sand, with a backdrop of clear blue sea and sky. Whole coconuts and palm leaves frame the product"
"A close up shot fo a jar of hydrating skin care cream sits on a small mound of fine, white sand, evoking a pristine beach atmosphere. Beside it, a fresh coconut is cut open_6.png","A close up shot fo a jar of hydrating skin care cream sits on a small mound of fine, white sand, evoking a pristine beach atmosphere. Beside it, a fresh coconut is cut open"
"An exotic glass perfume bottle with dew drops on it , nestled in soft, white sand, with a backdrop of clear blue sea and sky. Whole coconuts and palm leaves frame the product_4.png","An exotic glass perfume bottle with dew drops on it , nestled in soft, white sand, with a backdrop of clear blue sea and sky. Whole coconuts and palm leaves frame the product"
"An elegant, expensive watch is delicately placed on a piece of driftwood, with the backdrop of a serene beach scene_with a coconut cocktail with mini umbrella and silver straw_11.png","An elegant, expensive watch is delicately placed on a piece of driftwood, with the backdrop of a serene beach scene with a coconut cocktail with mini umbrella and silver straw"
"An exotic glass perfume bottle with dew drops on it , nestled in soft, white sand, with a backdrop of clear blue sea and sky. Whole coconuts and palm leaves frame the product_2.png","An exotic glass perfume bottle with dew drops on it , nestled in soft, white sand, with a backdrop of clear blue sea and sky. Whole coconuts and palm leaves frame the product"
"A pair of stylish sunglasses rests on a smooth, sandy beach, partially shaded by a palm leaf. Beside the sunglasses, a fresh coconut has been sliced open_7.png","A pair of stylish sunglasses rests on a smooth, sandy beach, partially shaded by a palm leaf. Beside the sunglasses, a fresh coconut has been sliced open"
"An elegant, expensive watch is delicately placed on a piece of driftwood, with the backdrop of a serene beach scene_with a coconut cocktail with mini umbrella and silver straw_10.png","An elegant, expensive watch is delicately placed on a piece of driftwood, with the backdrop of a serene beach scene with a coconut cocktail with mini umbrella and silver straw"
"A pair of stylish sunglasses rests on a smooth, sandy beach, partially shaded by a palm leaf. Beside the sunglasses, a fresh coconut has been sliced open_8.png","A pair of stylish sunglasses rests on a smooth, sandy beach, partially shaded by a palm leaf. Beside the sunglasses, a fresh coconut has been sliced open"
