image_file,caption
"a blue shampoo bottle standing on a background, in the style of op art illusions, digital distortion, fisheye lens, simple minimalism, stripes and shapes, acrobatic self-portraits_2.png","a blue shampoo bottle standing on a background, in the style of op art illusions, digital distortion, fisheye lens, simple minimalism, stripes and shapes, acrobatic self-portraits"
"a brown serum bottle standing on a background, in the style of op art illusions, digital distortion, fisheye lens, simple minimalism, stripes and shapes, acrobatic_3.png","a brown serum bottle standing on a background, in the style of op art illusions, digital distortion, fisheye lens, simple minimalism, stripes and shapes, acrobatic"
"a yellow skincare tube standing on a background, in the style of op art illusions, digital distortion, fisheye lens, simple minimalism, stripes and shapes, acrobatic self-portraits_10.png","a yellow skincare tube standing on a background, in the style of op art illusions, digital distortion, fisheye lens, simple minimalism, stripes and shapes, acrobatic self-portraits"
"a brown serum bottle standing on a background, in the style of op art illusions, digital distortion, fisheye lens, simple minimalism, stripes and shapes, acrobatic self-portraits_6.png","a brown serum bottle standing on a background, in the style of op art illusions, digital distortion, fisheye lens, simple minimalism, stripes and shapes, acrobatic self-portraits"
"a brown serum bottle standing on a background, in the style of op art illusions, digital distortion, fisheye lens, simple minimalism, stripes and shapes, acrobatic self-portraits_5.png","a brown serum bottle standing on a background, in the style of op art illusions, digital distortion, fisheye lens, simple minimalism, stripes and shapes, acrobatic self-portraits"
"a brown serum bottle standing on a background, in the style of op art illusions, digital distortion, fisheye lens, simple minimalism, stripes and shapes, acrobatic self-portraits_7.png","a brown serum bottle standing on a background, in the style of op art illusions, digital distortion, fisheye lens, simple minimalism, stripes and shapes, acrobatic self-portraits"
"a wine bottle standing on a background, in the style of op art illusions, digital distortion, fisheye lens, #screenshotsaturday, simple minimalism, stripes and shapes, acrobatic self-portraits_9.png","a wine bottle standing on a background, in the style of op art illusions, digital distortion, fisheye lens, #screenshotsaturday, simple minimalism, stripes and shapes, acrobatic self-portraits"
"a blue shampoo bottle standing on a background, in the style of op art illusions, digital distortion, fisheye lens, simple minimalism, stripes and shapes, acrobatic self-portraits_1.png","a blue shampoo bottle standing on a background, in the style of op art illusions, digital distortion, fisheye lens, simple minimalism, stripes and shapes, acrobatic self-portraits"
"a brown serum bottle standing on a background, in the style of op art illusions, digital distortion, fisheye lens, simple minimalism, stripes and shapes, acrobatic_4.png","a brown serum bottle standing on a background, in the style of op art illusions, digital distortion, fisheye lens, simple minimalism, stripes and shapes, acrobatic"
"a blue shampoo bottle standing on a background, in the style of op art illusions, digital distortion, fisheye lens, simple minimalism, stripes and shapes, acrobatic self-portraits_0.png","a blue shampoo bottle standing on a background, in the style of op art illusions, digital distortion, fisheye lens, simple minimalism, stripes and shapes, acrobatic self-portraits"
"a wine bottle standing on a background, in the style of op art illusions, digital distortion, fisheye lens, #screenshotsaturday, simple minimalism, stripes and shapes, acrobatic self-portraits_8.png","a wine bottle standing on a background, in the style of op art illusions, digital distortion, fisheye lens, #screenshotsaturday, simple minimalism, stripes and shapes, acrobatic self-portraits"
