image_file,caption
"product shoot of a brown serum bottle, standing in water and leaves float in the pond, forest in the background, moonlight, close up shot, in style of Chanel campaign, 8k_5.png","product shoot of a brown serum bottle, standing in water and leaves float in the pond, forest in the background, moonlight, close up shot, in style of Chanel campaign, 8k"
"product shoot of a wine bottle, standing in water and leaves float in the pond, forest in the background, moonlight, close up shot, in style of Chanel campaign, 8k_7.png","product shoot of a wine bottle, standing in water and leaves float in the pond, forest in the background, moonlight, close up shot, in style of Chanel campaign, 8k"
"product shoot of a brown serum bottle, standing in water and leaves float in the pond, forest in the background, moonlight, close up shot, in style of Chanel campaign, 8k_6.png","product shoot of a brown serum bottle, standing in water and leaves float in the pond, forest in the background, moonlight, close up shot, in style of Chanel campaign, 8k"
"product shoot of a Chanel perfume, standing in water and leaves float in the pond, forest in the background, moonlight, close up shot, in style of Chanel campaign, 8k_0.png","product shoot of a Chanel perfume, standing in water and leaves float in the pond, forest in the background, moonlight, close up shot, in style of Chanel campaign, 8k"
"product shoot of a wine bottle, standing in water and leaves float in the pond, forest in the background, moonlight, close up shot, in style of Chanel campaign, 8k_8.png","product shoot of a wine bottle, standing in water and leaves float in the pond, forest in the background, moonlight, close up shot, in style of Chanel campaign, 8k"
"product shoot of a wine bottle, standing in water and leaves float in the pond, forest in the background, moonlight, close up shot, in style of Chanel campaign, 8k_9.png","product shoot of a wine bottle, standing in water and leaves float in the pond, forest in the background, moonlight, close up shot, in style of Chanel campaign, 8k"
"product shoot of a brown serum bottle, standing in water and leaves float in the pond, forest in the background, moonlight, close up shot, in style of Chanel campaign, 8k_3.png","product shoot of a brown serum bottle, standing in water and leaves float in the pond, forest in the background, moonlight, close up shot, in style of Chanel campaign, 8k"
"product shoot of a Chanel perfume, standing in water and leaves float in the pond, forest in the background, moonlight, close up shot, in style of Chanel campaign, 8k_1.png","product shoot of a Chanel perfume, standing in water and leaves float in the pond, forest in the background, moonlight, close up shot, in style of Chanel campaign, 8k"
"product shoot of a brown serum bottle, standing in water and leaves float in the pond, forest in the background, moonlight, close up shot, in style of Chanel campaign, 8k_4.png","product shoot of a brown serum bottle, standing in water and leaves float in the pond, forest in the background, moonlight, close up shot, in style of Chanel campaign, 8k"
"product shoot of a wine bottle, standing in water and leaves float in the pond, forest in the background, moonlight, close up shot, in style of Chanel campaign, 8k_10.png","product shoot of a wine bottle, standing in water and leaves float in the pond, forest in the background, moonlight, close up shot, in style of Chanel campaign, 8k"
"product shoot of a Chanel perfume, standing in water and leaves float in the pond, forest in the background, moonlight, close up shot, in style of Chanel campaign, 8k_2.png","product shoot of a Chanel perfume, standing in water and leaves float in the pond, forest in the background, moonlight, close up shot, in style of Chanel campaign, 8k"
