image_file,caption
"product photoshoot of stylish brown sofa next to white studio geometric accessories, plain white background_0.png","product photoshoot of stylish brown sofa next to white studio geometric accessories, plain white background"
"product photoshoot of stylish brown sofa next to white studio geometric shapes on a white platform, plain white background_1.png","product photoshoot of stylish brown sofa next to white studio geometric shapes on a white platform, plain white background"
"product photoshoot of stylish chair next to studio geometric accessories, plain white background_2.png","product photoshoot of stylish chair next to studio geometric accessories, plain white background"
"product photoshoot of stylish chair next to studio geometric accessories, plain white background_3.png","product photoshoot of stylish chair next to studio geometric accessories, plain white background"
"product photoshoot of stylish gaming chair next to white studio geometric accessories, plain white background_4.png","product photoshoot of stylish gaming chair next to white studio geometric accessories, plain white background"
"product photoshoot of stylish recliner next to white studio geometric accessories, plain white background_5.png","product photoshoot of stylish recliner next to white studio geometric accessories, plain white background"
"product photoshoot of stylish recliner next to white studio geometric accessories, plain white background_6.png","product photoshoot of stylish recliner next to white studio geometric accessories, plain white background"
"product photoshoot of stylish recliner next to white studio geometric accessories, plain white background_7.png","product photoshoot of stylish recliner next to white studio geometric accessories, plain white background"
