image_file,caption
"closeup of a red serum bottle lying on a palm leaf, black background_3.png","closeup of a red serum bottle lying on a palm leaf, black background"
"closeup of a facewash tube lying on a palm leaf, light background_1.png","closeup of a facewash tube lying on a palm leaf, light background"
"closeup of a shampoo bottle lying on a palm leaf, light background_2.png","closeup of a shampoo bottle lying on a palm leaf, light background"
"closeup of a shampoo bottle lying on a palm leaf, light background_3.png","closeup of a shampoo bottle lying on a palm leaf, light background"
"closeup of a red perfume bottle lying on a palm leaf, light background_1.png","closeup of a red perfume bottle lying on a palm leaf, light background"
"closeup of a shampoo bottle lying on a palm leaf, light background_1.png","closeup of a shampoo bottle lying on a palm leaf, light background"
"closeup of a facewash tube lying on a palm leaf, light background_3.png","closeup of a facewash tube lying on a palm leaf, light background"
"closeup of a red perfume bottle lying on a palm leaf, black background_2.png","closeup of a red perfume bottle lying on a palm leaf, black background"
"closeup of a red serum bottle lying on a palm leaf, black background_2.png","closeup of a red serum bottle lying on a palm leaf, black background"
"closeup of a red perfume bottle lying on a palm leaf, black background_1.png","closeup of a red perfume bottle lying on a palm leaf, black background"
"closeup of a red perfume bottle lying on a palm leaf, black background_3.png","closeup of a red perfume bottle lying on a palm leaf, black background"
"closeup of a facewash tube lying on a palm leaf, light background_2.png","closeup of a facewash tube lying on a palm leaf, light background"
"closeup of a red perfume bottle lying on a palm leaf, black background_4.png","closeup of a red perfume bottle lying on a palm leaf, black background"
