image_file,caption
"top angle shot, A blue perfume lying on top of back side of a jeans_1.png","top angle shot, A blue perfume lying on top of back side of a jeans"
"top angle shot, A man's purse lying on top of back side of a jeans_8.png","top angle shot, A man's purse lying on top of back side of a jeans"
"top angle shot, A man's purse perfume lying on top of back side of a jeans_10.png","top angle shot, A man's purse perfume lying on top of back side of a jeans"
"top angle shot, A man's purse perfume lying on top of back side of a jeans_13.png","top angle shot, A man's purse perfume lying on top of back side of a jeans"
"top angle shot, A man's purse lying on top of back side of a jeans_9.png","top angle shot, A man's purse lying on top of back side of a jeans"
"top angle shot, A man's purse perfume lying on top of back side of a jeans_12.png","top angle shot, A man's purse perfume lying on top of back side of a jeans"
"top angle shot, A man's purse perfume lying on top of back side of a jeans_11.png","top angle shot, A man's purse perfume lying on top of back side of a jeans"
"top angle shot, A red lipstick lying on top of back side of a jeans_16.png","top angle shot, A red lipstick lying on top of back side of a jeans"
"top angle shot, A man's purse lying on top of back side of a jeans_6.png","top angle shot, A man's purse lying on top of back side of a jeans"
"top angle shot, A brown serum perfume lying on top of back side of a blue jeans_3.png","top angle shot, A brown serum perfume lying on top of back side of a blue jeans"
"top angle shot, A blue perfume lying on top of back side of a jeans_0.png","top angle shot, A blue perfume lying on top of back side of a jeans"
"top angle shot, A red lipstick lying on top of back side of a jeans_14.png","top angle shot, A red lipstick lying on top of back side of a jeans"
"top angle shot, A man's purse lying on top of back side of a jeans_7.png","top angle shot, A man's purse lying on top of back side of a jeans"
"top angle shot, A brown serum perfume lying on top of back side of a blue jeans_4.png","top angle shot, A brown serum perfume lying on top of back side of a blue jeans"
"top angle shot, A brown serum perfume lying on top of back side of a blue jeans_5.png","top angle shot, A brown serum perfume lying on top of back side of a blue jeans"
"top angle shot, A red lipstick lying on top of back side of a jeans_15.png","top angle shot, A red lipstick lying on top of back side of a jeans"
"top angle shot, A blue perfume lying on top of back side of a jeans_2.png","top angle shot, A blue perfume lying on top of back side of a jeans"
