image_file,caption
"A close up of a green bottle with droplets on it standing on a wooden branch on top of some water, green textured background_2.png","A close up of a green bottle with droplets on it standing on a wooden branch on top of some water, green textured background"
"A close up of a blue perfume bottle with droplets on it standing on a wooden branch on top of some water, blue textured background_3.png","A close up of a blue perfume bottle with droplets on it standing on a wooden branch on top of some water, blue textured background"
train_unstudio_A_close_up_of_a_red_bottle_standing_on_a_woode_a5c6cd30-b4b8-4c57-8ddc-0511edef1d1f_0.png,"A close up of a red bottle standing on a wooden branch on top of some water, black textured background "
"A close up of a black bottle with droplets on it standing on a wooden branch on top of some water, black textured background_2.png","A close up of a black bottle with droplets on it standing on a wooden branch on top of some water, black textured background"
"A close up of a blue perfume bottle with droplets on it standing on a wooden branch on top of some water, blue textured background_2.png","A close up of a blue perfume bottle with droplets on it standing on a wooden branch on top of some water, blue textured background"
train_unstudio_A_close_up_of_a_blue_serum_bottle_standing_on__1e9495f5-6c4c-4ad2-8378-1760dd2df1a4_3.png,"A close up of a blue serum bottle standing on a wooden branch on top of some water, beige textured background, photoshoot "
"A close up of a brown serum bottle with droplets on it standing on a wooden branch on top of some water, beige textured background_2.png","A close up of a brown serum bottle with droplets on it standing on a wooden branch on top of some water, beige textured background"
train_unstudio_A_close_up_of_a_blue_serum_bottle_standing_on__fdbc51ec-8bed-49fc-8bf4-5b6fbfbaf68b_1.png,"A close up of a blue serum bottle standing on a wooden branch on top of some water, beige textured background, photoshoot "
train_unstudio_A_close_up_of_a_red_bottle_standing_on_a_woode_a5c6cd30-b4b8-4c57-8ddc-0511edef1d1f_2.png,"A close up of a red bottle standing on a wooden branch on top of some water, black textured background "
"A close up of a black bottle with droplets on it standing on a wooden branch on top of some water, black textured background_1.png","A close up of a black bottle with droplets on it standing on a wooden branch on top of some water, black textured background"
"A close up of a red toothpaste tube bottle standing on a wooden branch on top of some water, red background_1.png","A close up of a red toothpaste tube bottle standing on a wooden branch on top of some water, red background"
train_unstudio_A_close_up_of_a_red_bottle_standing_on_a_woode_d883db47-81b9-4ba5-8eb4-fb078953bde4_2.png,"A close up of a red bottle standing on a wooden branch on top of some water, black textured background "
"A close up of a black bottle with droplets on it standing on a wooden branch on top of some water, black textured background_3.png","A close up of a black bottle with droplets on it standing on a wooden branch on top of some water, black textured background"
"A close up of a brown serum bottle with droplets on it standing on a wooden branch on top of some water, beige textured background_1.png","A close up of a brown serum bottle with droplets on it standing on a wooden branch on top of some water, beige textured background"
"A close up of a green bottle with droplets on it standing on a wooden branch on top of some water, green textured background_1.png","A close up of a green bottle with droplets on it standing on a wooden branch on top of some water, green textured background"
"A close up of a blue perfume bottle with droplets on it standing on a wooden branch on top of some water, blue textured background_1.png","A close up of a blue perfume bottle with droplets on it standing on a wooden branch on top of some water, blue textured background"
train_unstudio_A_close_up_of_a_blue_serum_bottle_standing_on__4d25983a-7887-4c7f-9b8b-53fff21402e3_0.png,"A close up of a blue serum bottle standing on a wooden branch on top of some water, beige textured background, photoshoot "
train_unstudio_A_close_up_of_a_blue_serum_bottle_standing_on__4d25983a-7887-4c7f-9b8b-53fff21402e3_3.png,"A close up of a blue serum bottle standing on a wooden branch on top of some water, beige textured background, photoshoot "
train_unstudio_A_close_up_of_a_green_bottle_with_droplets_on__8a30a0c4-e951-4cf6-b675-9a91cdf3ba8b_2.png, "A close up of a green bottle with droplets on it standing on a wooden branch on top of some water, textured background white, photoshoot "
train_unstudio_A_close_up_of_a_green_bottle_with_droplets_on__503f5064-e402-4f54-9e07-3d4515967c96_0.png,"A close up of a green bottle with droplets on it standing on a wooden branch on top of some water, textured background white, photoshoot "
