image_file,caption
A yellow skincare tube on a white background with holi colors_8.png,A yellow skincare tube on a white background with holi colors
A brown serum bottle on a white background with holi colors_1.png,A brown serum bottle on a white background with holi colors
A brown serum bottle on a white background with holi colors_2.png,A brown serum bottle on a white background with holi colors
A brown serum bottle on a white background with holi colors_3.png,A brown serum bottle on a white background with holi colors
"high angle shot, A brown perfume bottle standing on a white background with holi colors_10.png","high angle shot, A brown perfume bottle standing on a white background with holi colors"
A wine bottle on a white background with holi colors_5.png,A wine bottle on a white background with holi colors
A wine bottle on a white background with holi colors_4.png,A wine bottle on a white background with holi colors
A yellow skincare tube on a white background with holi colors_9.png,A yellow skincare tube on a white background with holi colors
A wine bottle on a white background with holi colors_6.png,A wine bottle on a white background with holi colors
A brown serum bottle on a white background with holi colors_0.png,A brown serum bottle on a white background with holi colors
A yellow skincare tube on a white background with holi colors_7.png,A yellow skincare tube on a white background with holi colors
