image_file,caption
"Product photography, scented candle, lying on the water surface, with flowers, stone on sparkling water, natural lighting, nature photorealistic photography, dreamy tones, focus on product, centre composition, high resolution_3.png","Product photography, scented candle, lying on the water surface, with flowers, stone on sparkling water, natural lighting, nature photorealistic photography, dreamy tones, focus on product, centre composition, high resolution"
"Product photography, perfume bottle, lying on the water surface, with flowers, stone on sparkling water, natural lighting, nature photorealistic photography, dreamy tones, focus on product, centre composition, high resolution_0.png","Product photography, perfume bottle, lying on the water surface, with flowers, stone on sparkling water, natural lighting, nature photorealistic photography, dreamy tones, focus on product, centre composition, high resolution"
"Product photography, perfume bottle, lying on the water surface, with flowers, stone on sparkling water, natural lighting, nature photorealistic photography, dreamy tones, focus on product, centre composition, high resolution_2.png","Product photography, perfume bottle, lying on the water surface, with flowers, stone on sparkling water, natural lighting, nature photorealistic photography, dreamy tones, focus on product, centre composition, high resolution"
"Product photography, serum bottle, lying on the water surface, with flowers, stone on sparkling water, natural lighting, nature photorealistic photography, dreamy tones, focus on product, centre composition, high resolution_4.png","Product photography, serum bottle, lying on the water surface, with flowers, stone on sparkling water, natural lighting, nature photorealistic photography, dreamy tones, focus on product, centre composition, high resolution"
"Product photography, perfume bottle, lying on the water surface, with flowers, stone on sparkling water, natural lighting, nature photorealistic photography, dreamy tones, focus on product, centre composition, high resolution_1.png","Product photography, perfume bottle, lying on the water surface, with flowers, stone on sparkling water, natural lighting, nature photorealistic photography, dreamy tones, focus on product, centre composition, high resolution"
"Product photography, serum bottle, lying on the water surface, with flowers, stone on sparkling water, natural lighting, nature photorealistic photography, dreamy tones, focus on product, centre composition, high resolution_5.png","Product photography, serum bottle, lying on the water surface, with flowers, stone on sparkling water, natural lighting, nature photorealistic photography, dreamy tones, focus on product, centre composition, high resolution"
"Product photography, serum bottle, lying on the water surface, with flowers, stone on sparkling water, natural lighting, nature photorealistic photography, dreamy tones, focus on product, centre composition, high resolution_6.png","Product photography, serum bottle, lying on the water surface, with flowers, stone on sparkling water, natural lighting, nature photorealistic photography, dreamy tones, focus on product, centre composition, high resolution"
"Product photography, serum bottle, lying on the water surface, with flowers, stone on sparkling water, natural lighting, nature photorealistic photography, dreamy tones, focus on product, centre composition, high resolution_7.png","Product photography, serum bottle, lying on the water surface, with flowers, stone on sparkling water, natural lighting, nature photorealistic photography, dreamy tones, focus on product, centre composition, high resolution"
