image_file,caption
"high angle shot, a brown perfume bottle standing on a wood platform, on green grass, white background, shadows on background_6.png","high angle shot, a brown perfume bottle standing on a wood platform, on green grass, white background, shadows on background"
"high angle shot, a brown perfume bottle standing on a wood platform, on green grass, white background, shadows on background_5.png","high angle shot, a brown perfume bottle standing on a wood platform, on green grass, white background, shadows on background"
"high angle shot, a brown perfume bottle standing on a wood platform, on green grass, white background, shadows on background_7.png","high angle shot, a brown perfume bottle standing on a wood platform, on green grass, white background, shadows on background"
brown serum bottle standing on a wood platform on top of grass white studio background_2.png,brown serum bottle standing on a wood platform on top of grass white studio background
"high angle shot, a brown perfume bottle standing on a wood platform, on green grass, white background, shadows on background_8.png","high angle shot, a brown perfume bottle standing on a wood platform, on green grass, white background, shadows on background"
brown serum bottle standing on a wood platform on top of grass white studio background_3.png,brown serum bottle standing on a wood platform on top of grass white studio background
brown serum bottle standing on a wood platform on top of grass white studio background_4.png,brown serum bottle standing on a wood platform on top of grass white studio background
"black bottle standing on a wood platform on top of grass white studio background, shadows on background_1.png","black bottle standing on a wood platform on top of grass white studio background, shadows on background"
"black bottle standing on a wood platform on top of grass white studio background, shadows on background_0.png","black bottle standing on a wood platform on top of grass white studio background, shadows on background"
