image_file,caption
A brown serum bottle standing on a white railing outdoors next to green leaves_4.png,A brown serum bottle standing on a white railing outdoors next to green leaves
A wine bottle standing on a white railing outdoors next to green leaves_7.png,A wine bottle standing on a white railing outdoors next to green leaves
A brown backpack standing on a white railing outdoors next to green leaves_0.png,A brown backpack standing on a white railing outdoors next to green leaves
A orange serum bottle standing on a white railing outdoors next to leaves_5.png,A orange serum bottle standing on a white railing outdoors next to leaves
A wine bottle standing on a white railing outdoors next to green leaves_8.png,A wine bottle standing on a white railing outdoors next to green leaves
A brown serum bottle standing on a white railing outdoors next to green leaves_3.png,A brown serum bottle standing on a white railing outdoors next to green leaves
A brown backpack standing on a white railing outdoors next to green leaves_1.png,A brown backpack standing on a white railing outdoors next to green leaves
A wine bottle standing on a white railing outdoors next to green leaves_6.png,A wine bottle standing on a white railing outdoors next to green leaves
A brown serum bottle standing on a white railing outdoors next to green leaves_2.png,A brown serum bottle standing on a white railing outdoors next to green leaves
