image_file,caption
"A white bottle standing on water in front of very beautiful branch of Dicentra spectabilis flowers, light petals, iridescent opalescent colours_9.png","A white bottle standing on water in front of very beautiful branch of Dicentra spectabilis flowers, light petals, iridescent opalescent colours"
"A blue facewash tube standing on water in front of very beautiful branch of Dicentra spectabilis flowers, light petals, iridescent opalescent colours_0.png","A blue facewash tube standing on water in front of very beautiful branch of Dicentra spectabilis flowers, light petals, iridescent opalescent colours"
"A brown serum bottle standing on water in front of very beautiful branch of Dicentra spectabilis flowers, light petals, iridescent opalescent colours_2.png","A brown serum bottle standing on water in front of very beautiful branch of Dicentra spectabilis flowers, light petals, iridescent opalescent colours"
"A brown serum bottle standing on water in front of very beautiful branch of Dicentra spectabilis flowers, light petals, iridescent opalescent colours_3.png","A brown serum bottle standing on water in front of very beautiful branch of Dicentra spectabilis flowers, light petals, iridescent opalescent colours"
"A white bottle standing on water in front of very beautiful branch of Dicentra spectabilis flowers, light petals, iridescent opalescent colours_8.png","A white bottle standing on water in front of very beautiful branch of Dicentra spectabilis flowers, light petals, iridescent opalescent colours"
"A green wine bottle standing on water in front of very beautiful branch of Dicentra spectabilis flowers, light petals, iridescent opalescent colours_6.png","A green wine bottle standing on water in front of very beautiful branch of Dicentra spectabilis flowers, light petals, iridescent opalescent colours"
"A green wine bottle standing on water in front of very beautiful branch of Dicentra spectabilis flowers, light petals, iridescent opalescent colours_7.png","A green wine bottle standing on water in front of very beautiful branch of Dicentra spectabilis flowers, light petals, iridescent opalescent colours"
"A brown serum bottle standing on water in front of very beautiful branch of Dicentra spectabilis flowers, light petals, iridescent opalescent colours_4.png","A brown serum bottle standing on water in front of very beautiful branch of Dicentra spectabilis flowers, light petals, iridescent opalescent colours"
"A blue facewash tube standing on water in front of very beautiful branch of Dicentra spectabilis flowers, light petals, iridescent opalescent colours_1.png","A blue facewash tube standing on water in front of very beautiful branch of Dicentra spectabilis flowers, light petals, iridescent opalescent colours"
"A green wine bottle standing on water in front of very beautiful branch of Dicentra spectabilis flowers, light petals, iridescent opalescent colours_5.png","A green wine bottle standing on water in front of very beautiful branch of Dicentra spectabilis flowers, light petals, iridescent opalescent colours"
