image_file,caption
"product photoshoot of a white SUV car standing on a dry hill in front of a valley, cloudy sky in background, high angle close up shot_8.png","product photoshoot of a white SUV car standing on a dry hill in front of a valley, cloudy sky in background, high angle close up shot"
"product photoshoot of a brown sedan car standing on a dry hill in front of a valley, cloudy sky in background, high angle close up shot_1.png","product photoshoot of a brown sedan car standing on a dry hill in front of a valley, cloudy sky in background, high angle close up shot"
"product photoshoot of a brown sedan car standing on a dry hill in front of a valley, cloudy sky in background, high angle close up shot_3.png","product photoshoot of a brown sedan car standing on a dry hill in front of a valley, cloudy sky in background, high angle close up shot"
"product photoshoot of a white SUV car standing on a dry hill in front of a valley, cloudy sky in background, high angle close up shot_9.png","product photoshoot of a white SUV car standing on a dry hill in front of a valley, cloudy sky in background, high angle close up shot"
"product photoshoot of a hatchback car standing on a dry hill in front of a valley, cloudy sky in background, high angle close up shot_7.png","product photoshoot of a hatchback car standing on a dry hill in front of a valley, cloudy sky in background, high angle close up shot"
"product photoshoot of a hatchback car standing on a dry hill in front of a valley, cloudy sky in background, high angle close up shot_6.png","product photoshoot of a hatchback car standing on a dry hill in front of a valley, cloudy sky in background, high angle close up shot"
"product photoshoot of a brown sedan car standing on a dry hill in front of a valley, cloudy sky in background, high angle close up shot_2.png","product photoshoot of a brown sedan car standing on a dry hill in front of a valley, cloudy sky in background, high angle close up shot"
"product photoshoot of a gray minivan car standing on a dry hill in front of a valley, cloudy sky in background, high angle close up shot_5.png","product photoshoot of a gray minivan car standing on a dry hill in front of a valley, cloudy sky in background, high angle close up shot"
"product photoshoot of a gray minivan car standing on a dry hill in front of a valley, cloudy sky in background, high angle close up shot_4.png","product photoshoot of a gray minivan car standing on a dry hill in front of a valley, cloudy sky in background, high angle close up shot"
"product photoshoot of a black sports car standing on a dry hill in front of a valley, cloudy sky in background, high angle close up shot_0.png","product photoshoot of a black sports car standing on a dry hill in front of a valley, cloudy sky in background, high angle close up shot"
