image_file,caption
a white bottle floating on a background of a vivd fluid colour spectrum_5.png,a white bottle floating on a background of a vivd fluid colour spectrum
a white bottle floating on a background of a vivd fluid colour spectrum_7.png,a white bottle floating on a background of a vivd fluid colour spectrum
a wine bottle floating on a background of a vivd fluid colour spectrum_8.png,a wine bottle floating on a background of a vivd fluid colour spectrum
a wine bottle floating on a background of a vivd fluid colour spectrum_9.png,a wine bottle floating on a background of a vivd fluid colour spectrum
a wine bottle floating on a background of a vivd fluid colour spectrum_10.png,a wine bottle floating on a background of a vivd fluid colour spectrum
a pink facewash tube floating on a background of a vivd fluid colour spectrum_4.png,a pink facewash tube floating on a background of a vivd fluid colour spectrum
a white bottle floating on a background of a vivd fluid colour spectrum_6.png,a white bottle floating on a background of a vivd fluid colour spectrum
a brown serum bottle floating on a background of a vivd fluid colour spectrum_0.png,a brown serum bottle floating on a background of a vivd fluid colour spectrum
a pink facewash tube floating on a background of a vivd fluid colour spectrum_3.png,a pink facewash tube floating on a background of a vivd fluid colour spectrum
a brown serum bottle floating on a background of a vivd fluid colour spectrum_1.png,a brown serum bottle floating on a background of a vivd fluid colour spectrum
a pink facewash tube floating on a background of a vivd fluid colour spectrum_2.png,a pink facewash tube floating on a background of a vivd fluid colour spectrum
