image_file,caption
"product photoshoot of a diamond and gold bangle placed on matte blue floor, side angle shot, exquisite, professional_0.png","product photoshoot of a diamond and gold bangle placed on matte blue floor, side angle shot, exquisite, professional"
"product photoshoot of a diamond and gold bangle placed on matte blue floor, side angle shot, exquisite, professional_1.png","product photoshoot of a diamond and gold bangle placed on matte blue floor, side angle shot, exquisite, professional"
"product photoshoot of a diamond and gold bangle placed on matte blue floor, side angle shot, exquisite, professional_2.png","product photoshoot of a diamond and gold bangle placed on matte blue floor, side angle shot, exquisite, professional"
"product photoshoot of a diamond and gold bangles placed on matte blue floor, side angle shot, exquisite, professional_3.png","product photoshoot of a diamond and gold bangles placed on matte blue floor, side angle shot, exquisite, professional"
"product photoshoot of a diamond and gold bracelet placed on matte blue floor, side angle shot, exquisite, professional_4.png","product photoshoot of a diamond and gold bracelet placed on matte blue floor, side angle shot, exquisite, professional"
"product photoshoot of a diamond and gold bracelet placed on matte blue floor, side angle shot, exquisite, professional_5.png","product photoshoot of a diamond and gold bracelet placed on matte blue floor, side angle shot, exquisite, professional"
"product photoshoot of a diamond and gold earrings placed on matte blue floor, side angle shot, exquisite, professional_6.png","product photoshoot of a diamond and gold earrings placed on matte blue floor, side angle shot, exquisite, professional"
"product photoshoot of a diamond and gold necklace placed on matte blue floor, side angle shot, exquisite, professional_7.png","product photoshoot of a diamond and gold necklace placed on matte blue floor, side angle shot, exquisite, professional"
"product photoshoot of a diamond and gold ring placed on matte blue floor, side angle shot, exquisite, professional_8.png","product photoshoot of a diamond and gold ring placed on matte blue floor, side angle shot, exquisite, professional"
"product photoshoot of a diamond and gold ring placed on matte blue floor, side angle shot, exquisite, professional_9.png","product photoshoot of a diamond and gold ring placed on matte blue floor, side angle shot, exquisite, professional"
