image_file,caption
"A rolex watch, kept stuck in the desert sand with sunlight faling at an angle, product photoshoot_4.png","A rolex watch, kept stuck in the desert sand with sunlight faling at an angle, product photoshoot"
"A perfume bottle, kept stuck in the desert sand with sunlight faling at an angle, product photoshoot_3.png","A perfume bottle, kept stuck in the desert sand with sunlight faling at an angle, product photoshoot"
"A rolex watch, kept stuck in the desert sand with sunlight faling at an angle, product photoshoot_3.png","A rolex watch, kept stuck in the desert sand with sunlight faling at an angle, product photoshoot"
"A wine bottle, kept stuck in the desert sand with sunlight faling at an angle, product photoshoot_2.png","A wine bottle, kept stuck in the desert sand with sunlight faling at an angle, product photoshoot"
"A wine bottle, kept stuck in the desert sand with sunlight faling at an angle, product photoshoot_3.png","A wine bottle, kept stuck in the desert sand with sunlight faling at an angle, product photoshoot"
"A perfume bottle, kept stuck in the desert sand with sunlight faling at an angle, product photoshoot_4.png","A perfume bottle, kept stuck in the desert sand with sunlight faling at an angle, product photoshoot"
"A rolex watch, kept stuck in the desert sand with sunlight faling at an angle, product photoshoot_1.png","A rolex watch, kept stuck in the desert sand with sunlight faling at an angle, product photoshoot"
"A rolex watch, kept stuck in the desert sand with sunlight faling at an angle, product photoshoot_2.png","A rolex watch, kept stuck in the desert sand with sunlight faling at an angle, product photoshoot"
"A perfume bottle, kept stuck in the desert sand with sunlight faling at an angle, product photoshoot_1.png","A perfume bottle, kept stuck in the desert sand with sunlight faling at an angle, product photoshoot"
"A perfume bottle, kept stuck in the desert sand with sunlight faling at an angle, product photoshoot_2.png","A perfume bottle, kept stuck in the desert sand with sunlight faling at an angle, product photoshoot"
"A wine bottle, kept stuck in the desert sand with sunlight faling at an angle, product photoshoot_4.png","A wine bottle, kept stuck in the desert sand with sunlight faling at an angle, product photoshoot"
