image_file,caption
"top angle, A blue lotion bottle lying on circular pattern on sand, glow at angle_4.png","top angle, A blue lotion bottle lying on circular pattern on sand, glow at angle"
"top angle, A black perfume bottle lying on circular pattern on sand, glow at angle_2.png","top angle, A black perfume bottle lying on circular pattern on sand, glow at angle"
"top angle, A black perfume bottle lying on circular pattern on sand, glow at angle_1.png","top angle, A black perfume bottle lying on circular pattern on sand, glow at angle"
"top angle, A brown serum bottle lying on circular pattern on sand, glow at angle_6.png","top angle, A brown serum bottle lying on circular pattern on sand, glow at angle"
"top angle, A brown serum bottle lying on circular pattern on sand, glow at angle_8.png","top angle, A brown serum bottle lying on circular pattern on sand, glow at angle"
"top angle, A brown serum bottle lying on circular pattern on sand, glow at angle_7.png","top angle, A brown serum bottle lying on circular pattern on sand, glow at angle"
"top angle, A wine bottle lying on circular pattern on sand, glow at angle_9.png","top angle, A wine bottle lying on circular pattern on sand, glow at angle"
"top angle, A blue lotion bottle lying on circular pattern on sand, glow at angle_5.png","top angle, A blue lotion bottle lying on circular pattern on sand, glow at angle"
"top angle, A black perfume bottle lying on circular pattern on sand, glow at angle_0.png","top angle, A black perfume bottle lying on circular pattern on sand, glow at angle"
"top angle, A black perfume bottle lying on circular pattern on sand, glow at angle_3.png","top angle, A black perfume bottle lying on circular pattern on sand, glow at angle"
"top angle, A wine bottle lying on circular pattern on sand, glow at angle_10.png","top angle, A wine bottle lying on circular pattern on sand, glow at angle"
