image_file,caption
"closeup of a brown serum bottle next to a white towel on a black stool in front of a white tiled wall, half wall covered by white curtain_4.png","closeup of a brown serum bottle next to a white towel on a black stool in front of a white tiled wall, half wall covered by white curtain"
"closeup of a brown serum bottle next to a white roled towel on a black stool in front of a white tiled wall, half wall covered by white curtain_2.png","closeup of a brown serum bottle next to a white roled towel on a black stool in front of a white tiled wall, half wall covered by white curtain"
"closeup of a brown serum bottle next to a white towel on a black stool in front of a white tiled wall, half wall covered by white curtain_5.png","closeup of a brown serum bottle next to a white towel on a black stool in front of a white tiled wall, half wall covered by white curtain"
"closeup of a blue lotion bottle next to a white towel on a black stool in front of a white tiled wall, half wall covered by white curtain_1.png","closeup of a blue lotion bottle next to a white towel on a black stool in front of a white tiled wall, half wall covered by white curtain"
"closeup of a yellow skincare tube next to a white towel on a black stool in front of a white tiled wall, half wall covered by white curtain_7.png","closeup of a yellow skincare tube next to a white towel on a black stool in front of a white tiled wall, half wall covered by white curtain"
"closeup of a blue lotion bottle next to a white towel on a black stool in front of a white tiled wall, half wall covered by white curtain_0.png","closeup of a blue lotion bottle next to a white towel on a black stool in front of a white tiled wall, half wall covered by white curtain"
"closeup of a brown serum bottle next to a white roled towel on a black stool in front of a white tiled wall, half wall covered by white curtain_3.png","closeup of a brown serum bottle next to a white roled towel on a black stool in front of a white tiled wall, half wall covered by white curtain"
"closeup of a yellow skincare tube next to a white towel on a black stool in front of a white tiled wall, half wall covered by white curtain_6.png","closeup of a yellow skincare tube next to a white towel on a black stool in front of a white tiled wall, half wall covered by white curtain"
