image_file,caption
"A brown serum bottle standing on a counter, surrounded by yellow lilies on both sides, gradient blue to dark black background, high angle shot_14.png","A brown serum bottle standing on a counter, surrounded by yellow lilies on both sides, gradient blue to dark black background, high angle shot"
"A yellow perfume bottle standing on a white counter, surrounded by lilies on both sides, gradient blue to dark black background_9.png","A yellow perfume bottle standing on a white counter, surrounded by lilies on both sides, gradient blue to dark black background"
"High angle shot , a closeup of a brown serum bottle standing on a counter, surrounded by yellow lilies on both sides, gradient blue to dark black background, product shot_18.png","High angle shot , a closeup of a brown serum bottle standing on a counter, surrounded by yellow lilies on both sides, gradient blue to dark black background, product shot"
"A yellow purse standing on a white counter, surrounded by lilies on both sides, gradient blue to dark black background, high angle shot_17.png","A yellow purse standing on a white counter, surrounded by lilies on both sides, gradient blue to dark black background, high angle shot"
"High angle shot , a close up of a yellow perfume bottle standing on a white counter, surrounded by lilies on  sides, gradient blue to dark black background, product shot_11.png","High angle shot , a close up of a yellow perfume bottle standing on a white counter, surrounded by lilies on  sides, gradient blue to dark black background, product shot"
"A yellow purse standing on a white counter, surrounded by lilies on both sides, gradient blue to dark black background, high angle shot_16.png","A yellow purse standing on a white counter, surrounded by lilies on both sides, gradient blue to dark black background, high angle shot"
"A yellow purse standing on a white counter, surrounded by lilies on both sides, gradient blue to dark black background, high angle shot_6.png","A yellow purse standing on a white counter, surrounded by lilies on both sides, gradient blue to dark black background, high angle shot"
"A brown serum bottle standing on a white counter, surrounded by lilies on both sides, gradient blue to dark black background, high angle shot_15.png","A brown serum bottle standing on a white counter, surrounded by lilies on both sides, gradient blue to dark black background, high angle shot"
"High angle shot , a close up of a serum bottle standing on a white counter, surrounded by lilies on both sides, gradient blue to dark black background, product shot_3.png","High angle shot , a close up of a serum bottle standing on a white counter, surrounded by lilies on both sides, gradient blue to dark black background, product shot"
"High angle shot , a close up of a yellow perfume bottle standing on a white counter, surrounded by lilies on  sides, gradient blue to dark black background, product shot_12.png","High angle shot , a close up of a yellow perfume bottle standing on a white counter, surrounded by lilies on  sides, gradient blue to dark black background, product shot"
"High angle shot , a close up of a serum bottle standing on a white counter, surrounded by lilies on both sides, gradient blue to dark black background, product shot_2.png","High angle shot , a close up of a serum bottle standing on a white counter, surrounded by lilies on both sides, gradient blue to dark black background, product shot"
"High angle shot , a close up of a serum bottle standing on a white counter, surrounded by lilies on both sides, gradient blue to dark black background, product shot_4.png","High angle shot , a close up of a serum bottle standing on a white counter, surrounded by lilies on both sides, gradient blue to dark black background, product shot"
"High angle shot , a close up of a serum bottle standing on a white counter, surrounded by lilies on both sides, gradient blue to dark black background, product shot_5.png","High angle shot , a close up of a serum bottle standing on a white counter, surrounded by lilies on both sides, gradient blue to dark black background, product shot"
"A yellow purse standing on a white counter, surrounded by lilies on both sides, gradient blue to dark black background, high angle shot_7.png","A yellow purse standing on a white counter, surrounded by lilies on both sides, gradient blue to dark black background, high angle shot"
"High angle shot , a close up of a serum bottle standing on a white counter, surrounded by lilies on both sides, gradient blue to dark black background, product shot_1.png","High angle shot , a close up of a serum bottle standing on a white counter, surrounded by lilies on both sides, gradient blue to dark black background, product shot"
"High angle shot , a closeup of a brown serum bottle standing on a counter, surrounded by yellow lilies on both sides, gradient blue to dark black background, product shot_19.png","High angle shot , a closeup of a brown serum bottle standing on a counter, surrounded by yellow lilies on both sides, gradient blue to dark black background, product shot"
"High angle shot , a closeup of a brown serum bottle standing on a counter, surrounded by yellow lilies on both sides, gradient blue to dark black background, product shot_20.png","High angle shot , a closeup of a brown serum bottle standing on a counter, surrounded by yellow lilies on both sides, gradient blue to dark black background, product shot"
"A brown serum bottle standing on a counter, surrounded by yellow lilies on both sides, gradient blue to dark black background, high angle shot_13.png","A brown serum bottle standing on a counter, surrounded by yellow lilies on both sides, gradient blue to dark black background, high angle shot"
