image_file,caption
"close up, brown serum bottle lying on a small wooden tray next to white flowers, white table, top view, minimalism_3.png","close up, brown serum bottle lying on a small wooden tray next to white flowers, white table, top view, minimalism"
"brown serum bottle lying on a small wooden tray next to white flowers, white table, top view, minimalism_0.png","brown serum bottle lying on a small wooden tray next to white flowers, white table, top view, minimalism"
"close up, sunglasses lying on a small wooden tray next to white flowers, white table, top view, minimalism_6.png","close up, sunglasses lying on a small wooden tray next to white flowers, white table, top view, minimalism"
"close up, pink skincare tube lying on a small wooden tray next to white flowers, white table, top view, minimalism_5.png","close up, pink skincare tube lying on a small wooden tray next to white flowers, white table, top view, minimalism"
"close up, pink skincare tube lying on a small wooden tray next to white flowers, white table, top view, minimalism_4.png","close up, pink skincare tube lying on a small wooden tray next to white flowers, white table, top view, minimalism"
"close up, wine bottle lying on a small wooden tray next to white flowers, white table, top view, minimalism_8.png","close up, wine bottle lying on a small wooden tray next to white flowers, white table, top view, minimalism"
"close up, sunglasses lying on a small wooden tray next to white flowers, white table, top view, minimalism_7.png","close up, sunglasses lying on a small wooden tray next to white flowers, white table, top view, minimalism"
"brown serum bottle lying on a small wooden tray next to white flowers, white table, top view, minimalism_2.png","brown serum bottle lying on a small wooden tray next to white flowers, white table, top view, minimalism"
"brown serum bottle lying on a small wooden tray next to white flowers, white table, top view, minimalism_1.png","brown serum bottle lying on a small wooden tray next to white flowers, white table, top view, minimalism"
