image_file,caption
"product photography of a brown serum bottle on a rock platform with egyptian wall paintings and rock pillar in the background, focus on product_2.png","product photography of a brown serum bottle on a rock platform with egyptian wall paintings and rock pillar in the background, focus on product"
"product photography of a solid blue bottle on a rock platform with egyptian gods wall paintings and rock pillar in the background, focus on product_4.png","product photography of a solid blue bottle on a rock platform with egyptian gods wall paintings and rock pillar in the background, focus on product"
"product photography of a brown serum bottle on a rock platform with egyptian wall paintings and rock pillar in the background, focus on product_0.png","product photography of a brown serum bottle on a rock platform with egyptian wall paintings and rock pillar in the background, focus on product"
"product photography of a brown serum bottle on a rock platform with egyptian wall paintings and rock pillar in the background, focus on product_1.png","product photography of a brown serum bottle on a rock platform with egyptian wall paintings and rock pillar in the background, focus on product"
"product photography of a facewash bottle on a rock platform with egyptian wall paintings and rock pillar in the background, focus on product, close up shot_3.png","product photography of a facewash bottle on a rock platform with egyptian wall paintings and rock pillar in the background, focus on product, close up shot"
"product photography of a yellow bagpack on a rock platform with egyptian wall paintings and rock pillar in the background, focus on product_8.png","product photography of a yellow bagpack on a rock platform with egyptian wall paintings and rock pillar in the background, focus on product"
"product photography of a yellow bagpack on a rock platform with egyptian wall paintings and rock pillar in the background, focus on product_7.png","product photography of a yellow bagpack on a rock platform with egyptian wall paintings and rock pillar in the background, focus on product"
"product photography of a solid blue bottle on a rock platform with egyptian gods wall paintings and rock pillar in the background, focus on product_5.png","product photography of a solid blue bottle on a rock platform with egyptian gods wall paintings and rock pillar in the background, focus on product"
"product photography of a solid blue bottle on a rock platform with egyptian wall paintings and rock pillar in the background, focus on product_6.png","product photography of a solid blue bottle on a rock platform with egyptian wall paintings and rock pillar in the background, focus on product"
"product photography of a yellow bagpack on a rock platform with egyptian wall paintings and rock pillar in the background, focus on product_9.png","product photography of a yellow bagpack on a rock platform with egyptian wall paintings and rock pillar in the background, focus on product"
