image_file,caption
A pink cosmetic tube on a white rock surrounded by peaceful azure ocean_6.png,A pink cosmetic tube on a white rock surrounded by peaceful azure ocean
A blue lotion jar tube on a white rock surrounded by peaceful azure ocean_2.png,A blue lotion jar tube on a white rock surrounded by peaceful azure ocean
A blue lotion jar tube on a white rock surrounded by peaceful azure ocean_1.png,A blue lotion jar tube on a white rock surrounded by peaceful azure ocean
A wine bottle on a white rock surrounded by peaceful azure ocean_9.png,A wine bottle on a white rock surrounded by peaceful azure ocean
A wine bottle on a white rock surrounded by peaceful azure ocean_7.png,A wine bottle on a white rock surrounded by peaceful azure ocean
A brown serum bottle on a white rock surrounded by peaceful azure ocean_4.png,A brown serum bottle on a white rock surrounded by peaceful azure ocean
A brown serum bottle on a white rock surrounded by peaceful azure ocean_3.png,A brown serum bottle on a white rock surrounded by peaceful azure ocean
A wine bottle on a white rock surrounded by peaceful azure ocean_8.png,A wine bottle on a white rock surrounded by peaceful azure ocean
A blue lotion jar tube on a white rock surrounded by peaceful azure ocean_0.png,A blue lotion jar tube on a white rock surrounded by peaceful azure ocean
A brown serum bottle on a white rock surrounded by peaceful azure ocean_5.png,A brown serum bottle on a white rock surrounded by peaceful azure ocean
