image_file,caption
"close up of sunglasses on a mossy surface on a beach, blue ocean, blue sky in background_9.png","close up of sunglasses on a mossy surface on a beach, blue ocean, blue sky in background"
"close up of a wine bottle on a mossy surface on a beach, blue ocean, blue sky in background_5.png","close up of a wine bottle on a mossy surface on a beach, blue ocean, blue sky in background"
"close up of sunglasses on a mossy surface on a beach, blue ocean, blue sky in background_11.png","close up of sunglasses on a mossy surface on a beach, blue ocean, blue sky in background"
"close up of a brown serum bottle on a mossy surface on a beach, blue ocean, blue sky in background_2.png","close up of a brown serum bottle on a mossy surface on a beach, blue ocean, blue sky in background"
"close up of a brown serum bottle on a mossy surface on a beach, blue ocean, blue sky in background_1.png","close up of a brown serum bottle on a mossy surface on a beach, blue ocean, blue sky in background"
"close up of a yellow skincare tube on a mossy surface on a beach, blue ocean, blue sky in background_8.png","close up of a yellow skincare tube on a mossy surface on a beach, blue ocean, blue sky in background"
"close up of a wine bottle on a mossy surface on a beach, blue ocean, blue sky in background_6.png","close up of a wine bottle on a mossy surface on a beach, blue ocean, blue sky in background"
"close up of a wine bottle on a mossy surface on a beach, blue ocean, blue sky in background_4.png","close up of a wine bottle on a mossy surface on a beach, blue ocean, blue sky in background"
"close up of a wine bottle on a mossy surface on a beach, blue ocean, blue sky in background_3.png","close up of a wine bottle on a mossy surface on a beach, blue ocean, blue sky in background"
"close up of a brown serum bottle on a mossy surface on a beach, blue ocean, blue sky in background_0.png","close up of a brown serum bottle on a mossy surface on a beach, blue ocean, blue sky in background"
"close up of sunglasses on a mossy surface on a beach, blue ocean, blue sky in background_10.png","close up of sunglasses on a mossy surface on a beach, blue ocean, blue sky in background"
"close up of a yellow skincare tube on a mossy surface on a beach, blue ocean, blue sky in background_7.png","close up of a yellow skincare tube on a mossy surface on a beach, blue ocean, blue sky in background"
