image_file,caption
"closeup, a french fries basket placed on top of a wooden platform, on wooden platform on dark blue counter, blue-black gradient background ,food photography_5.png","closeup, a french fries basket placed on top of a wooden platform, on wooden platform on dark blue counter, blue-black gradient background ,food photography"
"closeup, a serum bottle placed on top of a wooden platform, on wooden platform on dark blue counter, blue-black gradient background ,food photography_13.png","closeup, a serum bottle placed on top of a wooden platform, on wooden platform on dark blue counter, blue-black gradient background ,food photography"
"closeup, a serum bottle placed on top of a wooden platform, on wooden platform on dark blue counter, blue-black gradient background ,food photography_12.png","closeup, a serum bottle placed on top of a wooden platform, on wooden platform on dark blue counter, blue-black gradient background ,food photography"
"closeup, a french fries basket placed on top of a wooden platform, on wooden platform on dark blue counter, blue-black gradient background ,food photography_4.png","closeup, a french fries basket placed on top of a wooden platform, on wooden platform on dark blue counter, blue-black gradient background ,food photography"
"closeup, a french fries basket placed on top of a wooden platform, on wooden platform on dark blue counter, blue-black gradient background ,food photography_6.png","closeup, a french fries basket placed on top of a wooden platform, on wooden platform on dark blue counter, blue-black gradient background ,food photography"
"closeup, a serum bottle placed on top of a wooden platform, on wooden platform on dark blue counter, blue-black gradient background ,food photography_11.png","closeup, a serum bottle placed on top of a wooden platform, on wooden platform on dark blue counter, blue-black gradient background ,food photography"
"closeup, a french fries basket placed on top of a wooden platform, on wooden platform on dark blue counter, blue-black gradient background ,food photography_7.png","closeup, a french fries basket placed on top of a wooden platform, on wooden platform on dark blue counter, blue-black gradient background ,food photography"
"closeup, a juice glass placed on top of a wooden platform, on wooden platform on dark blue counter, blue-black gradient background ,food photography_8.png","closeup, a juice glass placed on top of a wooden platform, on wooden platform on dark blue counter, blue-black gradient background ,food photography"
"closeup, a juice glass placed on top of a wooden platform, on wooden platform on dark blue counter, blue-black gradient background ,food photography_9.png","closeup, a juice glass placed on top of a wooden platform, on wooden platform on dark blue counter, blue-black gradient background ,food photography"
"closeup, a burger placed on top of a wooden platform, on wooden platform on dark blue counter, blue-black gradient background ,food photography_0.png","closeup, a burger placed on top of a wooden platform, on wooden platform on dark blue counter, blue-black gradient background ,food photography"
"closeup, a burger placed on top of a wooden platform, on wooden platform on dark blue counter, blue-black gradient background ,food photography_1.png","closeup, a burger placed on top of a wooden platform, on wooden platform on dark blue counter, blue-black gradient background ,food photography"
"closeup, a burger placed on top of a wooden platform, on wooden platform on dark blue counter, blue-black gradient background ,food photography_3.png","closeup, a burger placed on top of a wooden platform, on wooden platform on dark blue counter, blue-black gradient background ,food photography"
"closeup, a burger placed on top of a wooden platform, on wooden platform on dark blue counter, blue-black gradient background ,food photography_2.png","closeup, a burger placed on top of a wooden platform, on wooden platform on dark blue counter, blue-black gradient background ,food photography"
"closeup, a juice glass placed on top of a wooden platform, on wooden platform on dark blue counter, blue-black gradient background ,food photography_10.png","closeup, a juice glass placed on top of a wooden platform, on wooden platform on dark blue counter, blue-black gradient background ,food photography"
