image_file,caption
"A red perfume bottle standing on top of books on a beige ceramic surface, beige ceramic background wall_3.png","A red perfume bottle standing on top of books on a beige ceramic surface, beige ceramic background wall"
"A black bottle standing on top of books on a beige ceramic surface, beige ceramic background wall_1.png","A black bottle standing on top of books on a beige ceramic surface, beige ceramic background wall"
"A black bottle standing on top of books on a beige ceramic surface, beige ceramic background wall_3.png","A black bottle standing on top of books on a beige ceramic surface, beige ceramic background wall"
"A brown candle standing on top of books on a brown concrete surface, brown textured background_1.png","A brown candle standing on top of books on a brown concrete surface, brown textured background"
"A red perfume bottle standing on top of books on a beige ceramic surface, beige ceramic background wall_2.png","A red perfume bottle standing on top of books on a beige ceramic surface, beige ceramic background wall"
"A black bottle standing on top of books on a beige ceramic surface, beige ceramic background wal_2.png","A black bottle standing on top of books on a beige ceramic surface, beige ceramic background wal"
"A black bottle standing on top of books on a beige ceramic surface, beige ceramic background wall_4.png","A black bottle standing on top of books on a beige ceramic surface, beige ceramic background wall"
"A red perfume bottle standing on top of books on a beige ceramic surface, beige ceramic background wall_1.png","A red perfume bottle standing on top of books on a beige ceramic surface, beige ceramic background wall"
