image_file,caption
"top angle shot, a blue skincare tube lying on beach, half on water, half on sand, dramatic lighting_0.png","top angle shot, a blue skincare tube lying on beach, half on water, half on sand, dramatic lighting"
"top angle shot, a blue skincare tube lying on beach, half on water, half on sand, dramatic lighting_1.png","top angle shot, a blue skincare tube lying on beach, half on water, half on sand, dramatic lighting"
"top angle shot, a brown perfume bottle lying on beach, half on water, half on sand, dramatic lighting_2.png","top angle shot, a brown perfume bottle lying on beach, half on water, half on sand, dramatic lighting"
"top angle shot, a brown perfume bottle lying on beach, half on water, half on sand, dramatic lighting_3.png","top angle shot, a brown perfume bottle lying on beach, half on water, half on sand, dramatic lighting"
"top angle shot, a brown perfume bottle lying on beach, half on water, half on sand, dramatic lighting_4.png","top angle shot, a brown perfume bottle lying on beach, half on water, half on sand, dramatic lighting"
"top angle shot, a brown serum bottle lying on beach, half on water, half on sand, dramatic lighting_5.png","top angle shot, a brown serum bottle lying on beach, half on water, half on sand, dramatic lighting"
"top angle shot, a brown serum bottle lying on beach, half on water, half on sand, dramatic lighting_6.png","top angle shot, a brown serum bottle lying on beach, half on water, half on sand, dramatic lighting"
"top angle shot, a brown serum bottle lying on beach, half on water, half on sand, dramatic lighting_7.png","top angle shot, a brown serum bottle lying on beach, half on water, half on sand, dramatic lighting"
"top angle shot, a wine bottle lying on beach, half on water, half on sand, dramatic lighting_8.png","top angle shot, a wine bottle lying on beach, half on water, half on sand, dramatic lighting"
"top angle shot, a wine bottle lying on beach, half on water, half on sand, dramatic lighting_9.png","top angle shot, a wine bottle lying on beach, half on water, half on sand, dramatic lighting"
