image_file,caption
"A serum bottle sits on a bed of radiant, glowing flower petals,_10.png","A serum bottle sits on a bed of radiant, glowing flower petals,"
"A scented candle sits on a bed of radiant, glowing flower petals,_9.png","A scented candle sits on a bed of radiant, glowing flower petals,"
"A scented candle sits on a bed of radiant, glowing flower petals,_8.png","A scented candle sits on a bed of radiant, glowing flower petals,"
"A serum bottle sits on a bed of radiant, glowing flower petals,_11.png","A serum bottle sits on a bed of radiant, glowing flower petals,"
"A perfume bottle sits on a bed of radiant, glowing flower petals,_6.png","A perfume bottle sits on a bed of radiant, glowing flower petals,"
"A jar of beauty cream sits on a bed of radiant, glowing flower petals, symbolizing the product's promise of radiant, glowing skin._3.png","A jar of beauty cream sits on a bed of radiant, glowing flower petals, symbolizing the product's promise of radiant, glowing skin."
"A glass pump bottle sits on a bed of radiant, glowing flower petals,_1.png","A glass pump bottle sits on a bed of radiant, glowing flower petals,"
"A glass pump bottle sits on a bed of radiant, glowing flower petals,_0.png","A glass pump bottle sits on a bed of radiant, glowing flower petals,"
"A jar of beauty cream sits on a bed of radiant, glowing flower petals, symbolizing the product's promise of radiant, glowing skin._2.png","A jar of beauty cream sits on a bed of radiant, glowing flower petals, symbolizing the product's promise of radiant, glowing skin."
"A lavender perfume bottle sits on a bed of radiant, glowing flower petals,_4.png","A lavender perfume bottle sits on a bed of radiant, glowing flower petals,"
"A scented candle sits on a bed of radiant, glowing flower petals,_7.png","A scented candle sits on a bed of radiant, glowing flower petals,"
"A lavender perfume bottle sits on a bed of radiant, glowing flower petals,_5.png","A lavender perfume bottle sits on a bed of radiant, glowing flower petals,"
