image_file,caption
"product photoshoot of a single black shoe, plain light blue background_1.png","product photoshoot of a single black shoe, plain light blue background"
"product photoshoot of a single loafer shoe, plain light blue background_4.png","product photoshoot of a single loafer shoe, plain light blue background"
"product photoshoot of a shoe, plain light blue background_0.png","product photoshoot of a shoe, plain light blue background"
"product photoshoot of a single sneaker, plain light blue background_7.png","product photoshoot of a single sneaker, plain light blue background"
"product photoshoot of a single sneaker, plain light blue background_8.png","product photoshoot of a single sneaker, plain light blue background"
"product photoshoot of a single loafer shoe, plain light blue background_5.png","product photoshoot of a single loafer shoe, plain light blue background"
"product photoshoot of a single leather boot, plain light blue background_3.png","product photoshoot of a single leather boot, plain light blue background"
"product photoshoot of a single running shoe, plain light blue background_6.png","product photoshoot of a single running shoe, plain light blue background"
