image_file,caption
"close up of red steel water bottle standing on a water surface with ripples around it, besides of a larger grey-black textured single rock, product photoshoot_11.png","close up of red steel water bottle standing on a water surface with ripples around it, besides of a larger grey-black textured single rock, product photoshoot"
"a steel water bottle standing on a water surface with water ripples around it, a large grey-textured single rock behind it , product photoshoot_10.png","a steel water bottle standing on a water surface with water ripples around it, a large grey-textured single rock behind it , product photoshoot"
"a blue perfume bottle placed on a water surface with ripples around it, larger grey-black textured single rock behind it, product photoshoot_2.png","a blue perfume bottle placed on a water surface with ripples around it, larger grey-black textured single rock behind it, product photoshoot"
"a serum bottle standing on a water surface with ripples around it, larger grey-black textured single rock behind it, product photoshoot_7.png","a serum bottle standing on a water surface with ripples around it, larger grey-black textured single rock behind it, product photoshoot"
"a perfume bottle standing on a water surface with ripples around it, larger grey-black textured single rock behind it, product photoshoot_6.png","a perfume bottle standing on a water surface with ripples around it, larger grey-black textured single rock behind it, product photoshoot"
"a perfume bottle standing on a water surface with ripples around it, larger grey-black textured single rock behind it, product photoshoot_5.png","a perfume bottle standing on a water surface with ripples around it, larger grey-black textured single rock behind it, product photoshoot"
"a blue face wash tube standing on a water surface with ripples around it, larger grey-black textured single rock behind it, product photoshoot_1.png","a blue face wash tube standing on a water surface with ripples around it, larger grey-black textured single rock behind it, product photoshoot"
"a serum bottle standing on a water surface with ripples around it, larger grey-black textured single rock behind it, product photoshoot_9.png","a serum bottle standing on a water surface with ripples around it, larger grey-black textured single rock behind it, product photoshoot"
"a serum bottle standing on a water surface with ripples around it, larger grey-black textured single rock behind it, product photoshoot_8.png","a serum bottle standing on a water surface with ripples around it, larger grey-black textured single rock behind it, product photoshoot"
"a blue face wash tube standing on a water surface with ripples around it, larger grey-black textured single rock behind it, product photoshoot_0.png","a blue face wash tube standing on a water surface with ripples around it, larger grey-black textured single rock behind it, product photoshoot"
"a perfume bottle standing on a water surface with ripples around it, larger grey-black textured single rock behind it, product photoshoot_4.png","a perfume bottle standing on a water surface with ripples around it, larger grey-black textured single rock behind it, product photoshoot"
"a perfume bottle standing on a water surface with ripples around it, larger grey-black textured single rock behind it, product photoshoot_3.png","a perfume bottle standing on a water surface with ripples around it, larger grey-black textured single rock behind it, product photoshoot"
