image_file,caption
"a yellow perfume bottle standing on a beige surface single marigold beside it, product photoshoot_9.png","a yellow perfume bottle standing on a beige surface single marigold beside it, product photoshoot"
"a red perfume bottle standing on a beige surface single rose beside it, product photoshoot_3.png","a red perfume bottle standing on a beige surface single rose beside it, product photoshoot"
"a blue facewash tube standing on a beige surface single hydrangea flower beside it, product photoshoot_2.png","a blue facewash tube standing on a beige surface single hydrangea flower beside it, product photoshoot"
"a yellow body wash bottle standing on a beige surface single red hibiscus flower beside it, product photoshoot_7.png","a yellow body wash bottle standing on a beige surface single red hibiscus flower beside it, product photoshoot"
"a yellow body wash bottle standing on a beige surface single red hibiscus flower beside it, product photoshoot_8.png","a yellow body wash bottle standing on a beige surface single red hibiscus flower beside it, product photoshoot"
"a red perfume bottle standing on a beige surface single rose beside it, product photoshoot_4.png","a red perfume bottle standing on a beige surface single rose beside it, product photoshoot"
"a yellow body wash bottle standing on a beige surface single red hibiscus flower beside it, product photoshoot_5.png","a yellow body wash bottle standing on a beige surface single red hibiscus flower beside it, product photoshoot"
"a blue facewash tube standing on a beige surface single hydrangea flower beside it, product photoshoot_1.png","a blue facewash tube standing on a beige surface single hydrangea flower beside it, product photoshoot"
"a yellow body wash bottle standing on a beige surface single red hibiscus flower beside it, product photoshoot_6.png","a yellow body wash bottle standing on a beige surface single red hibiscus flower beside it, product photoshoot"
"a blue facewash tube standing on a beige surface single hydrangea flower beside it, product photoshoot_0.png","a blue facewash tube standing on a beige surface single hydrangea flower beside it, product photoshoot"
"a yellow perfume bottle standing on a beige surface single marigold beside it, product photoshoot_10.png","a yellow perfume bottle standing on a beige surface single marigold beside it, product photoshoot"
