image_file,caption
"product photoshoot of a red perfume bottle lying straight on clean blue water surface, surrounded by few green grapes_5.png","product photoshoot of a red perfume bottle lying straight on clean blue water surface, surrounded by few green grapes"
"product photoshoot of a black deo bottle lying on clean blue water surface, surrounded by few orange pieces_0.png","product photoshoot of a black deo bottle lying on clean blue water surface, surrounded by few orange pieces"
"product photoshoot of a red perfume bottle lying straight on clean and clear blue water surface, surrounded by few green grapes_3.png","product photoshoot of a red perfume bottle lying straight on clean and clear blue water surface, surrounded by few green grapes"
"product photoshoot of a red perfume bottle lying straight on clean and clear blue water surface, surrounded by few green grapes_4.png","product photoshoot of a red perfume bottle lying straight on clean and clear blue water surface, surrounded by few green grapes"
"product photoshoot of a black deo bottle lying on clean blue water surface, surrounded by few orange pieces_1.png","product photoshoot of a black deo bottle lying on clean blue water surface, surrounded by few orange pieces"
"product photoshoot of a red perfume bottle lying on clean blue water surface, surrounded by few green grapes_2.png","product photoshoot of a red perfume bottle lying on clean blue water surface, surrounded by few green grapes"
