image_file,caption
"product photoshoot of two outdoor furniture in a mowed green lawn, soft natural light, open air, trees in distant background, minimal, close up shot_7.png","product photoshoot of two outdoor furniture in a mowed green lawn, soft natural light, open air, trees in distant background, minimal, close up shot"
"product photoshoot of a beanbag in a mowed green lawn, soft natural light, open air, trees in distant background, minimal, close up shot_0.png","product photoshoot of a beanbag in a mowed green lawn, soft natural light, open air, trees in distant background, minimal, close up shot"
"product photoshoot of a beanbag in a mowed green lawn, soft natural light, open air, trees in distant background, minimal, close up shot_1.png","product photoshoot of a beanbag in a mowed green lawn, soft natural light, open air, trees in distant background, minimal, close up shot"
"product photoshoot of a brown sofa in a mowed green lawn, soft natural light, open air, trees in distant background, minimal, close up shot_2.png","product photoshoot of a brown sofa in a mowed green lawn, soft natural light, open air, trees in distant background, minimal, close up shot"
"product photoshoot of two outdoor furniture in a mowed green lawn, soft natural light, open air, trees in distant background, minimal, close up shot_6.png","product photoshoot of two outdoor furniture in a mowed green lawn, soft natural light, open air, trees in distant background, minimal, close up shot"
"product photoshoot of a chair in a mowed lawn, soft natural light, open air, trees in distant background, minimal, close up shot_4.png","product photoshoot of a chair in a mowed lawn, soft natural light, open air, trees in distant background, minimal, close up shot"
"product photoshoot of a brown sofa in a mowed green lawn, soft natural light, open air, trees in distant background, minimal, close up shot_3.png","product photoshoot of a brown sofa in a mowed green lawn, soft natural light, open air, trees in distant background, minimal, close up shot"
"product photoshoot of a chair in a mowed lawn, soft natural light, open air, trees in distant background, minimal, close up shot_5.png","product photoshoot of a chair in a mowed lawn, soft natural light, open air, trees in distant background, minimal, close up shot"
