image_file,caption
"product photoshoot of brown serum bottle on brown marble floor with brown fine tile wall in background, close up, side angle shot_3.png","product photoshoot of brown serum bottle on brown marble floor with brown fine tile wall in background, close up, side angle shot"
"product photoshoot of white skincare tube on green marble floor with green fine tile wall in background, close up, side angle shot_9.png","product photoshoot of white skincare tube on green marble floor with green fine tile wall in background, close up, side angle shot"
"product photoshoot of black deo bottle on grey marble floor with grey fine tile wall in background, close up, side angle shot_0.png","product photoshoot of black deo bottle on grey marble floor with grey fine tile wall in background, close up, side angle shot"
"product photoshoot of solid stain steel bottle with plain cap on green marble floor with green fine tile wall in background, close up, side angle shot_7.png","product photoshoot of solid stain steel bottle with plain cap on green marble floor with green fine tile wall in background, close up, side angle shot"
"product photoshoot of small powder bottle with plain cap on peach marble floor with peach fine tile wall in background, close up, side angle shot_6.png","product photoshoot of small powder bottle with plain cap on peach marble floor with peach fine tile wall in background, close up, side angle shot"
"product photoshoot of white skincare tube on green marble floor with green fine tile wall in background, close up, side angle shot_10.png","product photoshoot of white skincare tube on green marble floor with green fine tile wall in background, close up, side angle shot"
"product photoshoot of solid stain steel bottle with plain cap on green marble floor with green fine tile wall in background, close up, side angle shot_8.png","product photoshoot of solid stain steel bottle with plain cap on green marble floor with green fine tile wall in background, close up, side angle shot"
