image_file,caption
"a brown serum bottle standing on a white background, a blue hibiscus hanging inverted from top, minimal_2.png","a brown serum bottle standing on a white background, a blue hibiscus hanging inverted from top, minimal"
"a brown serum bottle standing on a white background, a single sunflower hanging inverted from top, minimal_3.png","a brown serum bottle standing on a white background, a single sunflower hanging inverted from top, minimal"
"a brown serum bottle standing on a white background, a single sunflower hanging inverted from top, minimal_5.png","a brown serum bottle standing on a white background, a single sunflower hanging inverted from top, minimal"
"a brown serum bottle standing on a white background, a single sunflower hanging inverted from top, minimal_4.png","a brown serum bottle standing on a white background, a single sunflower hanging inverted from top, minimal"
"a transparent serum bottle standing on a white background, a single white hydrangea hanging inverted from top, minimal_7.png","a transparent serum bottle standing on a white background, a single white hydrangea hanging inverted from top, minimal"
"a transparent serum bottle standing on a white background, a single white hydrangea hanging inverted from top, minimal_6.png","a transparent serum bottle standing on a white background, a single white hydrangea hanging inverted from top, minimal"
"a transparent serum bottle standing on a white background, a single white hydrangea hanging inverted from top, minimal_8.png","a transparent serum bottle standing on a white background, a single white hydrangea hanging inverted from top, minimal"
"a blue face cream jar standing on a white background, a blue hibiscus hanging inverted from top, minimal_0.png","a blue face cream jar standing on a white background, a blue hibiscus hanging inverted from top, minimal"
"a blue face cream jar standing on a white background, a blue hibiscus hanging inverted from top, minimal_1.png","a blue face cream jar standing on a white background, a blue hibiscus hanging inverted from top, minimal"
