image_file,caption
"green sunglasses lying on a thick rope curled, bird eye view, high resolution_5.png","green sunglasses lying on a thick rope curled, bird eye view, high resolution"
"blue face cream container lying on a thick rope curled, bird eye view, high resolution_0.png","blue face cream container lying on a thick rope curled, bird eye view, high resolution"
"green sunglasses lying on a thick rope curled, bird eye view, high resolution_7.png","green sunglasses lying on a thick rope curled, bird eye view, high resolution"
"blue perfume bottle container lying on a thick rope curled, bird eye view, high resolution_1.png","blue perfume bottle container lying on a thick rope curled, bird eye view, high resolution"
"oil bottle lying on a thick rope curled, bird eye view, high resolution_9.png","oil bottle lying on a thick rope curled, bird eye view, high resolution"
"green sunglasses lying on a thick rope curled, bird eye view, high resolution_4.png","green sunglasses lying on a thick rope curled, bird eye view, high resolution"
"blue perfume cream container lying on a thick rope curled, bird eye view, high resolution_2.png","blue perfume cream container lying on a thick rope curled, bird eye view, high resolution"
"face cream lying on a thick rope curled, bird eye view, high resolution_3.png","face cream lying on a thick rope curled, bird eye view, high resolution"
"oil bottle lying on a thick rope curled, bird eye view, high resolution_8.png","oil bottle lying on a thick rope curled, bird eye view, high resolution"
"green sunglasses lying on a thick rope curled, bird eye view, high resolution_6.png","green sunglasses lying on a thick rope curled, bird eye view, high resolution"
