image_file,caption
"close up, A wine bottle standing on serene blue water next to a white flower, silhouttes of blue mountains in background, heavenly, product shot_9.png","close up, A wine bottle standing on serene blue water next to a white flower, silhouttes of blue mountains in background, heavenly, product shot"
"close up, A wine bottle standing on serene blue water next to a white flower, silhouttes of blue mountains in background, heavenly, product shot_8.png","close up, A wine bottle standing on serene blue water next to a white flower, silhouttes of blue mountains in background, heavenly, product shot"
"close up, A yellow can standing on serene blue water next to a white flower, silhouttes of blue mountains in background, heavenly, product shot_11.png","close up, A yellow can standing on serene blue water next to a white flower, silhouttes of blue mountains in background, heavenly, product shot"
"close up, A yellow can standing on serene blue water next to a white flower, silhouttes of blue mountains in background, heavenly, product shot_12.png","close up, A yellow can standing on serene blue water next to a white flower, silhouttes of blue mountains in background, heavenly, product shot"
"close up, A yellow can standing on serene blue water next to a white flower, silhouttes of blue mountains in background, heavenly, product shot_13.png","close up, A yellow can standing on serene blue water next to a white flower, silhouttes of blue mountains in background, heavenly, product shot"
"close up, A pink shampoo bottle standing on serene blue water next to a white flower, silhouttes of blue mountains in background, heavenly, product shot_3.png","close up, A pink shampoo bottle standing on serene blue water next to a white flower, silhouttes of blue mountains in background, heavenly, product shot"
"close up, A white serum bottle on serene blue water next to a white flower, silhouttes of blue mountains in background, heavenly, product shot_4.png","close up, A white serum bottle on serene blue water next to a white flower, silhouttes of blue mountains in background, heavenly, product shot"
"close up, A white serum bottle on serene blue water next to a white flower, silhouttes of blue mountains in background, heavenly, product shot_5.png","close up, A white serum bottle on serene blue water next to a white flower, silhouttes of blue mountains in background, heavenly, product shot"
"close up, A pink shampoo bottle standing on serene blue water next to a white flower, silhouttes of blue mountains in background, heavenly, product shot_2.png","close up, A pink shampoo bottle standing on serene blue water next to a white flower, silhouttes of blue mountains in background, heavenly, product shot"
"close up, A white serum bottle on serene blue water next to a white flower, silhouttes of blue mountains in background, heavenly, product shot_6.png","close up, A white serum bottle on serene blue water next to a white flower, silhouttes of blue mountains in background, heavenly, product shot"
"close up, A pink shampoo bottle standing on serene blue water next to a white flower, silhouttes of blue mountains in background, heavenly, product shot_1.png","close up, A pink shampoo bottle standing on serene blue water next to a white flower, silhouttes of blue mountains in background, heavenly, product shot"
"A beige cosemtic bottle on white sand in front of serene blue water, blue sky_0.png","A beige cosemtic bottle on white sand in front of serene blue water, blue sky"
"close up, A wine bottle standing on serene blue water next to a white flower, silhouttes of blue mountains in background, heavenly, product shot_10.png","close up, A wine bottle standing on serene blue water next to a white flower, silhouttes of blue mountains in background, heavenly, product shot"
"close up, A wine bottle standing on serene blue water next to a white flower, silhouttes of blue mountains in background, heavenly, product shot_7.png","close up, A wine bottle standing on serene blue water next to a white flower, silhouttes of blue mountains in background, heavenly, product shot"
