image_file,caption
"A black lipstick on a white background, black curved chart paper in background_1.png","A black lipstick on a white background, black curved chart paper in background"
"A black lipstick on a white background, black curved chart paper in background_2.png","A black lipstick on a white background, black curved chart paper in background"
"A pink lipstick on a white background, pink curved chart paper in background_2.png","A pink lipstick on a white background, pink curved chart paper in background"
"A brown serum bottle on a white background, brown curved chart paper in background_1.png","A brown serum bottle on a white background, brown curved chart paper in background"
"A black lipstick on a white background, black curved chart paper in background_3.png","A black lipstick on a white background, black curved chart paper in background"
"A pink lipstick on a white background, pink curved chart paper in background_1.png","A pink lipstick on a white background, pink curved chart paper in background"
"A yellow perfume bottle on a white background, yellow curved chart paper in background_1.png","A yellow perfume bottle on a white background, yellow curved chart paper in background"
"A yellow perfume bottle on a white background, yellow curved chart paper in background_2.png","A yellow perfume bottle on a white background, yellow curved chart paper in background"
"A red perfume bottle on a white background, red curved chart paper in background_1.png","A red perfume bottle on a white background, red curved chart paper in background"
"A red perfume bottle on a white background, red curved chart paper in background_2.png","A red perfume bottle on a white background, red curved chart paper in background"
