image_file,caption
"product, kept in the duck of an airplane, shallow depth of field, product shoot_3.png","product, kept in the duck of an airplane, shallow depth of field, product shoot"
"product, kept in the duck of an airplane, shallow depth of field, product shoot_5.png","product, kept in the duck of an airplane, shallow depth of field, product shoot"
"product, kept in the duck of an airplane, shallow depth of field, product shoot_8.png","product, kept in the duck of an airplane, shallow depth of field, product shoot"
"product, kept in the duck of an airplane, shallow depth of field, product shoot_7.png","product, kept in the duck of an airplane, shallow depth of field, product shoot"
"product, kept in the duck of an airplane, shallow depth of field, product shoot_6.png","product, kept in the duck of an airplane, shallow depth of field, product shoot"
"product, kept in the duck of an airplane, shallow depth of field, product shoot_1.png","product, kept in the duck of an airplane, shallow depth of field, product shoot"
"product, kept in the duck of an airplane, shallow depth of field, product shoot_10.png","product, kept in the duck of an airplane, shallow depth of field, product shoot"
"product, kept in the duck of an airplane, shallow depth of field, product shoot_9.png","product, kept in the duck of an airplane, shallow depth of field, product shoot"
"product, kept in the duck of an airplane, shallow depth of field, product shoot_4.png","product, kept in the duck of an airplane, shallow depth of field, product shoot"
