image_file,caption
A wine bottle standing on a wooden surface in front of a rope curled up_7.png,A wine bottle standing on a wooden surface in front of a rope curled up
"high angle view, A brown perfume bottle standing on a wooden surface in front of a rope curled up_10.png","high angle view, A brown perfume bottle standing on a wooden surface in front of a rope curled up"
"high angle view, A brown perfume bottle standing on a wooden surface in front of a rope curled up_11.png","high angle view, A brown perfume bottle standing on a wooden surface in front of a rope curled up"
A serum botle standing on a wooden surface in front of a rope curled up_6.png,A serum botle standing on a wooden surface in front of a rope curled up
A serum botle standing on a wooden surface in front of a rope curled up_5.png,A serum botle standing on a wooden surface in front of a rope curled up
A blue perfume bottle standing on a wooden surface in front of a rope curled up_3.png,A blue perfume bottle standing on a wooden surface in front of a rope curled up
A blue perfume bottle standing on a wooden surface in front of a rope curled up_2.png,A blue perfume bottle standing on a wooden surface in front of a rope curled up
A serum botle standing on a wooden surface in front of a rope curled up_4.png,A serum botle standing on a wooden surface in front of a rope curled up
A black backpack standing on a wooden surface in front of a rope curled up_0.png,A black backpack standing on a wooden surface in front of a rope curled up
A black backpack standing on a wooden surface in front of a rope curled up_1.png,A black backpack standing on a wooden surface in front of a rope curled up
A wine bottle standing on a wooden surface in front of a rope curled up_8.png,A wine bottle standing on a wooden surface in front of a rope curled up
"high angle view, A brown perfume bottle standing on a wooden surface in front of a rope curled up_9.png","high angle view, A brown perfume bottle standing on a wooden surface in front of a rope curled up"
