image_file,caption
A pink serum bottle in front of a pink arch filled with roses_4.png,A pink serum bottle in front of a pink arch filled with roses
A yellow purse is standing in front of a white arch opening. The opening is filled with flowers inside_10.png,A yellow purse is standing in front of a white arch opening. The opening is filled with flowers inside
A wine bottle is standing in front of a white arch opening. The opening is filled with flowers inside_5.png,A wine bottle is standing in front of a white arch opening. The opening is filled with flowers inside
A yellow purse is standing in front of a white arch opening. The opening is filled with flowers inside_11.png,A yellow purse is standing in front of a white arch opening. The opening is filled with flowers inside
A wine bottle is standing in front of a white arch opening. The opening is filled with flowers inside_7.png,A wine bottle is standing in front of a white arch opening. The opening is filled with flowers inside
A wine bottle is standing in front of a white arch opening. The opening is filled with flowers inside_6.png,A wine bottle is standing in front of a white arch opening. The opening is filled with flowers inside
A pink serum bottle in front of a pink arch filled with roses_3.png,A pink serum bottle in front of a pink arch filled with roses
A wine bottle is standing in front of a white arch opening. The opening is filled with roses inside_8.png,A wine bottle is standing in front of a white arch opening. The opening is filled with roses inside
A wine bottle is standing in front of a white arch opening. The opening is filled with roses inside_9.png,A wine bottle is standing in front of a white arch opening. The opening is filled with roses inside
A brown serum bottle in front of a pink arch filled with orchids_0.png,A brown serum bottle in front of a pink arch filled with orchids
A brown serum bottle is standing in front of a white arch opening. The opening is filled with roses inside_1.png,A brown serum bottle is standing in front of a white arch opening. The opening is filled with roses inside
A brown serum bottle is standing in front of a white arch opening. The opening is filled with roses inside_2.png,A brown serum bottle is standing in front of a white arch opening. The opening is filled with roses inside
