image_file,caption
"product photoshoot of a bracelet on white circular platform, plain white studio background_0.png","product photoshoot of a bracelet on white circular platform, plain white studio background"
"product photoshoot of a gold and diamond bangle on white circular platform, plain white studio background_1.png","product photoshoot of a gold and diamond bangle on white circular platform, plain white studio background"
"product photoshoot of a gold and diamond heavy neck jewellery on white circular platform, plain white studio background_2.png","product photoshoot of a gold and diamond heavy neck jewellery on white circular platform, plain white studio background"
"product photoshoot of a gold and diamond necklace on white circular platform, plain white studio background_3.png","product photoshoot of a gold and diamond necklace on white circular platform, plain white studio background"
"product photoshoot of a gold and diamond necklace on white circular platform, plain white studio background_4.png","product photoshoot of a gold and diamond necklace on white circular platform, plain white studio background"
"product photoshoot of a gold and diamond ring on white circular platform, plain white studio background_5.png","product photoshoot of a gold and diamond ring on white circular platform, plain white studio background"
"product photoshoot of a gold and diamond ring on white circular platform, plain white studio background_6.png","product photoshoot of a gold and diamond ring on white circular platform, plain white studio background"
"product photoshoot of a jewellery on white circular platform, plain white studio background_7.png","product photoshoot of a jewellery on white circular platform, plain white studio background"
"product photoshoot of a jewellery on white circular platform, plain white studio background_8.png","product photoshoot of a jewellery on white circular platform, plain white studio background"
