image_file,caption
"A  transparent perfume bottle infused with lime, positioned on a reflective, icy surface.borealis and cut up lime leaning on it_4.png","A  transparent perfume bottle infused with lime, positioned on a reflective, icy surface.borealis and cut up lime leaning on it"
"A  serum bottle positioned on a reflective, icy surface.borealis and cut up lime beside it_16.png","A  serum bottle positioned on a reflective, icy surface.borealis and cut up lime beside it"
"A  transparent bottle of sparkling water infused with lime, positioned on a reflective, icy surface.borealis and limes beside it_2.png","A  transparent bottle of sparkling water infused with lime, positioned on a reflective, icy surface.borealis and limes beside it"
"A  pump bottle positioned on a reflective, icy surface.borealis and cut up lime beside it_15.png","A  pump bottle positioned on a reflective, icy surface.borealis and cut up lime beside it"
"A  transparent bottle of sparkling water infused with lime, positioned on a reflective, icy surface.borealis and cut up lime beside it_3.png","A  transparent bottle of sparkling water infused with lime, positioned on a reflective, icy surface.borealis and cut up lime beside it"
"A  green perfume bottle positioned on a reflective, icy surface.borealis and cut up lime beside it_14.png","A  green perfume bottle positioned on a reflective, icy surface.borealis and cut up lime beside it"
