image_file,caption
"macro closeup, A brown serum bottle standing on water, in front of white floating flowers, some pillars_5.png","macro closeup, A brown serum bottle standing on water, in front of white floating flowers, some pillars"
"macro closeup, A brown serum bottle standing on water, in front of white floating flowers, some pillars_4.png","macro closeup, A brown serum bottle standing on water, in front of white floating flowers, some pillars"
"macro closeup, A wine bottle standing on water, in front of white floating flowers, some pillars, high angle shot_7.png","macro closeup, A wine bottle standing on water, in front of white floating flowers, some pillars, high angle shot"
"macro closeup, A brown serum bottle standing on water, in front of white floating flowers, some pillars_6.png","macro closeup, A brown serum bottle standing on water, in front of white floating flowers, some pillars"
"macro closeup, A brown serum bottle standing on water, in front of white floating flowers, some pillars_3.png","macro closeup, A brown serum bottle standing on water, in front of white floating flowers, some pillars"
"closeup, A pink perfume standing on water, in front of white floating flowers, some pillars_0.png","closeup, A pink perfume standing on water, in front of white floating flowers, some pillars"
"closeup, A pink perfume standing on water, in front of white floating flowers, some pillars_1.png","closeup, A pink perfume standing on water, in front of white floating flowers, some pillars"
"closeup, A pink perfume standing on water, in front of white floating flowers, some pillars_2.png","closeup, A pink perfume standing on water, in front of white floating flowers, some pillars"
"macro closeup, A wine bottle standing on water, in front of white floating flowers, some pillars, high angle shot_10.png","macro closeup, A wine bottle standing on water, in front of white floating flowers, some pillars, high angle shot"
"macro closeup, A wine bottle standing on water, in front of white floating flowers, some pillars, high angle shot_8.png","macro closeup, A wine bottle standing on water, in front of white floating flowers, some pillars, high angle shot"
"macro closeup, A wine bottle standing on water, in front of white floating flowers, some pillars, high angle shot_9.png","macro closeup, A wine bottle standing on water, in front of white floating flowers, some pillars, high angle shot"
