image_file,caption
"beige serum bottle, standing in a lush green forest, with leaves, close-up, product shot_1.png","beige serum bottle, standing in a lush green forest, with leaves, close-up, product shot"
"yellow backpack, in a lush green forest, with leaves, close-up, product shot_3.png","yellow backpack, in a lush green forest, with leaves, close-up, product shot"
"yellow backpack, in a lush green forest, with leaves, close-up, product shot_7.png","yellow backpack, in a lush green forest, with leaves, close-up, product shot"
"yellow backpack, in a lush green forest, with leaves, close-up, product shot_4.png","yellow backpack, in a lush green forest, with leaves, close-up, product shot"
"beige serum bottle, standing in a lush green forest, with leaves, white crystals, close-up, product shot_2.png","beige serum bottle, standing in a lush green forest, with leaves, white crystals, close-up, product shot"
"yellow backpack, in a lush green forest, with leaves, close-up, product shot_6.png","yellow backpack, in a lush green forest, with leaves, close-up, product shot"
"beige serum bottle, standing in a lush green forest, with leaves, white crystals, close-up, product shot_1.png","beige serum bottle, standing in a lush green forest, with leaves, white crystals, close-up, product shot"
"yellow backpack, in a lush green forest, with leaves, close-up, product shot_2.png","yellow backpack, in a lush green forest, with leaves, close-up, product shot"
"beige serum bottle, standing in a lush green forest, with leaves, white crystals, close-up, product shot_3.png","beige serum bottle, standing in a lush green forest, with leaves, white crystals, close-up, product shot"
"yellow backpack, in a lush green forest, with leaves, close-up, product shot_8.png","yellow backpack, in a lush green forest, with leaves, close-up, product shot"
"yellow backpack, in a lush green forest, with leaves, close-up, product shot_1.png","yellow backpack, in a lush green forest, with leaves, close-up, product shot"
"yellow backpack, in a lush green forest, with leaves, close-up, product shot_5.png","yellow backpack, in a lush green forest, with leaves, close-up, product shot"
