image_file,caption
"close up of a red perfume bottle standing on a cube platform with some pillars and broken pillars in background, white wall in background_4.png","close up of a red perfume bottle standing on a cube platform with some pillars and broken pillars in background, white wall in background"
"A maroon bottle standing on a cube platform with some pillars and broken pillars in background, whitish background_2.png","A maroon bottle standing on a cube platform with some pillars and broken pillars in background, whitish background"
"A serum bottle standing on a cube platform with some pillars and broken pillars in background, whitish background_1.png","A serum bottle standing on a cube platform with some pillars and broken pillars in background, whitish background"
"A yellow backpack standing on a cube platform with some pillars and broken pillars in background, whitish background_1.png","A yellow backpack standing on a cube platform with some pillars and broken pillars in background, whitish background"
"A maroon bottle standing on a cube platform with some pillars and broken pillars in background, whitish background_1.png","A maroon bottle standing on a cube platform with some pillars and broken pillars in background, whitish background"
"A yellow backpack standing on a cube platform with some pillars and broken pillars in background, whitish background_2.png","A yellow backpack standing on a cube platform with some pillars and broken pillars in background, whitish background"
"A maroon bottle standing on a cube platform with some pillars and broken pillars in background, whitish background_5.png","A maroon bottle standing on a cube platform with some pillars and broken pillars in background, whitish background"
"An orange backpack standing on a cube platform with some pillars and broken pillars in background, whitish background_1.png","An orange backpack standing on a cube platform with some pillars and broken pillars in background, whitish background"
"close up of a red perfume bottle standing on a cube platform with some pillars and broken pillars in background, white wall in background_3.png","close up of a red perfume bottle standing on a cube platform with some pillars and broken pillars in background, white wall in background"
