image_file,caption
"A blue perfume bottle placed on a wooden surface, surrounded by almonds, zoomed out_0.png","A blue perfume bottle placed on a wooden surface, surrounded by almonds, zoomed out"
"A bottle of almond milk placed on a wooden surface, surrounded by almonds_9.png","A bottle of almond milk placed on a wooden surface, surrounded by almonds"
"A blue perfume bottle placed on a wooden surface, surrounded by almonds, zoomed out_4.png","A blue perfume bottle placed on a wooden surface, surrounded by almonds, zoomed out"
"A pump bottle placed on a wooden surface, surrounded by scattered almonds, bird eye view_13.png","A pump bottle placed on a wooden surface, surrounded by scattered almonds, bird eye view"
"A bottle of almond milk placed on a wooden surface, surrounded by scattered almonds_14.png","A bottle of almond milk placed on a wooden surface, surrounded by scattered almonds"
"A blue perfume bottle placed on a wooden surface, surrounded by almonds, zoomed out_6.png","A blue perfume bottle placed on a wooden surface, surrounded by almonds, zoomed out"
"A blue perfume bottle placed on a wooden surface, surrounded by almonds, zoomed out_1.png","A blue perfume bottle placed on a wooden surface, surrounded by almonds, zoomed out"
"A blue tube placed on a wooden surface, surrounded by almonds, zoomed out_8.png","A blue tube placed on a wooden surface, surrounded by almonds, zoomed out"
"A blue perfume bottle placed on a wooden surface, surrounded by almonds, zoomed out_3.png","A blue perfume bottle placed on a wooden surface, surrounded by almonds, zoomed out"
"A blue perfume bottle placed on a wooden surface, surrounded by almonds, zoomed out_5.png","A blue perfume bottle placed on a wooden surface, surrounded by almonds, zoomed out"
"A blue tube placed on a wooden surface, surrounded by almonds, zoomed out_7.png","A blue tube placed on a wooden surface, surrounded by almonds, zoomed out"
"A blue perfume bottle placed on a wooden surface, surrounded by almonds, zoomed out_2.png","A blue perfume bottle placed on a wooden surface, surrounded by almonds, zoomed out"
"A pump bottle placed on a wooden surface, surrounded by scattered almonds, bird eye view_11.png","A pump bottle placed on a wooden surface, surrounded by scattered almonds, bird eye view"
"A pump bottle placed on a wooden surface, surrounded by scattered almonds, bird eye view_12.png","A pump bottle placed on a wooden surface, surrounded by scattered almonds, bird eye view"
"A bottle of almond milk placed on a wooden surface, surrounded by scattered almonds_15.png","A bottle of almond milk placed on a wooden surface, surrounded by scattered almonds"
"A pump bottle placed on a wooden surface, surrounded by scattered almonds, bird eye view_10.png","A pump bottle placed on a wooden surface, surrounded by scattered almonds, bird eye view"
