image_file,caption
"A brown scented candle on top of books on a wooden table next to a pencil, white background_4.png","A brown scented candle on top of books on a wooden table next to a pencil, white background"
aseem007_A_red_bottle_on_top_of_books_on_a_wooden_table_next__c2be00e8-ee73-42a5-a40d-c04006ec7ac4_0.png,aseem007
"A brown scented candle on top of books on a wooden table next to tiny white flowers, white background_5.png","A brown scented candle on top of books on a wooden table next to tiny white flowers, white background"
"A yellow perfume bottle on top of books on a wooden table next to flower petals, white background_1.png","A yellow perfume bottle on top of books on a wooden table next to flower petals, white background"
"A brown scented candle on top of books on a wooden table next to flower petals, white background_3.png","A brown scented candle on top of books on a wooden table next to flower petals, white background"
"A brown scented candle on top of books on a wooden table next to a pencil, white background_5.png","A brown scented candle on top of books on a wooden table next to a pencil, white background"
"A brown scented candle on top of books on a wooden table next to a pencil, white background_3.png","A brown scented candle on top of books on a wooden table next to a pencil, white background"
"A red bottle on top of books on a wooden table next to a pencil, flower petals, white background_2.png","A red bottle on top of books on a wooden table next to a pencil, flower petals, white background"
"A brown scented candle on top of books on a wooden table next to tiny white flowers, white background_1.png","A brown scented candle on top of books on a wooden table next to tiny white flowers, white background"
"A brown scented candle on top of books on a wooden table next to a pencil, white background_1.png","A brown scented candle on top of books on a wooden table next to a pencil, white background"
"A yellow perfume bottle on top of books on a wooden table next to flower petals, white background_2.png","A yellow perfume bottle on top of books on a wooden table next to flower petals, white background"
"A red bottle on top of books on a wooden table next to a pencil, flower petals, white background_1.png","A red bottle on top of books on a wooden table next to a pencil, flower petals, white background"
"A brown scented candle on top of books on a wooden table next to flower petals, white background_1.png","A brown scented candle on top of books on a wooden table next to flower petals, white background"
"A brown scented candle on top of books on a wooden table next to flower petals, white background_2.png","A brown scented candle on top of books on a wooden table next to flower petals, white background"
