image_file,caption
"A perfume bottle lying on a bed of crimpled satin cloth, top down flat lay shot, product shoot_2.png","A perfume bottle lying on a bed of crimpled satin cloth, top down flat lay shot, product shoot"
"A perfume bottle lying on a bed of crimpled satin cloth, top down flat lay shot, product shoot_0.png","A perfume bottle lying on a bed of crimpled satin cloth, top down flat lay shot, product shoot"
"A perfume bottle lying on a bed of crimpled satin cloth, top down flat lay shot, product shoot_1.png","A perfume bottle lying on a bed of crimpled satin cloth, top down flat lay shot, product shoot"
"A serum bottle lying on a bed of crimpled satin cloth, top down flat lay shot, product shoot_7.png","A serum bottle lying on a bed of crimpled satin cloth, top down flat lay shot, product shoot"
"A serum bottle lying on a bed of crimpled satin cloth, top down flat lay shot, product shoot_6.png","A serum bottle lying on a bed of crimpled satin cloth, top down flat lay shot, product shoot"
"A serum bottle lying on a bed of crimpled satin cloth, top down flat lay shot, product shoot_4.png","A serum bottle lying on a bed of crimpled satin cloth, top down flat lay shot, product shoot"
"A serum bottle lying on a bed of crimpled satin cloth, top down flat lay shot, product shoot_5.png","A serum bottle lying on a bed of crimpled satin cloth, top down flat lay shot, product shoot"
"A serum bottle lying on a bed of crimpled satin cloth, top down flat lay shot, product shoot_3.png","A serum bottle lying on a bed of crimpled satin cloth, top down flat lay shot, product shoot"
"A wine bottle lying on a bed of crimpled satin cloth, top down flat lay shot, product shoot_14.png","A wine bottle lying on a bed of crimpled satin cloth, top down flat lay shot, product shoot"
"A shampoo bottle lying on a bed of crimpled satin cloth, top down flat lay shot, product shoot_9.png","A shampoo bottle lying on a bed of crimpled satin cloth, top down flat lay shot, product shoot"
"A shampoo bottle lying on a bed of crimpled satin cloth, top down flat lay shot, product shoot_8.png","A shampoo bottle lying on a bed of crimpled satin cloth, top down flat lay shot, product shoot"
"A wine bottle lying on a bed of crimpled satin cloth, top down flat lay shot, product shoot_12.png","A wine bottle lying on a bed of crimpled satin cloth, top down flat lay shot, product shoot"
"A wine bottle lying on a bed of crimpled satin cloth, top down flat lay shot, product shoot_13.png","A wine bottle lying on a bed of crimpled satin cloth, top down flat lay shot, product shoot"
"A wine bottle lying on a bed of crimpled satin cloth, top down flat lay shot, product shoot_11.png","A wine bottle lying on a bed of crimpled satin cloth, top down flat lay shot, product shoot"
"A wine bottle lying on a bed of crimpled satin cloth, top down flat lay shot, product shoot_10.png","A wine bottle lying on a bed of crimpled satin cloth, top down flat lay shot, product shoot"
