image_file,caption
"A sleek banana smoothie bottle standing against a pastel yellow background, with neatly cut banana slices on one side and vibrant red strawberry halves on the other_6.png","A sleek banana smoothie bottle standing against a pastel yellow background, with neatly cut banana slices on one side and vibrant red strawberry halves on the other"
A pink raspberry mojito bottle standing against a blue background with some raspberries and mint leaves on either side of it_2.png,A pink raspberry mojito bottle standing against a blue background with some raspberries and mint leaves on either side of it
"A sleek banana smoothie bottle standing against a pastel yellow background, with neatly cut banana slices on one side and vibrant red strawberry halves on the other_4.png","A sleek banana smoothie bottle standing against a pastel yellow background, with neatly cut banana slices on one side and vibrant red strawberry halves on the other"
A sleek blueberry smoothie bottle in a pink background with some fresh blueberries and some strawberries on one side_11.png,A sleek blueberry smoothie bottle in a pink background with some fresh blueberries and some strawberries on one side
A pink raspberry mojito bottle standing against a blue background with some raspberries and mint leaves on either side of it_1.png,A pink raspberry mojito bottle standing against a blue background with some raspberries and mint leaves on either side of it
A sleek blueberry smoothie bottle in a pink background with some fresh blueberries and some strawberries on one side_10.png,A sleek blueberry smoothie bottle in a pink background with some fresh blueberries and some strawberries on one side
A pink raspberry mojito bottle standing against a blue background with some raspberries and mint leaves on either side of it_3.png,A pink raspberry mojito bottle standing against a blue background with some raspberries and mint leaves on either side of it
"A sleek banana smoothie bottle standing against a pastel yellow background, with neatly cut banana slices on one side and vibrant red strawberry halves on the other_7.png","A sleek banana smoothie bottle standing against a pastel yellow background, with neatly cut banana slices on one side and vibrant red strawberry halves on the other"
"A sleek banana smoothie bottle standing against a pastel yellow background, with neatly cut banana slices on one side and vibrant red strawberry halves on the other_5.png","A sleek banana smoothie bottle standing against a pastel yellow background, with neatly cut banana slices on one side and vibrant red strawberry halves on the other"
A sleek blueberry smoothie bottle in a pink background with some fresh blueberries and some strawberries on one side_9.png,A sleek blueberry smoothie bottle in a pink background with some fresh blueberries and some strawberries on one side
A sleek blueberry smoothie bottle in a pink background with some fresh blueberries and some strawberries on one side_8.png,A sleek blueberry smoothie bottle in a pink background with some fresh blueberries and some strawberries on one side
A pink raspberry mojito bottle standing against a blue background with some raspberries and mint leaves on either side of it_0.png,A pink raspberry mojito bottle standing against a blue background with some raspberries and mint leaves on either side of it
