image_file,caption
"macro closeup, a brown serum bottle on a charcoal colored carpet on a wooden table_7.png","macro closeup, a brown serum bottle on a charcoal colored carpet on a wooden table"
"macro closeup, a brown serum bottle on a charcoal colored carpet on a wooden table_6.png","macro closeup, a brown serum bottle on a charcoal colored carpet on a wooden table"
"macro closeup, a brown serum bottle on a charcoal colored carpet on a wooden table_5.png","macro closeup, a brown serum bottle on a charcoal colored carpet on a wooden table"
"macro closeup, a blue skincare tube e on a charcoal colored carpet on a wooden table_0.png","macro closeup, a blue skincare tube e on a charcoal colored carpet on a wooden table"
"macro closeup, a wine bottle on a charcoal colored carpet on a wooden table_8.png","macro closeup, a wine bottle on a charcoal colored carpet on a wooden table"
"macro closeup, a wine bottle standing on a charcoal colored carpet on a wooden table_9.png","macro closeup, a wine bottle standing on a charcoal colored carpet on a wooden table"
"macro closeup, a wine bottle standing on a charcoal colored carpet on a wooden table_10.png","macro closeup, a wine bottle standing on a charcoal colored carpet on a wooden table"
"macro closeup, a brown perfume on a charcoal colored carpet on a wooden table_4.png","macro closeup, a brown perfume on a charcoal colored carpet on a wooden table"
"macro closeup, a brown perfume on a charcoal colored carpet on a wooden table_3.png","macro closeup, a brown perfume on a charcoal colored carpet on a wooden table"
"macro closeup, a blue skincare tube e on a charcoal colored carpet on a wooden table_1.png","macro closeup, a blue skincare tube e on a charcoal colored carpet on a wooden table"
"macro closeup, a blue skincare tube e on a charcoal colored carpet on a wooden table_2.png","macro closeup, a blue skincare tube e on a charcoal colored carpet on a wooden table"
