image_file,caption
"product photoshoot of a yellow shampoo bottle on a mossy surface, in between a forest environment with miniature butterflies, fireflies around it, focus on product_10.png","product photoshoot of a yellow shampoo bottle on a mossy surface, in between a forest environment with miniature butterflies, fireflies around it, focus on product"
"product photoshoot of a wine bottle on a mossy surface, in between a forest environment with miniature butterflies, fireflies around it, focus on product_7.png","product photoshoot of a wine bottle on a mossy surface, in between a forest environment with miniature butterflies, fireflies around it, focus on product"
"product photoshoot of a pink skincare tube on a mossy surface, in between a forest environment with miniature butterflies, fireflies around it, focus on product_2.png","product photoshoot of a pink skincare tube on a mossy surface, in between a forest environment with miniature butterflies, fireflies around it, focus on product"
"product photoshoot of a wine bottle on a mossy surface, in between a forest environment with miniature butterflies, fireflies around it, focus on product_5.png","product photoshoot of a wine bottle on a mossy surface, in between a forest environment with miniature butterflies, fireflies around it, focus on product"
"product photoshoot of a brown serum bottle on a mossy surface, in between a forest environment with miniature butterflies, fireflies around it, focus on product_0.png","product photoshoot of a brown serum bottle on a mossy surface, in between a forest environment with miniature butterflies, fireflies around it, focus on product"
"product photoshoot of a brown serum bottle on a mossy surface, in between a forest environment with miniature butterflies, fireflies around it, focus on product_1.png","product photoshoot of a brown serum bottle on a mossy surface, in between a forest environment with miniature butterflies, fireflies around it, focus on product"
