image_file,caption
"A brown serum bottle standing, surrounded by glitter, white background_5.png","A brown serum bottle standing, surrounded by glitter, white background"
"A wine bottle standing, surrounded by glitter, white background_7.png","A wine bottle standing, surrounded by glitter, white background"
"A beige bottle standing, surrounded by glitter, white background_1.png","A beige bottle standing, surrounded by glitter, white background"
"A blue lotion bottle standing, surrounded by glitter, white background_3.png","A blue lotion bottle standing, surrounded by glitter, white background"
"A blue lotion bottle standing, surrounded by glitter, white background_2.png","A blue lotion bottle standing, surrounded by glitter, white background"
"A beige bottle standing, surrounded by glitter, white background_0.png","A beige bottle standing, surrounded by glitter, white background"
"A brown serum bottle standing, surrounded by glitter, white background_4.png","A brown serum bottle standing, surrounded by glitter, white background"
"A wine bottle standing, surrounded by glitter, white background_6.png","A wine bottle standing, surrounded by glitter, white background"
