image_file,caption
"closeup of a black lotion bottle on white shelf, in front of pink tiled wall_4.png","closeup of a black lotion bottle on white shelf, in front of pink tiled wall"
"closeup of a yellow skincare tube on white shelf, in front of pink tiled wall_9.png","closeup of a yellow skincare tube on white shelf, in front of pink tiled wall"
"high angle shot of a brown perfume bottle on white shelf, in front of blue tiled wall_10.png","high angle shot of a brown perfume bottle on white shelf, in front of blue tiled wall"
"closeup of a black lotion bottle on white shelf, in front of pink tiled wall_3.png","closeup of a black lotion bottle on white shelf, in front of pink tiled wall"
"a brown serum bottle on white shelf, in front of pink tiled wall_2.png","a brown serum bottle on white shelf, in front of pink tiled wall"
"closeup of a black lotion bottle on white shelf, in front of pink tiled wall_5.png","closeup of a black lotion bottle on white shelf, in front of pink tiled wall"
"high angle shot of a brown perfume bottle on white shelf, in front of pink tiled wall_12.png","high angle shot of a brown perfume bottle on white shelf, in front of pink tiled wall"
"a brown serum bottle on a wooden tray on white shelf, in front of pink tiled wall_0.png","a brown serum bottle on a wooden tray on white shelf, in front of pink tiled wall"
"high angle shot of a brown perfume bottle on white shelf, in front of blue tiled wall_11.png","high angle shot of a brown perfume bottle on white shelf, in front of blue tiled wall"
"closeup of a yellow skincare tube on white shelf, in front of green tiled wall_6.png","closeup of a yellow skincare tube on white shelf, in front of green tiled wall"
"closeup of a yellow skincare tube on white shelf, in front of green tiled wall_7.png","closeup of a yellow skincare tube on white shelf, in front of green tiled wall"
"closeup of a yellow skincare tube on white shelf, in front of pink tiled wall_8.png","closeup of a yellow skincare tube on white shelf, in front of pink tiled wall"
"a brown serum bottle on a wooden tray on white shelf, in front of pink tiled wall_1.png","a brown serum bottle on a wooden tray on white shelf, in front of pink tiled wall"
"high angle shot of a brown perfume bottle on white shelf, in front of pink tiled wall_13.png","high angle shot of a brown perfume bottle on white shelf, in front of pink tiled wall"
