image_file,caption
"healthy tea cup standing on wooden platform with some tea ingredients, depth of field_3.png","healthy tea cup standing on wooden platform with some tea ingredients, depth of field"
"glass bottle standing on wooden platform with some tea ingredients, depth of field_5.png","glass bottle standing on wooden platform with some tea ingredients, depth of field"
"healthy tea cup standing on wooden platform with some tea ingredients, depth of field_1.png","healthy tea cup standing on wooden platform with some tea ingredients, depth of field"
"A yellow juice bottle standing on wooden platform with some tea ingredients, depth of field_5.png","A yellow juice bottle standing on wooden platform with some tea ingredients, depth of field"
"healthy tea cup standing on wooden platform with some tea ingredients, depth of field_2.png","healthy tea cup standing on wooden platform with some tea ingredients, depth of field"
"A black box standing on wooden platform with some tea ingredients, depth of field_6.png","A black box standing on wooden platform with some tea ingredients, depth of field"
"healthy tea cup standing on wooden platform with some tea ingredients, depth of field_4.png","healthy tea cup standing on wooden platform with some tea ingredients, depth of field"
"A glass standing on wooden platform with some tea ingredients, depth of field_6.png","A glass standing on wooden platform with some tea ingredients, depth of field"
"A juice bottle standing on wooden platform with some tea ingredients, depth of field_5.png","A juice bottle standing on wooden platform with some tea ingredients, depth of field"
"healthy tea cup standing on wooden platform with some tea ingredients, depth of field_5.png","healthy tea cup standing on wooden platform with some tea ingredients, depth of field"
"A brown box standing on wooden platform with some tea ingredients, depth of field_6.png","A brown box standing on wooden platform with some tea ingredients, depth of field"
"A yellow juice bottle standing on wooden platform with some tea ingredients, depth of field_7.png","A yellow juice bottle standing on wooden platform with some tea ingredients, depth of field"
"A yellow juice bottle standing on wooden platform with some tea ingredients, depth of field_6.png","A yellow juice bottle standing on wooden platform with some tea ingredients, depth of field"
