image_file,caption
"a yellow pefume bottle on a beige surface, a single hydrangea flower in foreground, beige background, depth composition_1.png","a yellow pefume bottle on a beige surface, a single hydrangea flower in foreground, beige background, depth composition"
"A spray bottle on a beige surface, a single hydrangea flower in the foreground, beige background, depth composition_17.png","A spray bottle on a beige surface, a single hydrangea flower in the foreground, beige background, depth composition"
"a pink bodywash bottle on a beige surface, a single pink gerbera flower in foreground, mint leaves in background, beige background, depth composition_1.png","a pink bodywash bottle on a beige surface, a single pink gerbera flower in foreground, mint leaves in background, beige background, depth composition"
"a yellow pefume bottle on a beige surface, a single hydrangea flower in foreground, beige background, depth composition_2.png","a yellow pefume bottle on a beige surface, a single hydrangea flower in foreground, beige background, depth composition"
"closeup of a yellow bodywash bottle on a beige surface, a single pink gerbera flower in foreground, few leaves in background, beige background, depth composition_1.png","closeup of a yellow bodywash bottle on a beige surface, a single pink gerbera flower in foreground, few leaves in background, beige background, depth composition"
"A luxury lipstick in a sleek, metallic case on a beige surface, a single pink gerbera flower in the foreground, beige background, depth composition_18.png","A luxury lipstick in a sleek, metallic case on a beige surface, a single pink gerbera flower in the foreground, beige background, depth composition"
"a yellow pefume bottle on a beige surface, a singlemarigold flower in foreground, beige background, depth composition_1.png","a yellow pefume bottle on a beige surface, a singlemarigold flower in foreground, beige background, depth composition"
"A tube of hand cream on a beige surface, a single hibiscus flower in the foreground, beige background, depth composition_15.png","A tube of hand cream on a beige surface, a single hibiscus flower in the foreground, beige background, depth composition"
"a pink bodywash bottle on a beige surface, a single pink gerbera flower in foreground, mint leaves in background, beige background, depth composition_3.png","a pink bodywash bottle on a beige surface, a single pink gerbera flower in foreground, mint leaves in background, beige background, depth composition"
"a yellow pefume bottle on a beige surface, a singlemarigold flower in foreground, beige background, depth composition_2.png","a yellow pefume bottle on a beige surface, a singlemarigold flower in foreground, beige background, depth composition"
"closeup of a yellow bodywash bottle on a beige surface, a single pink gerbera flower in foreground, few leaves in background, beige background, depth composition_2.png","closeup of a yellow bodywash bottle on a beige surface, a single pink gerbera flower in foreground, few leaves in background, beige background, depth composition"
"a green bottle on a beige surface, a single hibiscus flower in foreground, mint leaves in background, beige background, depth composition_1.png","a green bottle on a beige surface, a single hibiscus flower in foreground, mint leaves in background, beige background, depth composition"
"a red pefume bottle on a beige surface, a single orchid flower in foreground, mint leaves in background, beige background, depth composition_2.png","a red pefume bottle on a beige surface, a single orchid flower in foreground, mint leaves in background, beige background, depth composition"
"a green bottle on a beige surface, a single hibiscus flower in foreground, mint leaves in background, beige background, depth composition_2.png","a green bottle on a beige surface, a single hibiscus flower in foreground, mint leaves in background, beige background, depth composition"
"A luxury lipstick in a sleek, metallic case on a beige surface, a single pink gerbera flower in the foreground, beige background, depth composition_19.png","A luxury lipstick in a sleek, metallic case on a beige surface, a single pink gerbera flower in the foreground, beige background, depth composition"
"a pink bodywash bottle on a beige surface, a single pink gerbera flower in foreground, mint leaves in background, beige background, depth composition_2.png","a pink bodywash bottle on a beige surface, a single pink gerbera flower in foreground, mint leaves in background, beige background, depth composition"
"A tube of hand cream on a beige surface, a single hydrangea flower in the foreground, beige background, depth composition_16.png","A tube of hand cream on a beige surface, a single hydrangea flower in the foreground, beige background, depth composition"
"a red pefume bottle on a beige surface, a single orchid flower in foreground, mint leaves in background, beige background, depth composition_1.png","a red pefume bottle on a beige surface, a single orchid flower in foreground, mint leaves in background, beige background, depth composition"
"A tube of hand cream on a beige surface, a single hibiscus flower in the foreground, beige background, depth composition_14.png","A tube of hand cream on a beige surface, a single hibiscus flower in the foreground, beige background, depth composition"
