image_file,caption
"product photoshoot of a beanbag placed on grey rugged carpet on wooden floor beside a glass window, white wall background, sunlight falling on it, light blue curtains_0.png","product photoshoot of a beanbag placed on grey rugged carpet on wooden floor beside a glass window, white wall background, sunlight falling on it, light blue curtains"
"product photoshoot of a beanbag placed on grey rugged carpet on wooden floor beside a glass window, white wall background, sunlight falling on it, light blue curtains_1.png","product photoshoot of a beanbag placed on grey rugged carpet on wooden floor beside a glass window, white wall background, sunlight falling on it, light blue curtains"
"product photoshoot of a beanbag placed on grey rugged carpet on wooden floor beside a glass window, white wall background, sunlight falling on it, light blue curtains_2.png","product photoshoot of a beanbag placed on grey rugged carpet on wooden floor beside a glass window, white wall background, sunlight falling on it, light blue curtains"
"product photoshoot of a recliner placed on grey rugged carpet on wooden floor beside a glass window, white wall background, sunlight falling on it, light blue curtains_3.png","product photoshoot of a recliner placed on grey rugged carpet on wooden floor beside a glass window, white wall background, sunlight falling on it, light blue curtains"
"product photoshoot of a recliner placed on grey rugged carpet on wooden floor beside a glass window, white wall background, sunlight falling on it, light blue curtains_4.png","product photoshoot of a recliner placed on grey rugged carpet on wooden floor beside a glass window, white wall background, sunlight falling on it, light blue curtains"
"product photoshoot of a recliner placed on grey rugged carpet on wooden floor beside a glass window, white wall background, sunlight falling on it, light blue curtains_5.png","product photoshoot of a recliner placed on grey rugged carpet on wooden floor beside a glass window, white wall background, sunlight falling on it, light blue curtains"
"product photoshoot of a recliner placed on grey rugged carpet on wooden floor beside a glass window, white wall background, sunlight falling on it, light blue curtains_6.png","product photoshoot of a recliner placed on grey rugged carpet on wooden floor beside a glass window, white wall background, sunlight falling on it, light blue curtains"
"product photoshoot of a sofa placed on grey rugged carpet on wooden floor beside a glass window, white wall background, sunlight falling on it, light blue curtains_7.png","product photoshoot of a sofa placed on grey rugged carpet on wooden floor beside a glass window, white wall background, sunlight falling on it, light blue curtains"
"product photoshoot of a stylish chair placed on grey rugged carpet on wooden floor beside a glass window, white wall background, sunlight falling on it, light blue curtains_8.png","product photoshoot of a stylish chair placed on grey rugged carpet on wooden floor beside a glass window, white wall background, sunlight falling on it, light blue curtains"
"product photoshoot of a stylish chair placed on grey rugged carpet on wooden floor beside a glass window, white wall background, sunlight falling on it, light blue curtains_9.png","product photoshoot of a stylish chair placed on grey rugged carpet on wooden floor beside a glass window, white wall background, sunlight falling on it, light blue curtains"
"product photoshoot of a tiny table placed on grey rugged carpet on wooden floor beside a glass window, white wall background, sunlight falling on it, light blue curtains_10.png","product photoshoot of a tiny table placed on grey rugged carpet on wooden floor beside a glass window, white wall background, sunlight falling on it, light blue curtains"
"product photoshoot of a tiny table placed on grey rugged carpet on wooden floor beside a glass window, white wall background, sunlight falling on it, light blue curtains_11.png","product photoshoot of a tiny table placed on grey rugged carpet on wooden floor beside a glass window, white wall background, sunlight falling on it, light blue curtains"
