image_file,caption
"closeup of a serum bottle lying on a white rug, birds eye view, product shot_2.png","closeup of a serum bottle lying on a white rug, birds eye view, product shot"
"Macroshot of a pink perfume bottle lying on a beige rug, birds eye view, product shot_3.png","Macroshot of a pink perfume bottle lying on a beige rug, birds eye view, product shot"
"closeup of a yellow purse perfume bottle lying on a beige rug, birds eye view, product shot_2.png","closeup of a yellow purse perfume bottle lying on a beige rug, birds eye view, product shot"
"closeup of a serum bottle lying on a white rug, birds eye view, product shot_1.png","closeup of a serum bottle lying on a white rug, birds eye view, product shot"
"Macroshot of a perfume bottle lying on a beige rug made of fur, birds eye view, product shot_3.png","Macroshot of a perfume bottle lying on a beige rug made of fur, birds eye view, product shot"
"Macroshot of a perfume bottle lying on a beige woolen rug, birds eye view, product shot_3.png","Macroshot of a perfume bottle lying on a beige woolen rug, birds eye view, product shot"
"closeup of a perfume bottle lying on a white rug, birds eye view, product shot_1.png","closeup of a perfume bottle lying on a white rug, birds eye view, product shot"
"Macroshot of a perfume bottle lying on a beige rug made of fur, birds eye view, product shot_1.png","Macroshot of a perfume bottle lying on a beige rug made of fur, birds eye view, product shot"
"Macroshot of a perfume bottle lying on a beige rug made of fur, birds eye view, product shot_2.png","Macroshot of a perfume bottle lying on a beige rug made of fur, birds eye view, product shot"
"Macroshot of a perfume bottle lying on a beige woolen rug, birds eye view, product shot _2.png","Macroshot of a perfume bottle lying on a beige woolen rug, birds eye view, product shot "
"Macroshot of a pink perfume bottle lying on a beige rug, birds eye view, product shot_2.png","Macroshot of a pink perfume bottle lying on a beige rug, birds eye view, product shot"
"closeup of a pink perfume bottle lying on a beige rug, birds eye view, product sho_1.png","closeup of a pink perfume bottle lying on a beige rug, birds eye view, product sho"
"closeup of a yellow purse perfume bottle lying on a beige rug, birds eye view, product shot_1.png","closeup of a yellow purse perfume bottle lying on a beige rug, birds eye view, product shot"
"Macroshot of a perfume bottle lying on a beige woolen rug, birds eye view, product shot _1.png","Macroshot of a perfume bottle lying on a beige woolen rug, birds eye view, product shot "
