image_file,caption
"close up, A blue bottle standing on top of a blue frozen river with cracks, blue sky product shot_0.png","close up, A blue bottle standing on top of a blue frozen river with cracks, blue sky product shot"
"close up, high angle shot, A brown perfume bottle standing on top of a blue frozen river with cracks, blue sky product shot_13.png","close up, high angle shot, A brown perfume bottle standing on top of a blue frozen river with cracks, blue sky product shot"
"close up, high angle shot, A brown perfume bottle standing on top of a blue frozen river with cracks, blue sky product shot_12.png","close up, high angle shot, A brown perfume bottle standing on top of a blue frozen river with cracks, blue sky product shot"
"close up, high angle shot, A brown perfume bottle standing on top of a blue frozen river with cracks, blue sky product shot_11.png","close up, high angle shot, A brown perfume bottle standing on top of a blue frozen river with cracks, blue sky product shot"
"close up, A yellow beer can bottle standing on top of a blue frozen river with cracks, blue sky product shot_8.png","close up, A yellow beer can bottle standing on top of a blue frozen river with cracks, blue sky product shot"
"close up, A brown serum bottle standing on top of a blue frozen river with cracks, blue sky product shot_4.png","close up, A brown serum bottle standing on top of a blue frozen river with cracks, blue sky product shot"
"close up, A brown serum bottle standing on top of a blue frozen river with cracks, blue sky product shot_5.png","close up, A brown serum bottle standing on top of a blue frozen river with cracks, blue sky product shot"
"close up, A yellow beer can bottle standing on top of a blue frozen river with cracks, blue sky product shot_9.png","close up, A yellow beer can bottle standing on top of a blue frozen river with cracks, blue sky product shot"
"close up, A blue bottle standing on top of a frozen water body, blue sky product shot_2.png","close up, A blue bottle standing on top of a frozen water body, blue sky product shot"
"close up, A blue bottle standing on top of a frozen water body, blue sky product shot_3.png","close up, A blue bottle standing on top of a frozen water body, blue sky product shot"
"close up, A blue bottle standing on top of a frozen water body, blue sky product shot_1.png","close up, A blue bottle standing on top of a frozen water body, blue sky product shot"
"close up, A yellow beer can bottle standing on top of a blue frozen river with cracks, blue sky product shot_10.png","close up, A yellow beer can bottle standing on top of a blue frozen river with cracks, blue sky product shot"
"close up, A serum bottle standing on top of a blue frozen river with cracks, blue sky product shot_6.png","close up, A serum bottle standing on top of a blue frozen river with cracks, blue sky product shot"
"close up, A serum bottle standing on top of a blue frozen river with cracks, blue sky product shot_7.png","close up, A serum bottle standing on top of a blue frozen river with cracks, blue sky product shot"
