image_file,caption
"A black purse kept on a marble counter, indian woman wearing top in background_0.png","A black purse kept on a marble counter, indian woman wearing top in background"
"A serum bottle kept on a marble counter, indian woman wearing top in background_12.png","A serum bottle kept on a marble counter, indian woman wearing top in background"
"A wine bottle kept on a marble counter, indian woman wearing top in background_13.png","A wine bottle kept on a marble counter, indian woman wearing top in background"
"A red purse kept on a marble counter, indian woman wearing top in background_6.png","A red purse kept on a marble counter, indian woman wearing top in background"
"A serum bottle kept on a marble counter, indian woman wearing top cin background_10.png","A serum bottle kept on a marble counter, indian woman wearing top cin background"
"A pink perfume bottle kept on a marble counter, indian woman wearing top cin background_3.png","A pink perfume bottle kept on a marble counter, indian woman wearing top cin background"
"A red purse kept on a marble counter, indian woman wearing top in background_5.png","A red purse kept on a marble counter, indian woman wearing top in background"
"A black purse kept on a marble counter, indian woman wearing top in background_1.png","A black purse kept on a marble counter, indian woman wearing top in background"
"A serum bottle kept on a marble counter, a woman in background visible only below neck_7.png","A serum bottle kept on a marble counter, a woman in background visible only below neck"
"A black purse kept on a marble counter, indian woman wearing top in background_2.png","A black purse kept on a marble counter, indian woman wearing top in background"
"A wine bottle kept on a marble counter, indian woman wearing top in background_16.png","A wine bottle kept on a marble counter, indian woman wearing top in background"
"A wine bottle kept on a marble counter, indian woman wearing top in background_15.png","A wine bottle kept on a marble counter, indian woman wearing top in background"
"A red purse kept on a marble counter, indian woman wearing top in background_4.png","A red purse kept on a marble counter, indian woman wearing top in background"
"A serum bottle kept on a marble counter, a woman in background visible only below neck_8.png","A serum bottle kept on a marble counter, a woman in background visible only below neck"
"A serum bottle kept on a marble counter, indian woman wearing top in background_11.png","A serum bottle kept on a marble counter, indian woman wearing top in background"
"A serum bottle kept on a marble counter, asian woman in background_9.png","A serum bottle kept on a marble counter, asian woman in background"
