image_file,caption
"a soft drink can kept on a blue platform with a well structured arch of white flowers just above the bottle, product shoot_7.png","a soft drink can kept on a blue platform with a well structured arch of white flowers just above the bottle, product shoot"
"a wine bottle kept on a blue platform with a well structured arch of white flowers just above the bottle, product shoot_11.png","a wine bottle kept on a blue platform with a well structured arch of white flowers just above the bottle, product shoot"
"a red perfume bottle can kept on a blue platform with a well structured arch of white flowers just above the bottle, product shoot_4.png","a red perfume bottle can kept on a blue platform with a well structured arch of white flowers just above the bottle, product shoot"
"a soft drink can kept on a blue platform with an arch of white flower just above the bottle, product shoot_17.png","a soft drink can kept on a blue platform with an arch of white flower just above the bottle, product shoot"
"a soft drink can kept on a blue platform with a well structured arch of white flowers just above the bottle, product shoot_8.png","a soft drink can kept on a blue platform with a well structured arch of white flowers just above the bottle, product shoot"
"a soft drink can kept on a blue platform with a well structured arch of white flowers just above the bottle, product shoot_10.png","a soft drink can kept on a blue platform with a well structured arch of white flowers just above the bottle, product shoot"
"a soft drink can kept on a blue platform with a well structured arch of white flowers just above the bottle, product shoot_9.png","a soft drink can kept on a blue platform with a well structured arch of white flowers just above the bottle, product shoot"
"a wine bottle kept on a blue platform with a well structured arch of white flowers just above the bottle, product shoot_13.png","a wine bottle kept on a blue platform with a well structured arch of white flowers just above the bottle, product shoot"
"a red perfume bottle can kept on a blue platform with a well structured arch of multi coloured flowers just above the bottle, product shoot_3.png","a red perfume bottle can kept on a blue platform with a well structured arch of multi coloured flowers just above the bottle, product shoot"
"a wine bottle kept on a blue platform with a well structured arch of white flowers just above the bottle, product shoot_12.png","a wine bottle kept on a blue platform with a well structured arch of white flowers just above the bottle, product shoot"
"a red perfume bottle can kept on a blue platform with a well structured arch of multi coloured flowers just above the bottle, product shoot_2.png","a red perfume bottle can kept on a blue platform with a well structured arch of multi coloured flowers just above the bottle, product shoot"
"a soft drink can kept on a blue platform with a well structured arch of multi coloured flowers just above the bottle, product shoot_5.png","a soft drink can kept on a blue platform with a well structured arch of multi coloured flowers just above the bottle, product shoot"
"a red perfume bottle can kept on a blue platform with a well structured arch of multi coloured flowers just above the bottle, product shoot_0.png","a red perfume bottle can kept on a blue platform with a well structured arch of multi coloured flowers just above the bottle, product shoot"
"a soft drink can kept on a blue platform with an arch of white flower just above the bottle, product shoot_16.png","a soft drink can kept on a blue platform with an arch of white flower just above the bottle, product shoot"
"a soft drink can kept on a blue platform with a well structured arch of multi coloured flowers just above the bottle, product shoot_6.png","a soft drink can kept on a blue platform with a well structured arch of multi coloured flowers just above the bottle, product shoot"
"a red perfume bottle can kept on a blue platform with a well structured arch of multi coloured flowers just above the bottle, product shoot_1.png","a red perfume bottle can kept on a blue platform with a well structured arch of multi coloured flowers just above the bottle, product shoot"
