image_file,caption
"high angle shot, a brown perfume bottle is standing in the middle of the streets of New York, people can be seen in its background_10.png","high angle shot, a brown perfume bottle is standing in the middle of the streets of New York, people can be seen in its background"
"high angle shot, a brown perfume bottle is standing in the middle of the streets of New York, people can be seen in its background_9.png","high angle shot, a brown perfume bottle is standing in the middle of the streets of New York, people can be seen in its background"
"a wine bottle is standing in the middle of the streets of New York, people can be seen in its background_6.png","a wine bottle is standing in the middle of the streets of New York, people can be seen in its background"
"a wine bottle is standing in the middle of the streets of New York, people can be seen in its background_7.png","a wine bottle is standing in the middle of the streets of New York, people can be seen in its background"
"high angle shot, a brown perfume bottle is standing in the middle of the streets of New York, people can be seen in its background_8.png","high angle shot, a brown perfume bottle is standing in the middle of the streets of New York, people can be seen in its background"
"a paper coffee cup is standing in the middle of the streets of New York, people can be seen in its background_5.png","a paper coffee cup is standing in the middle of the streets of New York, people can be seen in its background"
"a brown serum bottle is standing in the middle of the streets of New York, people can be seen in its background_2.png","a brown serum bottle is standing in the middle of the streets of New York, people can be seen in its background"
"a paper coffee cup is standing in the middle of the streets of New York, people can be seen in its background_4.png","a paper coffee cup is standing in the middle of the streets of New York, people can be seen in its background"
"a paper coffee cup is standing in the middle of the streets of New York, people can be seen in its background_3.png","a paper coffee cup is standing in the middle of the streets of New York, people can be seen in its background"
"a brown serum bottle is standing in the middle of the streets of New York, people can be seen in its background_0.png","a brown serum bottle is standing in the middle of the streets of New York, people can be seen in its background"
"a brown serum bottle is standing in the middle of the streets of New York, people can be seen in its background_1.png","a brown serum bottle is standing in the middle of the streets of New York, people can be seen in its background"
