image_file,caption
Black handbag on rock with some fern leaves infront of a solid background_2.png,Black handbag on rock with some fern leaves infront of a solid background
"yellow shampoo bottle, on a white rock platform with some strawberries with white background, with stones_3.png","yellow shampoo bottle, on a white rock platform with some strawberries with white background, with stones"
"yellow shampoo bottle, on a white rock platform with some strawberries with white background, with stones_2.png","yellow shampoo bottle, on a white rock platform with some strawberries with white background, with stones"
brown serum bottle on a rock infront of light greay background_3.png,brown serum bottle on a rock infront of light greay background
brown serum bottle on a rock infront of light greay background_2.png,brown serum bottle on a rock infront of light greay background
"beige shampoo bottle, on a white rock platform with some lemons, white background, with stones, close-up_1.png","beige shampoo bottle, on a white rock platform with some lemons, white background, with stones, close-up"
"blue water bottle, on a white rock platform with white background, with orchid angled view_9.png","blue water bottle, on a white rock platform with white background, with orchid angled view"
"beige shampoo bottle, on a white rock platform with some lemons with white background, with stones_2.png","beige shampoo bottle, on a white rock platform with some lemons with white background, with stones"
"blue water bottle, on white rock with some roses_3.png","blue water bottle, on white rock with some roses"
"blue water bottle, on white rock with some white roses_4.png","blue water bottle, on white rock with some white roses"
Black handbag on rock with some fern leaves infront of a solid background_1.png,Black handbag on rock with some fern leaves infront of a solid background
"blue water bottle, on a white rock platform with white background, with orchid angled view_6.png","blue water bottle, on a white rock platform with white background, with orchid angled view"
