image_file,caption
"A flower pot standing on a wooden stool, white background, some shadows, minimal_3.png","A flower pot standing on a wooden stool, white background, some shadows, minimal"
"A yellow purse standing on a wooden stool, white background, some shadows, minimal_1.png","A yellow purse standing on a wooden stool, white background, some shadows, minimal"
"A flower pot standing on a wooden stool, white background, some shadows, minimal_1.png","A flower pot standing on a wooden stool, white background, some shadows, minimal"
"A red bottle standing on a wooden stool, white background, some shadows, minimal_3.png","A red bottle standing on a wooden stool, white background, some shadows, minimal"
"A white speaker standing on a wooden stool, white background, some shadows, minimal _2.png","A white speaker standing on a wooden stool, white background, some shadows, minimal "
"A red bottle standing on a wooden stool, white background, some shadows, minimal_1.png","A red bottle standing on a wooden stool, white background, some shadows, minimal"
"A flower pot standing on a wooden stool, white background, some shadows, minimal_2.png","A flower pot standing on a wooden stool, white background, some shadows, minimal"
"A white speaker standing on a wooden stool, white background, some shadows, minimal_3.png","A white speaker standing on a wooden stool, white background, some shadows, minimal"
"A speaker standing on a wooden stool, white background, some shadows, minimal _1.png","A speaker standing on a wooden stool, white background, some shadows, minimal "
"A yellow purse standing on a wooden stool, white background, some shadows, minimal_3.png","A yellow purse standing on a wooden stool, white background, some shadows, minimal"
"A red bottle standing on a wooden stool, white background, some shadows, minimal_2.png","A red bottle standing on a wooden stool, white background, some shadows, minimal"
"A yellow purse standing on a wooden stool, white background, some shadows, minimal_2.png","A yellow purse standing on a wooden stool, white background, some shadows, minimal"
"A red bottle standing on a wooden stool, white background, some shadows, minimal_4.png","A red bottle standing on a wooden stool, white background, some shadows, minimal"
