image_file,caption
"product photoshoot of blue perfume on wooden kitchen table, bread behind the product, kitchen background, minimal_0.png","product photoshoot of blue perfume on wooden kitchen table, bread behind the product, kitchen background, minimal"
"product photoshoot of blue perfume on wooden kitchen table, bread behind the product, kitchen background, minimal_1.png","product photoshoot of blue perfume on wooden kitchen table, bread behind the product, kitchen background, minimal"
"product photoshoot of brown serum bottle on wooden kitchen table, bread behind the product, kitchen background, minimal_2.png","product photoshoot of brown serum bottle on wooden kitchen table, bread behind the product, kitchen background, minimal"
"product photoshoot of brown serum bottle on wooden kitchen table, bread behind the product, minimal_3.png","product photoshoot of brown serum bottle on wooden kitchen table, bread behind the product, minimal"
"product photoshoot of deo bottle with plain cap on wooden kitchen table, bread behind the product, kitchen background, minimal_4.png","product photoshoot of deo bottle with plain cap on wooden kitchen table, bread behind the product, kitchen background, minimal"
"product photoshoot of deo bottle with plain cap on wooden kitchen table, bread behind the product, kitchen background, minimal_5.png","product photoshoot of deo bottle with plain cap on wooden kitchen table, bread behind the product, kitchen background, minimal"
"product photoshoot of deo bottle with plain cap on wooden kitchen table, bread behind the product, kitchen background, minimal_6.png","product photoshoot of deo bottle with plain cap on wooden kitchen table, bread behind the product, kitchen background, minimal"
"product photoshoot of wine bottle with plain cap on wooden kitchen table, bread behind the product, kitchen background, minimal_7.png","product photoshoot of wine bottle with plain cap on wooden kitchen table, bread behind the product, kitchen background, minimal"
"product photoshoot of yellow water bottle with plain cap on wooden kitchen table, bread behind the product, kitchen background, minimal_8.png","product photoshoot of yellow water bottle with plain cap on wooden kitchen table, bread behind the product, kitchen background, minimal"
"product photoshoot of yellow water bottle with plain cap on wooden kitchen table, bread behind the product, kitchen background, minimal_9.png","product photoshoot of yellow water bottle with plain cap on wooden kitchen table, bread behind the product, kitchen background, minimal"
