image_file,caption
"A brown serum bottle with white label on a black surface with hexagonal pattern, bright golden light through the pattern_0.png","A brown serum bottle with white label on a black surface with hexagonal pattern, bright golden light through the pattern"
"top angle, A yellow skincare tube lying on a black surface with hexagonal pattern, bright golden light through the pattern_8.png","top angle, A yellow skincare tube lying on a black surface with hexagonal pattern, bright golden light through the pattern"
"top angle, A wine bottle with white label lying on a black surface with hexagonal pattern, bright golden light through the pattern_7.png","top angle, A wine bottle with white label lying on a black surface with hexagonal pattern, bright golden light through the pattern"
"top angle,sunglasses on a black surface with hexagonal pattern, bright golden light through the pattern_11.png","top angle,sunglasses on a black surface with hexagonal pattern, bright golden light through the pattern"
"top angle, A blue lotion bottle lying on a black surface with hexagonal pattern, bright golden light through the pattern_4.png","top angle, A blue lotion bottle lying on a black surface with hexagonal pattern, bright golden light through the pattern"
"top angle, A wine bottle lying on a black surface with hexagonal pattern, bright golden light through the pattern_6.png","top angle, A wine bottle lying on a black surface with hexagonal pattern, bright golden light through the pattern"
"top angle, A white skincare tube lying on a black surface with hexagonal pattern, bright golden light through the pattern_5.png","top angle, A white skincare tube lying on a black surface with hexagonal pattern, bright golden light through the pattern"
"top angle,sunglasses on a black surface with hexagonal pattern, bright golden light through the pattern_10.png","top angle,sunglasses on a black surface with hexagonal pattern, bright golden light through the pattern"
"A brown serum bottle with white label on a black surface with hexagonal pattern, bright golden light through the pattern_1.png","A brown serum bottle with white label on a black surface with hexagonal pattern, bright golden light through the pattern"
"top angle, A yellow skincare tube lying on a black surface with hexagonal pattern, bright golden light through the pattern_9.png","top angle, A yellow skincare tube lying on a black surface with hexagonal pattern, bright golden light through the pattern"
"top angle, A blue lotion bottle lying on a black surface with hexagonal pattern, bright golden light through the pattern_3.png","top angle, A blue lotion bottle lying on a black surface with hexagonal pattern, bright golden light through the pattern"
"A brown serum bottle with white label on a black surface with hexagonal pattern, bright golden light through the pattern_2.png","A brown serum bottle with white label on a black surface with hexagonal pattern, bright golden light through the pattern"
