image_file,caption
"A yellow facewash spray bottle, kept on white pedestal, the white platform is placed in the middle of the water, there is a portal with aesthetic flowers behind, divine light, product shoot_9.png","A yellow facewash spray bottle, kept on white pedestal, the white platform is placed in the middle of the water, there is a portal with aesthetic flowers behind, divine light, product shoot"
"A blue hand bag, kept on white pedestal, the white platform is placed in the middle of the water, there is a portal with aesthetic flowers behind, divine light, product shoot_0.png","A blue hand bag, kept on white pedestal, the white platform is placed in the middle of the water, there is a portal with aesthetic flowers behind, divine light, product shoot"
"A yellow facewash spray bottle, kept on white pedestal, the white platform is placed in the middle of the water, there is a portal with aesthetic flowers behind, divine light, product shoot_8.png","A yellow facewash spray bottle, kept on white pedestal, the white platform is placed in the middle of the water, there is a portal with aesthetic flowers behind, divine light, product shoot"
"A yellow facewash spray bottle, kept on white pedestal, the white platform is placed in the middle of the water, there is a portal with aesthetic flowers behind, divine light, product shoot_7.png","A yellow facewash spray bottle, kept on white pedestal, the white platform is placed in the middle of the water, there is a portal with aesthetic flowers behind, divine light, product shoot"
"A red perfume bottle, kept on white pedestal, the white platform is placed in the middle of the water, there is a portal with aesthetic flowers behind, divine light, product shoot_4.png","A red perfume bottle, kept on white pedestal, the white platform is placed in the middle of the water, there is a portal with aesthetic flowers behind, divine light, product shoot"
"A red perfume bottle, kept on white pedestal, the white platform is placed in the middle of the water, there is a portal with aesthetic flowers behind, divine light, product shoot_6.png","A red perfume bottle, kept on white pedestal, the white platform is placed in the middle of the water, there is a portal with aesthetic flowers behind, divine light, product shoot"
"A blue hand bag, kept on white pedestal, the white platform is placed in the middle of the water, there is a portal with aesthetic flowers behind, divine light, product shoot_1.png","A blue hand bag, kept on white pedestal, the white platform is placed in the middle of the water, there is a portal with aesthetic flowers behind, divine light, product shoot"
"A red perfume bottle, kept on white pedestal, the white platform is placed in the middle of the water, there is a portal with aesthetic flowers behind, divine light, product shoot_5.png","A red perfume bottle, kept on white pedestal, the white platform is placed in the middle of the water, there is a portal with aesthetic flowers behind, divine light, product shoot"
"A brown colored serum bottle, kept on white pedestal, the white platform is placed in the middle of the water, there is a portal with aesthetic flowers behind, divine light, product shoot_3.png","A brown colored serum bottle, kept on white pedestal, the white platform is placed in the middle of the water, there is a portal with aesthetic flowers behind, divine light, product shoot"
"A brown colored serum bottle, kept on white pedestal, the white platform is placed in the middle of the water, there is a portal with aesthetic flowers behind, divine light, product shoot_2.png","A brown colored serum bottle, kept on white pedestal, the white platform is placed in the middle of the water, there is a portal with aesthetic flowers behind, divine light, product shoot"
