image_file,caption
"a cream jar kept on a wooden branch with white flowers, product shoot_2.png","a cream jar kept on a wooden branch with white flowers, product shoot"
"a coffee mug kept on a wooden branch with white flowers, product shoot_3.png","a coffee mug kept on a wooden branch with white flowers, product shoot"
"a coffee mug kept on a wooden branch with white flowers, product shoot_4.png","a coffee mug kept on a wooden branch with white flowers, product shoot"
"a cosmetic sachet kept on a wooden branch with white flowers, product shoot_1.png","a cosmetic sachet kept on a wooden branch with white flowers, product shoot"
"a cosmetic sachet kept on a wooden branch with white flowers, product shoot_3.png","a cosmetic sachet kept on a wooden branch with white flowers, product shoot"
"a coffee mug kept on a wooden branch with white flowers, product shoot_2.png","a coffee mug kept on a wooden branch with white flowers, product shoot"
"a cosmetic sachet kept on a wooden branch with white flowers, product shoot_2.png","a cosmetic sachet kept on a wooden branch with white flowers, product shoot"
"a coffee mug kept on a wooden branch with white flowers, product shoot_1.png","a coffee mug kept on a wooden branch with white flowers, product shoot"
"a cream jar kept on a wooden branch with white flowers, product shoot_1.png","a cream jar kept on a wooden branch with white flowers, product shoot"
"a cream jar kept on a wooden branch with white flowers, product shoot_4.png","a cream jar kept on a wooden branch with white flowers, product shoot"
"a cream jar kept on a wooden branch with white flowers, product shoot_3.png","a cream jar kept on a wooden branch with white flowers, product shoot"
