image_file,caption
"top angle shot, brown serum bottle on a wooden platform on top of a white satin cloth_8.png","top angle shot, brown serum bottle on a wooden platform on top of a white satin cloth"
"top angle shot, brown serum bottle on a wooden platform on top of a white satin cloth_9.png","top angle shot, brown serum bottle on a wooden platform on top of a white satin cloth"
"top angle shot, brown serum bottle on a wooden platform on top of a white satin cloth_10.png","top angle shot, brown serum bottle on a wooden platform on top of a white satin cloth"
A necklace on a wooden platform on top of a white satin cloth_3.png,A necklace on a wooden platform on top of a white satin cloth
A necklace on a wooden platform on top of a white satin cloth_2.png,A necklace on a wooden platform on top of a white satin cloth
A necklace on a wooden platform on top of a white satin cloth_0.png,A necklace on a wooden platform on top of a white satin cloth
A necklace on a wooden platform on top of a white satin cloth_1.png,A necklace on a wooden platform on top of a white satin cloth
gold bangles on a wooden platform on top of a white satin cloth_6.png,gold bangles on a wooden platform on top of a white satin cloth
gold bangles on a wooden platform on top of a white satin cloth_7.png,gold bangles on a wooden platform on top of a white satin cloth
"top angle shot, silver earrings on a wooden platform on top of a white satin cloth_14.png","top angle shot, silver earrings on a wooden platform on top of a white satin cloth"
gold bangles on a wooden platform on top of a white satin cloth_5.png,gold bangles on a wooden platform on top of a white satin cloth
gold bangles on a wooden platform on top of a white satin cloth_4.png,gold bangles on a wooden platform on top of a white satin cloth
"top angle shot, silver earrings on a wooden platform on top of a white satin cloth_11.png","top angle shot, silver earrings on a wooden platform on top of a white satin cloth"
"top angle shot, silver earrings on a wooden platform on top of a white satin cloth_12.png","top angle shot, silver earrings on a wooden platform on top of a white satin cloth"
"top angle shot, silver earrings on a wooden platform on top of a white satin cloth_13.png","top angle shot, silver earrings on a wooden platform on top of a white satin cloth"
