image_file,caption
"top angle shot, A blue skincare tube lying on rose petals in a basket, dark background_0.png","top angle shot, A blue skincare tube lying on rose petals in a basket, dark background"
"top angle shot, A pink shampoo bottle lying on rose petals in a basket, dark background_5.png","top angle shot, A pink shampoo bottle lying on rose petals in a basket, dark background"
"top angle shot, A wine bottle lying on rose petals in a basket, dark background_8.png","top angle shot, A wine bottle lying on rose petals in a basket, dark background"
"top angle shot, A brown serum bottle lying on rose petals in a basket, dark background_1.png","top angle shot, A brown serum bottle lying on rose petals in a basket, dark background"
"top angle shot, A brown serum bottle lying on rose petals in a basket, dark background_3.png","top angle shot, A brown serum bottle lying on rose petals in a basket, dark background"
"top angle shot, A brown serum bottle lying on rose petals in a basket, dark background_2.png","top angle shot, A brown serum bottle lying on rose petals in a basket, dark background"
"top angle shot, A pink shampoo bottle lying on rose petals in a basket, dark background_4.png","top angle shot, A pink shampoo bottle lying on rose petals in a basket, dark background"
"top angle shot, A wine bottle lying on rose petals in a basket, dark background_9.png","top angle shot, A wine bottle lying on rose petals in a basket, dark background"
"top angle shot, A shampoo bottle lying on rose petals in a basket, dark background_6.png","top angle shot, A shampoo bottle lying on rose petals in a basket, dark background"
"top angle shot, A shampoo bottle lying on rose petals in a basket, dark background_7.png","top angle shot, A shampoo bottle lying on rose petals in a basket, dark background"
