image_file,caption
"A yellow skincare tube on an old wooden table, holi colors scatter in background behind_9.png","A yellow skincare tube on an old wooden table, holi colors scatter in background behind"
"A wine bottle on an old wooden table, holi colors scatter in background behind_6.png","A wine bottle on an old wooden table, holi colors scatter in background behind"
"A blue lotion bottle on an old wooden surface, holi colors scatter in background behind_1.png","A blue lotion bottle on an old wooden surface, holi colors scatter in background behind"
"A yellow skincare tube on an old wooden table, holi colors scatter in background behind_10.png","A yellow skincare tube on an old wooden table, holi colors scatter in background behind"
"A blue lotion bottle on an old wooden surface, holi colors scatter in background behind_2.png","A blue lotion bottle on an old wooden surface, holi colors scatter in background behind"
"A brown serum bottle on an old wooden surface, holi colors scatter in background behind_4.png","A brown serum bottle on an old wooden surface, holi colors scatter in background behind"
"A blue lotion bottle on an old wooden surface, holi colors scatter in background behind_0.png","A blue lotion bottle on an old wooden surface, holi colors scatter in background behind"
"A yellow skincare tube on an old wooden table, holi colors scatter in background behind_8.png","A yellow skincare tube on an old wooden table, holi colors scatter in background behind"
"A wine bottle on an old wooden table, holi colors scatter in background behind_7.png","A wine bottle on an old wooden table, holi colors scatter in background behind"
"A brown serum bottle on an old wooden surface, holi colors scatter in background behind_3.png","A brown serum bottle on an old wooden surface, holi colors scatter in background behind"
"A brown serum bottle on an old wooden surface, holi colors scatter in background behind_5.png","A brown serum bottle on an old wooden surface, holi colors scatter in background behind"
