image_file,caption
"sachet, kept on a platform with tiny flower petals spread around, shallow depth of field, fairy lights in the background, dark and religous theme, adjacent is a indian diya kept lit, product shoot of the sachet_6.png","sachet, kept on a platform with tiny flower petals spread around, shallow depth of field, fairy lights in the background, dark and religous theme, adjacent is a indian diya kept lit, product shoot of the sachet"
"plastic bottle, kept on a platform with tiny flower petals spread around, shallow depth of field, fairy lights in the background, dark and religous theme, adjacent is a indian diya kept lit, product shoot of the sachet_1.png","plastic bottle, kept on a platform with tiny flower petals spread around, shallow depth of field, fairy lights in the background, dark and religous theme, adjacent is a indian diya kept lit, product shoot of the sachet"
"sachet, kept on a platform with tiny flower petals spread around, shallow depth of field, fairy lights in the background, dark and religous theme, adjacent is a indian diya kept lit, product shoot of the sachet_1.png","sachet, kept on a platform with tiny flower petals spread around, shallow depth of field, fairy lights in the background, dark and religous theme, adjacent is a indian diya kept lit, product shoot of the sachet"
"A packet, kept on a platform with tiny flower petals spread around, shallow depth of field, fairy lights in the background, dark and religous theme, adjacent is a indian diya kept lit, product shoot of the sachet_2.png","A packet, kept on a platform with tiny flower petals spread around, shallow depth of field, fairy lights in the background, dark and religous theme, adjacent is a indian diya kept lit, product shoot of the sachet"
"plastic bottle, kept on a platform with tiny flower petals spread around, shallow depth of field, fairy lights in the background, dark and religous theme, adjacent is a indian diya kept lit, product shoot of the sachet_2.png","plastic bottle, kept on a platform with tiny flower petals spread around, shallow depth of field, fairy lights in the background, dark and religous theme, adjacent is a indian diya kept lit, product shoot of the sachet"
"A packet, kept on a platform with tiny flower petals spread around, shallow depth of field, fairy lights in the background, dark and religous theme, adjacent is a indian diya kept lit, product shoot of the sachet_7.png","A packet, kept on a platform with tiny flower petals spread around, shallow depth of field, fairy lights in the background, dark and religous theme, adjacent is a indian diya kept lit, product shoot of the sachet"
"sachet, kept on a platform with tiny flower petals spread around, shallow depth of field, fairy lights in the background, dark and religous theme, adjacent is a indian diya kept lit, product shoot of the sachet_3.png","sachet, kept on a platform with tiny flower petals spread around, shallow depth of field, fairy lights in the background, dark and religous theme, adjacent is a indian diya kept lit, product shoot of the sachet"
"sachet, kept on a platform with tiny flower petals spread around, shallow depth of field, fairy lights in the background, dark and religous theme, adjacent is a indian diya kept lit, product shoot of the sachet_5.png","sachet, kept on a platform with tiny flower petals spread around, shallow depth of field, fairy lights in the background, dark and religous theme, adjacent is a indian diya kept lit, product shoot of the sachet"
"sachet, kept on a platform with tiny flower petals spread around, shallow depth of field, fairy lights in the background, dark and religous theme, adjacent is a indian diya kept lit, product shoot of the sachet_4.png","sachet, kept on a platform with tiny flower petals spread around, shallow depth of field, fairy lights in the background, dark and religous theme, adjacent is a indian diya kept lit, product shoot of the sachet"
"A gift box, kept on a platform with tiny flower petals spread around, shallow depth of field, fairy lights in the background, dark and religous theme, adjacent is a indian diya kept lit, product shoot of the sachet_8.png","A gift box, kept on a platform with tiny flower petals spread around, shallow depth of field, fairy lights in the background, dark and religous theme, adjacent is a indian diya kept lit, product shoot of the sachet"
"plastic bottle, kept on a platform with tiny flower petals spread around, shallow depth of field, fairy lights in the background, dark and religous theme, adjacent is a indian diya kept lit, product shoot of the sachet_3.png","plastic bottle, kept on a platform with tiny flower petals spread around, shallow depth of field, fairy lights in the background, dark and religous theme, adjacent is a indian diya kept lit, product shoot of the sachet"
"bottle, kept on a platform with tiny flower petals spread around, shallow depth of field, fairy lights in the background, dark and religous theme, adjacent is a indian diya kept lit, product shoot of the sachet_4.png","bottle, kept on a platform with tiny flower petals spread around, shallow depth of field, fairy lights in the background, dark and religous theme, adjacent is a indian diya kept lit, product shoot of the sachet"
