image_file,caption
"product photoshoot of a blue perfume bottle on wet dark sand, dense greenery in background, highly detailed sand, low angle shot_0.png","product photoshoot of a blue perfume bottle on wet dark sand, dense greenery in background, highly detailed sand, low angle shot"
"product photoshoot of a blue perfume bottle on wet dark sand, dense greenery in background, highly detailed sand, low angle shot_1.png","product photoshoot of a blue perfume bottle on wet dark sand, dense greenery in background, highly detailed sand, low angle shot"
"product photoshoot of a brown deo bottle on wet dark sand, dense greenery in background, highly detailed sand, low angle shot_2.png","product photoshoot of a brown deo bottle on wet dark sand, dense greenery in background, highly detailed sand, low angle shot"
"product photoshoot of a brown deo bottle on wet dark sand, dense greenery in background, highly detailed sand, low angle shot_3.png","product photoshoot of a brown deo bottle on wet dark sand, dense greenery in background, highly detailed sand, low angle shot"
"product photoshoot of a brown deo bottle on wet dark sand, dense greenery in background, highly detailed sand, low angle shot_4.png","product photoshoot of a brown deo bottle on wet dark sand, dense greenery in background, highly detailed sand, low angle shot"
"product photoshoot of a brown serum bottle on wet dark sand, dense greenery in background, highly detailed sand, low angle shot_5.png","product photoshoot of a brown serum bottle on wet dark sand, dense greenery in background, highly detailed sand, low angle shot"
"product photoshoot of a brown serum bottle on wet dark sand, dense greenery in background, highly detailed sand, low angle shot_6.png","product photoshoot of a brown serum bottle on wet dark sand, dense greenery in background, highly detailed sand, low angle shot"
"product photoshoot of a skincare tube on wet dark sand, dense greenery in background, highly detailed sand, low angle shot_7.png","product photoshoot of a skincare tube on wet dark sand, dense greenery in background, highly detailed sand, low angle shot"
"product photoshoot of a skincare tube on wet dark sand, dense greenery in background, highly detailed sand, low angle shot_8.png","product photoshoot of a skincare tube on wet dark sand, dense greenery in background, highly detailed sand, low angle shot"
"product photoshoot of a solid red bottle with plain cap on wet dark sand, dense greenery in background, highly detailed sand, low angle shot_10.png","product photoshoot of a solid red bottle with plain cap on wet dark sand, dense greenery in background, highly detailed sand, low angle shot"
"product photoshoot of a solid red bottle with plain cap on wet dark sand, dense greenery in background, highly detailed sand, low angle shot_9.png","product photoshoot of a solid red bottle with plain cap on wet dark sand, dense greenery in background, highly detailed sand, low angle shot"
