image_file,caption
"A baby unicorn toy in a children's room, product shot_3.png","A baby unicorn toy in a children's room, product shot"
"A teddy bear toy in a children's room, product shot_7.png","A teddy bear toy in a children's room, product shot"
"A baby unicorn toy in a children's room, product shot_1.png","A baby unicorn toy in a children's room, product shot"
"A white rabbit toy in a children's room, product shot_8.png","A white rabbit toy in a children's room, product shot"
"A baby rhino toy in a children's room, product shot_0.png","A baby rhino toy in a children's room, product shot"
"A white rabbit toy in a children's room, product shot_9.png","A white rabbit toy in a children's room, product shot"
"A children's rocket toy in a children's room, product shot_5.png","A children's rocket toy in a children's room, product shot"
"A teddy bear toy in a children's room, product shot_6.png","A teddy bear toy in a children's room, product shot"
"A children's rocket toy in a children's room, product shot_4.png","A children's rocket toy in a children's room, product shot"
"A baby unicorn toy in a children's room, product shot_2.png","A baby unicorn toy in a children's room, product shot"
