image_file,caption
product photoshoot of brown serum bottle on clouds with whales flying in blue sky in the background_2.png,product photoshoot of brown serum bottle on clouds with whales flying in blue sky in the background
product photoshoot of wine bottle on clouds with whales flying in blue sky in the background_7.png,product photoshoot of wine bottle on clouds with whales flying in blue sky in the background
product photoshoot of yellow bagpack on clouds with whales flying in blue sky in the background_9.png,product photoshoot of yellow bagpack on clouds with whales flying in blue sky in the background
product photoshoot of skincare tube on clouds with whales flying in blue sky in the background_6.png,product photoshoot of skincare tube on clouds with whales flying in blue sky in the background
product photoshoot of wine bottle on clouds with whales flying in blue sky in the background_8.png,product photoshoot of wine bottle on clouds with whales flying in blue sky in the background
product photoshoot of skincare tube on clouds with whales flying in blue sky in the background_5.png,product photoshoot of skincare tube on clouds with whales flying in blue sky in the background
product photoshoot of blue perfume bottle on clouds with whales flying in blue sky in the background_0.png,product photoshoot of blue perfume bottle on clouds with whales flying in blue sky in the background
product photoshoot of brown serum bottle on clouds with whales flying in blue sky in the background_1.png,product photoshoot of brown serum bottle on clouds with whales flying in blue sky in the background
product photoshoot of yellow bagpack on clouds with whales flying in blue sky in the background_10.png,product photoshoot of yellow bagpack on clouds with whales flying in blue sky in the background
product photoshoot of skincare tube on clouds with whales flying in blue sky in the background_4.png,product photoshoot of skincare tube on clouds with whales flying in blue sky in the background
product photoshoot of red bottle on clouds with whales flying in blue sky in the background_3.png,product photoshoot of red bottle on clouds with whales flying in blue sky in the background
