image_file,caption
An yellow lotion bottle on a yellow towel on a wooden table_12.png,An yellow lotion bottle on a yellow towel on a wooden table
A pink perfume standing on a red towel on a wooden table_1.png,A pink perfume standing on a red towel on a wooden table
An brown serum bottle on a white towel on a wooden table_7.png,An brown serum bottle on a white towel on a wooden table
"An brown serum bottle on a white towel on a wooden table, black background_8.png","An brown serum bottle on a white towel on a wooden table, black background"
An brown serum bottle on a white towel on a wooden table_6.png,An brown serum bottle on a white towel on a wooden table
An orange skincare tube standing on an orange towel on a wooden table_10.png,An orange skincare tube standing on an orange towel on a wooden table
An blue skincare tube on a blue towel on a wooden table_2.png,An blue skincare tube on a blue towel on a wooden table
"An brown serum bottle on a white towel on a wooden table, black background_9.png","An brown serum bottle on a white towel on a wooden table, black background"
An blue skincare tube standing on a blue towel on a wooden table_4.png,An blue skincare tube standing on a blue towel on a wooden table
An orange skincare tube standing on an orange towel on a wooden table_11.png,An orange skincare tube standing on an orange towel on a wooden table
A pink perfume standing on a red towel on a wooden table_0.png,A pink perfume standing on a red towel on a wooden table
An blue skincare tube on a blue towel on a wooden table_3.png,An blue skincare tube on a blue towel on a wooden table
An blue skincare tube standing on a blue towel on a wooden table_5.png,An blue skincare tube standing on a blue towel on a wooden table
