image_file,caption
"a blue shampoo bottle on a moon set, a starry sky, bright light, ads_0.png","a blue shampoo bottle on a moon set, a starry sky, bright light, ads"
"a brown serum bottle on a moon set, a starry sky, bright light, ads_6.png","a brown serum bottle on a moon set, a starry sky, bright light, ads"
"a bottle of gin on a moon set, a starry sky, bright light, ads_3.png","a bottle of gin on a moon set, a starry sky, bright light, ads"
"a brown serum bottle on a moon set, a starry sky, bright light, ads_8.png","a brown serum bottle on a moon set, a starry sky, bright light, ads"
"a bottle of gin on a moon set, a starry sky, bright light, ads_5.png","a bottle of gin on a moon set, a starry sky, bright light, ads"
"a white skincare tube on a moon set, a starry sky, bright light, ads_9.png","a white skincare tube on a moon set, a starry sky, bright light, ads"
"a blue shampoo bottle on a moon set, a starry sky, bright light, ads_2.png","a blue shampoo bottle on a moon set, a starry sky, bright light, ads"
"a white skincare tube on a moon set, a starry sky, bright light, ads_10.png","a white skincare tube on a moon set, a starry sky, bright light, ads"
"a bottle of gin on a moon set, a starry sky, bright light, ads_4.png","a bottle of gin on a moon set, a starry sky, bright light, ads"
"a brown serum bottle on a moon set, a starry sky, bright light, ads_7.png","a brown serum bottle on a moon set, a starry sky, bright light, ads"
"a blue shampoo bottle on a moon set, a starry sky, bright light, ads_1.png","a blue shampoo bottle on a moon set, a starry sky, bright light, ads"
