image_file,caption
"A_purple_jar_on_a_white_counter_on_corner,_next_to_a_pink_wall_and_white_curtain_on_other_side_2.png","A purple jar on a white counter on corner, next to a pink wall and white curtain on other side"
"close_up_of_a_red_perfume_bottle_on_a_white_counter_next_to_few_rose_petals,_next_to_a_beige_wall,_white_curtain_on_other_side_0.png","close up of a red perfume bottle on a white counter next to few rose petals, next to a beige wall, white curtain on other side"
A_pink_perfume_on_a_pink_counter_in_front_of_a_pink_background_0.png,A pink perfume on a pink counter in front of a pink background
"close_up_of_a_yellow_bottle_on_a_white_counter_on_corner,_next_to_a_beige_wall_and_white_curtain_on_other_side_0.png","close up of a yellow bottle on a white counter on corner, next to a beige wall and white curtain on other side"
"close_up_of_a_purple_jar_on_a_white_counter_on_corner,_next_to_a_pink_wall_and_white_curtain_on_other_side_0.png","close up of a purple jar on a white counter on corner, next to a pink wall and white curtain on other side"
"close_up_of_a_purple_jar_on_a_white_counter_on_corner,_next_to_a_pink_wall_and_white_curtain_on_other_side_1.png","close up of a purple jar on a white counter on corner, next to a pink wall and white curtain on other side"
"A_purple_jar_on_a_white_counter_on_corner,_next_to_a_pink_wall_and_white_curtain_on_other_side_0.png","A purple jar on a white counter on corner, next to a pink wall and white curtain on other side"
"close_up_of_a_yellow_bottle_on_a_white_counter,_next_to_a_beige_wall_and_white_curtain_on_other_side_1.png","close up of a yellow bottle on a white counter, next to a beige wall and white curtain on other side"
"close_up_of_a_red_perfume_bottle_on_a_white_counter_next_to_few_rose_petals,_next_to_a_beige_wall,_white_curtain_on_other_side_1.png","close up of a red perfume bottle on a white counter next to few rose petals, next to a beige wall, white curtain on other side"
"close_up_of_a_yellow_bottle_on_a_white_counter_on_corner,_next_to_a_beige_wall_and_white_curtain_on_other_side_1.png","close up of a yellow bottle on a white counter on corner, next to a beige wall and white curtain on other side"
"A_purple_jar_on_a_white_counter_on_corner,_next_to_a_pink_wall_and_white_curtain_on_other_side_1.png","A purple jar on a white counter on corner, next to a pink wall and white curtain on other side"
"close_up_of_a_red_perfume_bottle_on_a_white_counter_next_to_few_rose_petals,_next_to_a_beige_wall,_white_curtain_on_other_side_2.png","close up of a red perfume bottle on a white counter next to few rose petals, next to a beige wall, white curtain on other side"
"close_up_of_a_red_perfume_bottle_on_a_white_counter_next_to_few_rose_petals,_next_to_a_beige_wall,_white_curtain_on_other_side_3.png","close up of a red perfume bottle on a white counter next to few rose petals, next to a beige wall, white curtain on other side"
"close_up_of_a_yellow_bottle_on_a_white_counter,_next_to_a_beige_wall_and_white_curtain_on_other_side_0.png","close up of a yellow bottle on a white counter, next to a beige wall and white curtain on other side"
