image_file,caption
"top angle shot, a brown serum bottle on a white background surrounded by few orange slices, few white flowers_0.png","top angle shot, a brown serum bottle on a white background surrounded by few orange slices, few white flowers"
"top angle shot, a brown serum bottle on a white background surrounded by few orange slices, few white flowers_1.png","top angle shot, a brown serum bottle on a white background surrounded by few orange slices, few white flowers"
"top angle shot, a ketchup bottle on a white background surrounded by few tomato, few white flowers_2.png","top angle shot, a ketchup bottle on a white background surrounded by few tomato, few white flowers"
"top angle shot, a ketchup bottle on a white background surrounded by few tomato, few white flowers_3.png","top angle shot, a ketchup bottle on a white background surrounded by few tomato, few white flowers"
"top angle shot, a white perfume bottle on a white background surrounded by few strawberries, few white flowers_4.png","top angle shot, a white perfume bottle on a white background surrounded by few strawberries, few white flowers"
"top angle shot, a white perfume bottle on a white background surrounded by few strawberries, few white flowers_5.png","top angle shot, a white perfume bottle on a white background surrounded by few strawberries, few white flowers"
"top angle shot, a white perfume bottle on a white background surrounded by few strawberries, few white flowers_6.png","top angle shot, a white perfume bottle on a white background surrounded by few strawberries, few white flowers"
"top angle shot, a wine bottle on a white background surrounded by few lemon slices, few white flowers_7.png","top angle shot, a wine bottle on a white background surrounded by few lemon slices, few white flowers"
"top angle shot, a wine bottle on a white background surrounded by few lemon slices, few white flowers_8.png","top angle shot, a wine bottle on a white background surrounded by few lemon slices, few white flowers"
"top angle shot, a wine bottle on a white background surrounded by few lemon slices, few white flowers_9.png","top angle shot, a wine bottle on a white background surrounded by few lemon slices, few white flowers"
