image_file,caption
A black perfume on a white platform in front of wall with a shadow of a man holding a women_4.png,A black perfume on a white platform in front of wall with a shadow of a man holding a women
"closeup, a wine bottle on a white platform in front of wall with a shadow of a man_9.png","closeup, a wine bottle on a white platform in front of wall with a shadow of a man"
A black perfume on a white platform in front of wall with a shadow of a man holding a women_2.png,A black perfume on a white platform in front of wall with a shadow of a man holding a women
A black perfume on a white platform in front of wall with a shadow of a man holding a women_3.png,A black perfume on a white platform in front of wall with a shadow of a man holding a women
A beer bottle on a white platform in front of wall with a shadow of a man holding a women_1.png,A beer bottle on a white platform in front of wall with a shadow of a man holding a women
A beer bottle on a white platform in front of wall with a shadow of a man holding a women_0.png,A beer bottle on a white platform in front of wall with a shadow of a man holding a women
"closeup, a black perfume on a white platform in front of wall with a shadow of a man_5.png","closeup, a black perfume on a white platform in front of wall with a shadow of a man"
"closeup, a black perfume on a white platform in front of wall with a shadow of a man_7.png","closeup, a black perfume on a white platform in front of wall with a shadow of a man"
"closeup, a black perfume on a white platform in front of wall with a shadow of a man_6.png","closeup, a black perfume on a white platform in front of wall with a shadow of a man"
"closeup, a black perfume on a white platform in front of wall with a shadow of a man_8.png","closeup, a black perfume on a white platform in front of wall with a shadow of a man"
